path,size,mtime_ns,sha256,category,reason,destination
Live2D/CHARACTER_PRODUCTION_WORKFLOW.md,32730,1790589134353707600,016f2e7431570e19eb1bf6d07503a5dc5f349ad5faa82b657f9e103788d55570,already_tracked,Preserve existing tracked file and user changes,
Live2D/README.md,17449,1790311559044432400,76bb98aea7241360cdb0d33be53ba17951028bdd73c1524b83b648dde52d8c14,already_tracked,Preserve existing tracked file and user changes,
Live2D/future/ai_partner_integration.md,2986,1789819989898055600,506d85e5e22ea5129c1674c8e5705e0b03a9e2e3f611802ab56edeee90414599,already_tracked,Preserve existing tracked file and user changes,
Live2D/model-ren-asagiri/AGENTS.md,6248,1790410410806505700,ca0c8b0895e3348a4b36848d918fd3bbba92ea34d1f309fd2795013241a66c18,already_tracked,Preserve existing tracked file and user changes,
Live2D/model-ren-asagiri/decisions.md,4139,1789820044944442500,7acf89fcd6c7e1896d32230daf19e7106c454f3b784b799eccd27230a65d4bac,already_tracked,Preserve existing tracked file and user changes,
Live2D/model-ren-asagiri/implementation_plan.md,8431,1789819989897054800,6b3a58ab718406ac269f6952050e7f5e91291a14c145ebc6d8d1a4bbd0a6c281,already_tracked,Preserve existing tracked file and user changes,
Live2D/model-ren-asagiri/product_brief.md,6223,1789819989896056100,a78f27c6a67ac0ffa9f38302bf7d1395e7f2ce8210bec7644fca8135daa13953,already_tracked,Preserve existing tracked file and user changes,
Live2D/model-ren-asagiri/README.md,7012,1790410410811506400,130b0030fa1e7599e583f26a8d7167911558d2efcd54fe71ea2d49fd8db9eda7,already_tracked,Preserve existing tracked file and user changes,
Live2D/model-ren-asagiri/ren-asagiri.aisp,21241,1790314647397684000,aeaa7488c98041aaa4139a64b6f0a48d26f07f3d620716d4da9b763ed4d88ce5,git_document_or_project,"Production documentation, reusable template, or distinct voice project",
Live2D/model-ren-asagiri/repository_layout.md,5018,1789820092210362800,69697e5f58d2ab664c0380cf1c6be7f2c6deac9af36159df9d2e52a19386a5bb,already_tracked,Preserve existing tracked file and user changes,
Live2D/model-ren-asagiri/art/archive/20260924-old-head-assets/front_manifest_before_archive.json,12899,1789961925928322200,877eb8597581f033e4bd956faad379ca224b37b1dc388cc01045370540aebbb0,already_tracked,Preserve existing tracked file and user changes,
Live2D/model-ren-asagiri/art/archive/20260924-old-head-assets/migration_manifest.json,155934,1790226981151209200,74ce552dd551edfd89d54a75bfd3d9a8d999805fd5c42517dd3102bee89257bb,already_tracked,Preserve existing tracked file and user changes,
Live2D/model-ren-asagiri/art/archive/20260924-old-head-assets/model_README_before_archive.md,7460,1790223377821102200,98eae380209b2aa520fcb59aca00e156464c8ef331db1319c6ae0931e9145d57,already_tracked,Preserve existing tracked file and user changes,
Live2D/model-ren-asagiri/art/archive/20260924-old-head-assets/README.md,950,1790227163517751200,21c1a0c66c0b7e38c339584e28a8bb822e5a627ca7cf27bd5a1d0bd3d114cc48,already_tracked,Preserve existing tracked file and user changes,
Live2D/model-ren-asagiri/art/archive/20260924-old-head-assets/art/blink_assembly_v001/acceptance.json,554,1790035105047038500,836ca50c7cbfc2cb5266ae787257975b539c61493faa478c017321c0f24279db,already_tracked,Preserve existing tracked file and user changes,
Live2D/model-ren-asagiri/art/archive/20260924-old-head-assets/art/blink_assembly_v001/blink_preview.gif,639925,1790033458428590900,9b11af7f5b47878bcb0a56bbf12f2901426263b0828a972ca88096aa14a42707,local_archive,Historical archive excluded by default; no deletion,
Live2D/model-ren-asagiri/art/archive/20260924-old-head-assets/art/blink_assembly_v001/blink_states.jpg,132312,1790033454268148300,52f39e37b0ed3c5f84b1ad4b5dd8829ac7f49848446c5498c6b583e56af41208,local_archive,Historical archive excluded by default; no deletion,
Live2D/model-ren-asagiri/art/archive/20260924-old-head-assets/art/blink_assembly_v001/build_blink.py,6985,1790033451572226500,1afc62972c8cca6b04a6ba994d8bf599be8abb1f486cdc4f6c2447fb7afac03a,already_tracked,Preserve existing tracked file and user changes,
Live2D/model-ren-asagiri/art/archive/20260924-old-head-assets/art/blink_assembly_v001/input_contact_sheet.jpg,42772,1790033196749438300,6dbd8de079b34dec60f8e814f30ed4feadaaeca27705749fd07f23e894830dbf,local_archive,Historical archive excluded by default; no deletion,
Live2D/model-ren-asagiri/art/archive/20260924-old-head-assets/art/blink_assembly_v001/README.md,4363,1790035087513712200,00531379d01815bdb99765125958b8c94a8227e9a4c9c125d34165ca2aed9345,already_tracked,Preserve existing tracked file and user changes,
Live2D/model-ren-asagiri/art/archive/20260924-old-head-assets/art/blink_assembly_v001/validation.json,1781,1790033458430590700,88d5acda27fa5ebdcfc179b6793ad300dab84b0257f3c7c38442d7fa19ba9107,already_tracked,Preserve existing tracked file and user changes,
Live2D/model-ren-asagiri/art/archive/20260924-old-head-assets/art/blink_assembly_v001/closed/assembled.png,139384,1790033463344612100,300017b979e937fa1b2be3a5e27a27af188c8f37411e4293a4003a66518fb19a,local_archive,Historical archive excluded by default; no deletion,
Live2D/model-ren-asagiri/art/archive/20260924-old-head-assets/art/blink_assembly_v001/closed/independent_verification.json,912,1790033466111016200,da307214cf10b3a2cfacda570e8ead5361a700f347a2732550abc43127ac8777,already_tracked,Preserve existing tracked file and user changes,
Live2D/model-ren-asagiri/art/archive/20260924-old-head-assets/art/blink_assembly_v001/closed/manifest.json,3776,1790033454230635700,3b07b5117b9add33937974620b77efc14e2588ce68307ba51e9e3c5fa6fe48f4,already_tracked,Preserve existing tracked file and user changes,
Live2D/model-ren-asagiri/art/archive/20260924-old-head-assets/art/blink_assembly_v001/closed/preview.png,137068,1790033463379134400,9140dc03efd2701d416ed3be80a1fc0b3790adddaf33fffec07c3321a8266864,local_archive,Historical archive excluded by default; no deletion,
Live2D/model-ren-asagiri/art/archive/20260924-old-head-assets/art/blink_assembly_v001/closed/psd_verification.json,12875,1790033463450137100,9a44e1ab78995e22537cc233e54926026b388a9d1e5fc76d2982c787d1e51a52,already_tracked,Preserve existing tracked file and user changes,
Live2D/model-ren-asagiri/art/archive/20260924-old-head-assets/art/blink_assembly_v001/closed/python_composite.png,135468,1790033454247637300,ca3c5d4cafa880e0abd78c7de9a5ccf5ac47a115a0937f82128ff2fd1005b482,local_archive,Historical archive excluded by default; no deletion,
Live2D/model-ren-asagiri/art/archive/20260924-old-head-assets/art/blink_assembly_v001/closed/Ren_eyes_closed_v001.psd,685947,1790033463310608700,1a40906ca18214220d12f62cf5249bc4345e8ff401f641506d93fdde0d227ff4,local_archive,Historical archive excluded by default; no deletion,
Live2D/model-ren-asagiri/art/archive/20260924-old-head-assets/art/blink_assembly_v001/closed/parts/eye_white_L.png,70,1790033454216635800,c2153f77e11087fcb078ae38527fa83bef29791e3700e30cc87fec4405a66d0f,local_archive,Historical archive excluded by default; no deletion,
Live2D/model-ren-asagiri/art/archive/20260924-old-head-assets/art/blink_assembly_v001/closed/parts/eye_white_R.png,70,1790033454213632100,c2153f77e11087fcb078ae38527fa83bef29791e3700e30cc87fec4405a66d0f,local_archive,Historical archive excluded by default; no deletion,
Live2D/model-ren-asagiri/art/archive/20260924-old-head-assets/art/blink_assembly_v001/closed/parts/face_underfill.png,112626,1790033454213632100,007b7d3fe9da06d078b572eddc32442e65ad15dcda12fda429f1fac69b78c5ae,local_archive,Historical archive excluded by default; no deletion,
Live2D/model-ren-asagiri/art/archive/20260924-old-head-assets/art/blink_assembly_v001/closed/parts/iris_L.png,70,1790033454217635900,c2153f77e11087fcb078ae38527fa83bef29791e3700e30cc87fec4405a66d0f,local_archive,Historical archive excluded by default; no deletion,
Live2D/model-ren-asagiri/art/archive/20260924-old-head-assets/art/blink_assembly_v001/closed/parts/iris_R.png,70,1790033454214636100,c2153f77e11087fcb078ae38527fa83bef29791e3700e30cc87fec4405a66d0f,local_archive,Historical archive excluded by default; no deletion,
Live2D/model-ren-asagiri/art/archive/20260924-old-head-assets/art/blink_assembly_v001/closed/parts/REF_ALT_eyelash_upper_L.png,12848,1790033454221635900,b43c14807fc8450c0d7a75316222ba5f2b45cd47d5939c2ac411803a5f029c49,local_archive,Historical archive excluded by default; no deletion,
Live2D/model-ren-asagiri/art/archive/20260924-old-head-assets/art/blink_assembly_v001/closed/parts/REF_ALT_eyelash_upper_R.png,13024,1790033454226633400,951373a298d1ef24880862ccc660c29acb256639dbbf361b22712eb58365098e,local_archive,Historical archive excluded by default; no deletion,
Live2D/model-ren-asagiri/art/archive/20260924-old-head-assets/art/blink_assembly_v001/closed/parts/REF_ALT_iris_L_blue.png,24809,1790033454222635600,50907795ad7e5f45c5cd4e0bb190b79a28472577c3b54dfadcee8a15bd39bcbf,local_archive,Historical archive excluded by default; no deletion,
Live2D/model-ren-asagiri/art/archive/20260924-old-head-assets/art/blink_assembly_v001/closed/parts/REF_ALT_iris_R_brown.png,24823,1790033454227635800,6613780f59fbe80a304284071e730678b3742617df31125e51dc51ed02ecc8d8,local_archive,Historical archive excluded by default; no deletion,
Live2D/model-ren-asagiri/art/archive/20260924-old-head-assets/art/blink_assembly_v001/closed/parts/REF_eyelash_upper_L_original.png,10316,1790033454224635400,16627fefbee13d0acdc74f51dd30b8d39c579a24188207ce5bf586e72ee19b3f,local_archive,Historical archive excluded by default; no deletion,
Live2D/model-ren-asagiri/art/archive/20260924-old-head-assets/art/blink_assembly_v001/closed/parts/REF_eyelash_upper_R_original.png,11605,1790033454229635700,8f835115457cd65717e262fba8e6ea10d3462e36e7bef75a2f8a1b91fecba229,local_archive,Historical archive excluded by default; no deletion,
Live2D/model-ren-asagiri/art/archive/20260924-old-head-assets/art/blink_assembly_v001/closed/parts/REF_FILL_eye_white_L.png,4420,1790033454220633900,67eb063379dadeaa868519db33998b5394b0c295f8bdbd3dfb5e50e306f146be,local_archive,Historical archive excluded by default; no deletion,
Live2D/model-ren-asagiri/art/archive/20260924-old-head-assets/art/blink_assembly_v001/closed/parts/REF_FILL_eye_white_R.png,4073,1790033454225634700,d8443db5527946561919ab85b1b3c1fa4d9c1de347f7a5323e620addc3ede87d,local_archive,Historical archive excluded by default; no deletion,
Live2D/model-ren-asagiri/art/archive/20260924-old-head-assets/art/blink_assembly_v001/closed/parts/REF_iris_L_original.png,13945,1790033454223635500,4431a401f0f7f09afe6ba071a3dd91bffc5c3ecf06b947a905fb38d94da08b75,local_archive,Historical archive excluded by default; no deletion,
Live2D/model-ren-asagiri/art/archive/20260924-old-head-assets/art/blink_assembly_v001/closed/parts/REF_iris_R_original.png,14111,1790033454228635500,cab3cf00d937f86194fd6963054eb14f8931b9ad9f7c860ecd815e508ae6c87a,local_archive,Historical archive excluded by default; no deletion,
Live2D/model-ren-asagiri/art/archive/20260924-old-head-assets/art/blink_assembly_v001/closed/parts/REF_Upper_eyelid_left.png,5175,1790033454219632500,1ae6cdc8df1a7207e92ee9b7b294a63c5e922f625e385df1cbea2ffe02b2e2dc,local_archive,Historical archive excluded by default; no deletion,
Live2D/model-ren-asagiri/art/archive/20260924-old-head-assets/art/blink_assembly_v001/closed/parts/REF_Upper_eyelid_right.png,5805,1790033454219632500,b8fa034bb15987c8e6041d5d3146b49096c5b428971d65077356def3579d85d5,local_archive,Historical archive excluded by default; no deletion,
Live2D/model-ren-asagiri/art/archive/20260924-old-head-assets/art/blink_assembly_v001/closed/parts/upper_crease_L.png,3481,1790033454218635500,60c0038fba6cdda555a7e9108fd00451de628e9a1c28cf9e0d12ca45e11d4a49,local_archive,Historical archive excluded by default; no deletion,
Live2D/model-ren-asagiri/art/archive/20260924-old-head-assets/art/blink_assembly_v001/closed/parts/upper_crease_R.png,3863,1790033454216635800,49c40b46c2649e34ca61a4903ee0bc9f8ee576b0c1f316906ef94e88f7033790,local_archive,Historical archive excluded by default; no deletion,
Live2D/model-ren-asagiri/art/archive/20260924-old-head-assets/art/blink_assembly_v001/closed/parts/upper_lash_L.png,6247,1790033454217635900,2cf9a89c6126e1d5d8666daf39a98a61977e55a4b39ed78ccb99b21747210b38,local_archive,Historical archive excluded by default; no deletion,
Live2D/model-ren-asagiri/art/archive/20260924-old-head-assets/art/blink_assembly_v001/closed/parts/upper_lash_R.png,6390,1790033454215635700,a99413e539c7199b2507dbe326275245f17804e0d8a72b4796b7ad1dd62625d2,local_archive,Historical archive excluded by default; no deletion,
Live2D/model-ren-asagiri/art/archive/20260924-old-head-assets/art/blink_assembly_v001/half/assembled.png,162951,1790033461681875000,1b1abc32c683a72a3f668c006403b4a8b8f664e6b74f7c87c061d10adc919ecf,local_archive,Historical archive excluded by default; no deletion,
Live2D/model-ren-asagiri/art/archive/20260924-old-head-assets/art/blink_assembly_v001/half/independent_verification.json,927,1790033466308858200,1afe03befcea16018468d2ee164bcf4ae4f181c91dc2017d778ad2952bc6d734,already_tracked,Preserve existing tracked file and user changes,
Live2D/model-ren-asagiri/art/archive/20260924-old-head-assets/art/blink_assembly_v001/half/manifest.json,3790,1790033453856183800,1d2571ecf6ac1e4e4bba9aed8b2566b46da4341020a38c55269f0efc71c91d60,already_tracked,Preserve existing tracked file and user changes,
Live2D/model-ren-asagiri/art/archive/20260924-old-head-assets/art/blink_assembly_v001/half/preview.png,160836,1790033461718382900,bcb408a59fcaf15a64e5eeba9af78bd51c1f0cf1f26dc07c574a042f382e8ac4,local_archive,Historical archive excluded by default; no deletion,
Live2D/model-ren-asagiri/art/archive/20260924-old-head-assets/art/blink_assembly_v001/half/psd_verification.json,13269,1790033461795604800,afd059f62cce27fa701eacee63f0bf4abfe43dc71cfd1fbea1fd7bbbe6da6116,already_tracked,Preserve existing tracked file and user changes,
Live2D/model-ren-asagiri/art/archive/20260924-old-head-assets/art/blink_assembly_v001/half/python_composite.png,160506,1790033453873702100,812a33528edb52a86d9af0a0f5c118e8508345e727a2b622964f51127cb4f9dc,local_archive,Historical archive excluded by default; no deletion,
Live2D/model-ren-asagiri/art/archive/20260924-old-head-assets/art/blink_assembly_v001/half/Ren_eyes_half_v001.psd,756808,1790033461647238900,5adf87d44f31e2d5bd0fee5b4348ce80fefdcf593350c7a1ce684e0dd4882a40,local_archive,Historical archive excluded by default; no deletion,
Live2D/model-ren-asagiri/art/archive/20260924-old-head-assets/art/blink_assembly_v001/half/parts/eye_white_L.png,1435,1790033453843003900,d217660d876d8e0347e60d6c5008000bd1ed2f03368d3bfce9ec0d6d905a646d,local_archive,Historical archive excluded by default; no deletion,
Live2D/model-ren-asagiri/art/archive/20260924-old-head-assets/art/blink_assembly_v001/half/parts/eye_white_R.png,1353,1790033453839004700,72369068d00287f9b10d851ddeecf7147c9442cf0c600a50846ea6c3a3605bbc,local_archive,Historical archive excluded by default; no deletion,
Live2D/model-ren-asagiri/art/archive/20260924-old-head-assets/art/blink_assembly_v001/half/parts/face_underfill.png,112626,1790033453838002800,007b7d3fe9da06d078b572eddc32442e65ad15dcda12fda429f1fac69b78c5ae,local_archive,Historical archive excluded by default; no deletion,
Live2D/model-ren-asagiri/art/archive/20260924-old-head-assets/art/blink_assembly_v001/half/parts/iris_L.png,13107,1790033453844003800,d1de2959d8370180f87d5e934e0b02c4997f46d279db3f374c0d8caf5985c4cb,local_archive,Historical archive excluded by default; no deletion,
Live2D/model-ren-asagiri/art/archive/20260924-old-head-assets/art/blink_assembly_v001/half/parts/iris_R.png,12847,1790033453840003500,4cd6a6651551092c5b98b349c36a595ab997bfd51e087da5f4d8edb6e75168a1,local_archive,Historical archive excluded by default; no deletion,
Live2D/model-ren-asagiri/art/archive/20260924-old-head-assets/art/blink_assembly_v001/half/parts/REF_ALT_eyelash_upper_L.png,12848,1790033453848003900,b43c14807fc8450c0d7a75316222ba5f2b45cd47d5939c2ac411803a5f029c49,local_archive,Historical archive excluded by default; no deletion,
Live2D/model-ren-asagiri/art/archive/20260924-old-head-assets/art/blink_assembly_v001/half/parts/REF_ALT_eyelash_upper_R.png,13024,1790033453853184800,951373a298d1ef24880862ccc660c29acb256639dbbf361b22712eb58365098e,local_archive,Historical archive excluded by default; no deletion,
Live2D/model-ren-asagiri/art/archive/20260924-old-head-assets/art/blink_assembly_v001/half/parts/REF_ALT_iris_L_blue.png,24809,1790033453849003100,50907795ad7e5f45c5cd4e0bb190b79a28472577c3b54dfadcee8a15bd39bcbf,local_archive,Historical archive excluded by default; no deletion,
Live2D/model-ren-asagiri/art/archive/20260924-old-head-assets/art/blink_assembly_v001/half/parts/REF_ALT_iris_R_brown.png,24823,1790033453854183900,6613780f59fbe80a304284071e730678b3742617df31125e51dc51ed02ecc8d8,local_archive,Historical archive excluded by default; no deletion,
Live2D/model-ren-asagiri/art/archive/20260924-old-head-assets/art/blink_assembly_v001/half/parts/REF_eyelash_upper_L_original.png,10316,1790033453851185500,16627fefbee13d0acdc74f51dd30b8d39c579a24188207ce5bf586e72ee19b3f,local_archive,Historical archive excluded by default; no deletion,
Live2D/model-ren-asagiri/art/archive/20260924-old-head-assets/art/blink_assembly_v001/half/parts/REF_eyelash_upper_R_original.png,11605,1790033453855184500,8f835115457cd65717e262fba8e6ea10d3462e36e7bef75a2f8a1b91fecba229,local_archive,Historical archive excluded by default; no deletion,
Live2D/model-ren-asagiri/art/archive/20260924-old-head-assets/art/blink_assembly_v001/half/parts/REF_FILL_eye_white_L.png,4420,1790033453848003900,67eb063379dadeaa868519db33998b5394b0c295f8bdbd3dfb5e50e306f146be,local_archive,Historical archive excluded by default; no deletion,
Live2D/model-ren-asagiri/art/archive/20260924-old-head-assets/art/blink_assembly_v001/half/parts/REF_FILL_eye_white_R.png,4073,1790033453852184100,d8443db5527946561919ab85b1b3c1fa4d9c1de347f7a5323e620addc3ede87d,local_archive,Historical archive excluded by default; no deletion,
Live2D/model-ren-asagiri/art/archive/20260924-old-head-assets/art/blink_assembly_v001/half/parts/REF_iris_L_original.png,13945,1790033453850183800,4431a401f0f7f09afe6ba071a3dd91bffc5c3ecf06b947a905fb38d94da08b75,local_archive,Historical archive excluded by default; no deletion,
Live2D/model-ren-asagiri/art/archive/20260924-old-head-assets/art/blink_assembly_v001/half/parts/REF_iris_R_original.png,14111,1790033453855184500,cab3cf00d937f86194fd6963054eb14f8931b9ad9f7c860ecd815e508ae6c87a,local_archive,Historical archive excluded by default; no deletion,
Live2D/model-ren-asagiri/art/archive/20260924-old-head-assets/art/blink_assembly_v001/half/parts/REF_Upper_eyelid_left.png,5175,1790033453846003600,1ae6cdc8df1a7207e92ee9b7b294a63c5e922f625e385df1cbea2ffe02b2e2dc,local_archive,Historical archive excluded by default; no deletion,
Live2D/model-ren-asagiri/art/archive/20260924-old-head-assets/art/blink_assembly_v001/half/parts/REF_Upper_eyelid_right.png,5805,1790033453847006100,b8fa034bb15987c8e6041d5d3146b49096c5b428971d65077356def3579d85d5,local_archive,Historical archive excluded by default; no deletion,
Live2D/model-ren-asagiri/art/archive/20260924-old-head-assets/art/blink_assembly_v001/half/parts/upper_crease_L.png,2876,1790033453846003600,0997b18872379d0926eabab7d97e774fedad407f1aa9af2edd519821d0305f30,local_archive,Historical archive excluded by default; no deletion,
Live2D/model-ren-asagiri/art/archive/20260924-old-head-assets/art/blink_assembly_v001/half/parts/upper_crease_R.png,3379,1790033453842002700,4e1d9026f3e26d60268e9a8c4074286fbaf515065e972fb77bc662e8f968c15b,local_archive,Historical archive excluded by default; no deletion,
Live2D/model-ren-asagiri/art/archive/20260924-old-head-assets/art/blink_assembly_v001/half/parts/upper_lash_L.png,7284,1790033453845003700,e62597636aa047c9b028a743580141da15918d0dd77d795f6880a5156231d798,local_archive,Historical archive excluded by default; no deletion,
Live2D/model-ren-asagiri/art/archive/20260924-old-head-assets/art/blink_assembly_v001/half/parts/upper_lash_R.png,7626,1790033453841003200,b230b4481cded9dc4799763732b31fe9088d3c67f91aca10f4806941e7d62159,local_archive,Historical archive excluded by default; no deletion,
Live2D/model-ren-asagiri/art/archive/20260924-old-head-assets/art/blink_assembly_v001/open/assembled.png,185814,1790033460013442600,510898d1739d7e169e9e350adbef8b0cb31d6901ce53b38f3b495fe8ea500409,local_archive,Historical archive excluded by default; no deletion,
Live2D/model-ren-asagiri/art/archive/20260924-old-head-assets/art/blink_assembly_v001/open/independent_verification.json,929,1790033466476258000,c55b0b8d51f6ea039c3052385fe26695c9f368d91fc99410b9ebe2ab19a73eb7,already_tracked,Preserve existing tracked file and user changes,
Live2D/model-ren-asagiri/art/archive/20260924-old-head-assets/art/blink_assembly_v001/open/manifest.json,3790,1790033453482664500,4ac2a967da859767a40f9cdb1278a28294c603d3371afcf3ae3e66eba0527a8e,already_tracked,Preserve existing tracked file and user changes,
Live2D/model-ren-asagiri/art/archive/20260924-old-head-assets/art/blink_assembly_v001/open/preview.png,183390,1790033460050448800,1e2b9225d9e6a44eac808ef8b603f8a2c0416b37090d9e56ce3e460d22ae2ff7,local_archive,Historical archive excluded by default; no deletion,
Live2D/model-ren-asagiri/art/archive/20260924-old-head-assets/art/blink_assembly_v001/open/psd_verification.json,13271,1790033460125469900,9dd17d6df2446a21e6320cb99512f18c5114a28807c7e46b38900d7f2d08e14c,already_tracked,Preserve existing tracked file and user changes,
Live2D/model-ren-asagiri/art/archive/20260924-old-head-assets/art/blink_assembly_v001/open/python_composite.png,183394,1790033453500661800,88fa68bcb38a23d53b62ca78cc17dc2ddf382f9ebff14e0671667ed8064ce588,local_archive,Historical archive excluded by default; no deletion,
Live2D/model-ren-asagiri/art/archive/20260924-old-head-assets/art/blink_assembly_v001/open/Ren_eyes_open_v001.psd,814760,1790033459978389100,4b3848e2fb13702bde387d747c8221860d7e4a7085866aee92749d25da6773f2,local_archive,Historical archive excluded by default; no deletion,
Live2D/model-ren-asagiri/art/archive/20260924-old-head-assets/art/blink_assembly_v001/open/parts/eye_white_L.png,2077,1790033453468151400,ed487a4aa50109234815d8bce00fba998aed45d013c42219fa4e840d9a1da1b0,local_archive,Historical archive excluded by default; no deletion,
Live2D/model-ren-asagiri/art/archive/20260924-old-head-assets/art/blink_assembly_v001/open/parts/eye_white_R.png,1879,1790033453463148400,7fb0fc3270dc31bc36010e74a63b34c1bf320fe12d85289838d8238b0d39b869,local_archive,Historical archive excluded by default; no deletion,
Live2D/model-ren-asagiri/art/archive/20260924-old-head-assets/art/blink_assembly_v001/open/parts/face_underfill.png,112626,1790033453462147600,007b7d3fe9da06d078b572eddc32442e65ad15dcda12fda429f1fac69b78c5ae,local_archive,Historical archive excluded by default; no deletion,
Live2D/model-ren-asagiri/art/archive/20260924-old-head-assets/art/blink_assembly_v001/open/parts/iris_L.png,22046,1790033453469150500,ed667bcf4beed4418e0143a720ba90da945b4461e79fd48ba9d0aeab30a7c8ac,local_archive,Historical archive excluded by default; no deletion,
Live2D/model-ren-asagiri/art/archive/20260924-old-head-assets/art/blink_assembly_v001/open/parts/iris_R.png,22052,1790033453465149700,38b5a02fa1f96dd386cc830d25663c46590de75f4c92a9e3e5f11204ca2a6fca,local_archive,Historical archive excluded by default; no deletion,
Live2D/model-ren-asagiri/art/archive/20260924-old-head-assets/art/blink_assembly_v001/open/parts/REF_ALT_eyelash_upper_L.png,12848,1790033453474664400,b43c14807fc8450c0d7a75316222ba5f2b45cd47d5939c2ac411803a5f029c49,local_archive,Historical archive excluded by default; no deletion,
Live2D/model-ren-asagiri/art/archive/20260924-old-head-assets/art/blink_assembly_v001/open/parts/REF_ALT_eyelash_upper_R.png,13024,1790033453478664500,951373a298d1ef24880862ccc660c29acb256639dbbf361b22712eb58365098e,local_archive,Historical archive excluded by default; no deletion,
Live2D/model-ren-asagiri/art/archive/20260924-old-head-assets/art/blink_assembly_v001/open/parts/REF_ALT_iris_L_blue.png,24809,1790033453475664600,50907795ad7e5f45c5cd4e0bb190b79a28472577c3b54dfadcee8a15bd39bcbf,local_archive,Historical archive excluded by default; no deletion,
Live2D/model-ren-asagiri/art/archive/20260924-old-head-assets/art/blink_assembly_v001/open/parts/REF_ALT_iris_R_brown.png,24823,1790033453480664100,6613780f59fbe80a304284071e730678b3742617df31125e51dc51ed02ecc8d8,local_archive,Historical archive excluded by default; no deletion,
Live2D/model-ren-asagiri/art/archive/20260924-old-head-assets/art/blink_assembly_v001/open/parts/REF_eyelash_upper_L_original.png,10316,1790033453477664700,16627fefbee13d0acdc74f51dd30b8d39c579a24188207ce5bf586e72ee19b3f,local_archive,Historical archive excluded by default; no deletion,
Live2D/model-ren-asagiri/art/archive/20260924-old-head-assets/art/blink_assembly_v001/open/parts/REF_eyelash_upper_R_original.png,11605,1790033453481664100,8f835115457cd65717e262fba8e6ea10d3462e36e7bef75a2f8a1b91fecba229,local_archive,Historical archive excluded by default; no deletion,
Live2D/model-ren-asagiri/art/archive/20260924-old-head-assets/art/blink_assembly_v001/open/parts/REF_FILL_eye_white_L.png,4420,1790033453473664900,67eb063379dadeaa868519db33998b5394b0c295f8bdbd3dfb5e50e306f146be,local_archive,Historical archive excluded by default; no deletion,
Live2D/model-ren-asagiri/art/archive/20260924-old-head-assets/art/blink_assembly_v001/open/parts/REF_FILL_eye_white_R.png,4073,1790033453478664500,d8443db5527946561919ab85b1b3c1fa4d9c1de347f7a5323e620addc3ede87d,local_archive,Historical archive excluded by default; no deletion,
Live2D/model-ren-asagiri/art/archive/20260924-old-head-assets/art/blink_assembly_v001/open/parts/REF_iris_L_original.png,13945,1790033453476664600,4431a401f0f7f09afe6ba071a3dd91bffc5c3ecf06b947a905fb38d94da08b75,local_archive,Historical archive excluded by default; no deletion,
Live2D/model-ren-asagiri/art/archive/20260924-old-head-assets/art/blink_assembly_v001/open/parts/REF_iris_R_original.png,14111,1790033453480664100,cab3cf00d937f86194fd6963054eb14f8931b9ad9f7c860ecd815e508ae6c87a,local_archive,Historical archive excluded by default; no deletion,
Live2D/model-ren-asagiri/art/archive/20260924-old-head-assets/art/blink_assembly_v001/open/parts/REF_Upper_eyelid_left.png,5175,1790033453472664500,1ae6cdc8df1a7207e92ee9b7b294a63c5e922f625e385df1cbea2ffe02b2e2dc,local_archive,Historical archive excluded by default; no deletion,
Live2D/model-ren-asagiri/art/archive/20260924-old-head-assets/art/blink_assembly_v001/open/parts/REF_Upper_eyelid_right.png,5805,1790033453472664500,b8fa034bb15987c8e6041d5d3146b49096c5b428971d65077356def3579d85d5,local_archive,Historical archive excluded by default; no deletion,
Live2D/model-ren-asagiri/art/archive/20260924-old-head-assets/art/blink_assembly_v001/open/parts/upper_crease_L.png,2502,1790033453471663800,bd9d9b116d0a6346dca7485f5dbae57178a469274fc75d5009a0f71d0fbf0155,local_archive,Historical archive excluded by default; no deletion,
Live2D/model-ren-asagiri/art/archive/20260924-old-head-assets/art/blink_assembly_v001/open/parts/upper_crease_R.png,2877,1790033453467151100,5cabdd4dbca0f79d146745cb6aaf41977a733ec06aa638d866eef3c58160f404,local_archive,Historical archive excluded by default; no deletion,
Live2D/model-ren-asagiri/art/archive/20260924-old-head-assets/art/blink_assembly_v001/open/parts/upper_lash_L.png,10064,1790033453470657100,3ebca501f107e31fbb6760fe7b99c9f8af9e26ea8766d9c50c78944352698c39,local_archive,Historical archive excluded by default; no deletion,
Live2D/model-ren-asagiri/art/archive/20260924-old-head-assets/art/blink_assembly_v001/open/parts/upper_lash_R.png,10339,1790033453466152300,fad56adc401df938edb823ac8ca3c2b43d7a3f72c97098cf9f37f94cc86b91c5,local_archive,Historical archive excluded by default; no deletion,
Live2D/model-ren-asagiri/art/archive/20260924-old-head-assets/art/blink_assembly_v001/source_snapshot/ALT_eyelash_upper_L.png,12848,1789961923398633900,b43c14807fc8450c0d7a75316222ba5f2b45cd47d5939c2ac411803a5f029c49,local_archive,Historical archive excluded by default; no deletion,
Live2D/model-ren-asagiri/art/archive/20260924-old-head-assets/art/blink_assembly_v001/source_snapshot/ALT_eyelash_upper_R.png,13024,1789961923386127200,951373a298d1ef24880862ccc660c29acb256639dbbf361b22712eb58365098e,local_archive,Historical archive excluded by default; no deletion,
Live2D/model-ren-asagiri/art/archive/20260924-old-head-assets/art/blink_assembly_v001/source_snapshot/ALT_iris_L_blue.png,24809,1789961923392629400,50907795ad7e5f45c5cd4e0bb190b79a28472577c3b54dfadcee8a15bd39bcbf,local_archive,Historical archive excluded by default; no deletion,
Live2D/model-ren-asagiri/art/archive/20260924-old-head-assets/art/blink_assembly_v001/source_snapshot/ALT_iris_R_brown.png,24823,1789961923380123900,6613780f59fbe80a304284071e730678b3742617df31125e51dc51ed02ecc8d8,local_archive,Historical archive excluded by default; no deletion,
Live2D/model-ren-asagiri/art/archive/20260924-old-head-assets/art/blink_assembly_v001/source_snapshot/eyelash_upper_L_original.png,10316,1789961923347607900,16627fefbee13d0acdc74f51dd30b8d39c579a24188207ce5bf586e72ee19b3f,local_archive,Historical archive excluded by default; no deletion,
Live2D/model-ren-asagiri/art/archive/20260924-old-head-assets/art/blink_assembly_v001/source_snapshot/eyelash_upper_R_original.png,11605,1789961923337607900,8f835115457cd65717e262fba8e6ea10d3462e36e7bef75a2f8a1b91fecba229,local_archive,Historical archive excluded by default; no deletion,
Live2D/model-ren-asagiri/art/archive/20260924-old-head-assets/art/blink_assembly_v001/source_snapshot/face_underfill.png,143018,1789998353086294800,9bbf85ab8991512673bd9f05f9310764dbc46ae781435dc23eb75519eb2ac1a3,local_archive,Historical archive excluded by default; no deletion,
Live2D/model-ren-asagiri/art/archive/20260924-old-head-assets/art/blink_assembly_v001/source_snapshot/FILL_eye_white_L.png,18863,1789998950285063500,db79003f6086861474f3fc838ca93b459a4ae894e3839572dfa0fbc376a0ba9f,local_archive,Historical archive excluded by default; no deletion,
Live2D/model-ren-asagiri/art/archive/20260924-old-head-assets/art/blink_assembly_v001/source_snapshot/FILL_eye_white_R.png,18553,1789999001714293000,f0f2b718464a894e8b63d3632211d3a69c191d697b2fda976cb12c755dc158c2,local_archive,Historical archive excluded by default; no deletion,
Live2D/model-ren-asagiri/art/archive/20260924-old-head-assets/art/blink_assembly_v001/source_snapshot/iris_L_original.png,13945,1789961923344607500,4431a401f0f7f09afe6ba071a3dd91bffc5c3ecf06b947a905fb38d94da08b75,local_archive,Historical archive excluded by default; no deletion,
Live2D/model-ren-asagiri/art/archive/20260924-old-head-assets/art/blink_assembly_v001/source_snapshot/iris_R_original.png,14111,1789961923334607300,cab3cf00d937f86194fd6963054eb14f8931b9ad9f7c860ecd815e508ae6c87a,local_archive,Historical archive excluded by default; no deletion,
Live2D/model-ren-asagiri/art/archive/20260924-old-head-assets/art/blink_assembly_v001/source_snapshot/Upper_eyelid_left.png,20896,1789998455367249300,2186849b3e12b7c0a9851bc1e9c68bb1ec56203a23ade3feec73a9e492ee4f5b,local_archive,Historical archive excluded by default; no deletion,
Live2D/model-ren-asagiri/art/archive/20260924-old-head-assets/art/blink_assembly_v001/source_snapshot/Upper_eyelid_right.png,21482,1789998542333441700,17fa79b30423834fa05072cee9b6897e0250bbcac4593a8544a4d38c49b82b97,local_archive,Historical archive excluded by default; no deletion,
Live2D/model-ren-asagiri/art/archive/20260924-old-head-assets/art/brow_confirm_v004/brows_closeup.jpg,62712,1790051611611861500,69bf83aae0b6a0d26924323ccb932587906d53b37c105e5ce43ff08bfd847a41,local_archive,Historical archive excluded by default; no deletion,
Live2D/model-ren-asagiri/art/archive/20260924-old-head-assets/art/brow_confirm_v004/face_with_brows.jpg,316972,1790051611638860600,7eb5a643e46f8c78673686cf12ca3f0cf0e1156385c49c06f94a25cf11188a7a,local_archive,Historical archive excluded by default; no deletion,
Live2D/model-ren-asagiri/art/archive/20260924-old-head-assets/art/brow_confirm_v004/placement.json,594,1790051611640861800,ea32d431abbcbea511de62abd1a4dc6d1b827e382fda036942c77c3b25ccbff7,already_tracked,Preserve existing tracked file and user changes,
Live2D/model-ren-asagiri/art/archive/20260924-old-head-assets/art/brow_confirm_v004/REVIEW.md,1318,1790051639172003200,756c157e826e9d4a14473096d0218c54a55f8dc619af58ac99d126377aa001cb,already_tracked,Preserve existing tracked file and user changes,
Live2D/model-ren-asagiri/art/archive/20260924-old-head-assets/art/brow_confirm_v004/review.py,1691,1790051609734915200,6445c964ee1910180888d030533008dc4dc7a9d8d05491556328ea85b2eae361,already_tracked,Preserve existing tracked file and user changes,
Live2D/model-ren-asagiri/art/archive/20260924-old-head-assets/art/brow_confirm_v005/brows_closeup.jpg,64186,1790052495018312800,b06c606741a94afd5a5ca274c29b3b0bb82e7a8f8a05c9ab0a4d4db172bfe36e,local_archive,Historical archive excluded by default; no deletion,
Live2D/model-ren-asagiri/art/archive/20260924-old-head-assets/art/brow_confirm_v005/comparison.jpg,188300,1790052495084511500,9e91f8fa40644eef20eabe91c54343bd76377c722b2ad503bb567cc849c94fdd,local_archive,Historical archive excluded by default; no deletion,
Live2D/model-ren-asagiri/art/archive/20260924-old-head-assets/art/brow_confirm_v005/face_with_brows.jpg,316891,1790052495038956100,f9fa87843c17aa39467b8e8b29564ea6d3622c58f6d24622a168b89fd9424dae,local_archive,Historical archive excluded by default; no deletion,
Live2D/model-ren-asagiri/art/archive/20260924-old-head-assets/art/brow_confirm_v005/placement.json,812,1790052495040957100,3010d209038ee701e1537d9b3b9f6f8c939ab5a15bb262234cfabf627e16742e,already_tracked,Preserve existing tracked file and user changes,
Live2D/model-ren-asagiri/art/archive/20260924-old-head-assets/art/brow_confirm_v005/REVIEW.md,1003,1790052512832695500,d9adaee38d9efc62e8e11c2068643ee74934302070b944d9c540bca7b29e08d0,already_tracked,Preserve existing tracked file and user changes,
Live2D/model-ren-asagiri/art/archive/20260924-old-head-assets/art/brow_confirm_v005/review.py,2451,1790052493398584400,f85b97c088621e2148feb36a132917c02e9c40c0b8693969fe29dc74cd595208,already_tracked,Preserve existing tracked file and user changes,
Live2D/model-ren-asagiri/art/archive/20260924-old-head-assets/art/brow_confirm_v005/source_snapshot/Upper_eyelid_left.png,19738,1790052495039956900,c78afa5927f9ee5c67a2c8dcbdcd91b10ea573da0e5edc048bd731d78efde66e,local_archive,Historical archive excluded by default; no deletion,
Live2D/model-ren-asagiri/art/archive/20260924-old-head-assets/art/brow_confirm_v005/source_snapshot/Upper_eyelid_right.png,21073,1790052495040957100,22024aa44f37215c285d27507b69cf253fc89db74885050bda35023a1b4e8767,local_archive,Historical archive excluded by default; no deletion,
Live2D/model-ren-asagiri/art/archive/20260924-old-head-assets/art/eye_adjust_v007/assembled.png,174134,1790054069674304100,b21c0cd44d04fb264acfcff457a8134f9ca5063d50179abad0cc0cf89a8d3481,local_archive,Historical archive excluded by default; no deletion,
Live2D/model-ren-asagiri/art/archive/20260924-old-head-assets/art/eye_adjust_v007/build.py,7391,1790077816765047900,c09b41aa492ef763dbcbd6ea75b316ad8ce95f2c4749e1f7e8b15aaa674858dd,already_tracked,Preserve existing tracked file and user changes,
Live2D/model-ren-asagiri/art/archive/20260924-old-head-assets/art/eye_adjust_v007/comparison.jpg,314661,1790054069456956000,a847780ab32f5bfc8c80a8cc483e09b8f3ca1d1f88a79b6c193e4d30d9d23ade,local_archive,Historical archive excluded by default; no deletion,
Live2D/model-ren-asagiri/art/archive/20260924-old-head-assets/art/eye_adjust_v007/eyes_comparison.jpg,241174,1790054069473955500,70f5347f9b5b7051bde12f9c64532cab30ebcc858617377b682c42fbc21f6ed0,local_archive,Historical archive excluded by default; no deletion,
Live2D/model-ren-asagiri/art/archive/20260924-old-head-assets/art/eye_adjust_v007/eyes_face_preview.jpg,78172,1790054069308757400,a117c30c7b01dc5e54197730460a7659c54d12e0a6d90b87610198a2b5afc707,local_archive,Historical archive excluded by default; no deletion,
Live2D/model-ren-asagiri/art/archive/20260924-old-head-assets/art/eye_adjust_v007/face_sample.jpg,316050,1790054069404954300,fae1473e7d936ce75a4b09330c0f7d8e7b4d1c3c4c294b12a84f7cb73d475bb9,local_archive,Historical archive excluded by default; no deletion,
Live2D/model-ren-asagiri/art/archive/20260924-old-head-assets/art/eye_adjust_v007/independent_verification.json,910,1790054071032599300,d296c47b5dbcd59533f5dfa3d21ae58bea949dbad9bdbf77043c5fcaae50c653,already_tracked,Preserve existing tracked file and user changes,
Live2D/model-ren-asagiri/art/archive/20260924-old-head-assets/art/eye_adjust_v007/lower_lid_parts.jpg,11302,1790053999517371800,f610f0035d31744a6a3c944f152a4e6842374fd71262e45b7c5116ce529696a7,local_archive,Historical archive excluded by default; no deletion,
Live2D/model-ren-asagiri/art/archive/20260924-old-head-assets/art/eye_adjust_v007/manifest.json,3623,1790077889558611800,cf1218f5804961e979ab2356e625be3f77520b6324d2a4c25c27a77814ad2aa5,already_tracked,Preserve existing tracked file and user changes,
Live2D/model-ren-asagiri/art/archive/20260924-old-head-assets/art/eye_adjust_v007/preview.png,168972,1790054069710816800,8f1af76abf98db4ce8e2f931dfd3d7575b4f24da48c7188dc049f74238315460,local_archive,Historical archive excluded by default; no deletion,
Live2D/model-ren-asagiri/art/archive/20260924-old-head-assets/art/eye_adjust_v007/psd_verification.json,11178,1790054069789347300,fb6a27da357c6c59ebac06a49e9bb97f1ab88f6ea365f680e87229d0fb577d33,already_tracked,Preserve existing tracked file and user changes,
Live2D/model-ren-asagiri/art/archive/20260924-old-head-assets/art/eye_adjust_v007/python_composite.png,171425,1790054069300754000,9b27974163a84c50f1bce38c333089e6d9ca3e0335119a7a92b631cadf79b470,local_archive,Historical archive excluded by default; no deletion,
Live2D/model-ren-asagiri/art/archive/20260924-old-head-assets/art/eye_adjust_v007/README.md,3883,1790077816766048400,2280652da738b7a27b49967ca5727bad4bb9c8cb98ceb98ae93f7a779152d2b9,already_tracked,Preserve existing tracked file and user changes,
Live2D/model-ren-asagiri/art/archive/20260924-old-head-assets/art/eye_adjust_v007/user_parts_review.jpg,18838,1790057203283265600,59b948726033c9d39305a22a3e861d227e2a8142d2e9307f24928d022c4197c5,local_archive,Historical archive excluded by default; no deletion,
Live2D/model-ren-asagiri/art/archive/20260924-old-head-assets/art/eye_adjust_v007/validation.json,3175,1790054069476954400,3b35b028982ad56727fa02296991e0cd6ce03fad0f3d587dd47d6d82c782ad19,already_tracked,Preserve existing tracked file and user changes,
Live2D/model-ren-asagiri/art/archive/20260924-old-head-assets/art/eye_adjust_v007/parts/ALT_eyelash_upper_L.png,28169,1790217374514622300,6a1e4070e6d2e06df01052b822f25ecd878d09269725291faac26fa365032e9e,local_archive,Historical archive excluded by default; no deletion,
Live2D/model-ren-asagiri/art/archive/20260924-old-head-assets/art/eye_adjust_v007/parts/ALT_eyelash_upper_R.png,28208,1790217291761219900,1dff844b9527fd4a1b2fb4587c10a6ce1047145f7fc63cc2a4746e3ccf1e6440,local_archive,Historical archive excluded by default; no deletion,
Live2D/model-ren-asagiri/art/archive/20260924-old-head-assets/art/eye_adjust_v007/parts/ALT_iris_L_blue.png,35388,1790068188595695000,f232f20d44def5e10c06f6957c50e74be99f0aae909b04c4b5b97ec180f9bc05,local_archive,Historical archive excluded by default; no deletion,
Live2D/model-ren-asagiri/art/archive/20260924-old-head-assets/art/eye_adjust_v007/parts/ALT_iris_R_brown.png,36049,1790068160273267200,1912823fb0bc5d6b2994ec975e1cae61fb1d4ad53905d8d0d9adcfae03b96601,local_archive,Historical archive excluded by default; no deletion,
Live2D/model-ren-asagiri/art/archive/20260924-old-head-assets/art/eye_adjust_v007/parts/brow_L.png,21020,1790220147923496200,1d259eb00870a694a6ddba562e9821babc5bf5dcec19c68b0a1f59ecf4d34dfb,local_archive,Historical archive excluded by default; no deletion,
Live2D/model-ren-asagiri/art/archive/20260924-old-head-assets/art/eye_adjust_v007/parts/brow_R.png,22773,1790220236269091100,c84aa7bb7869b5bf633d1212296e52795d078f1b48eb856e85f6daf108c9cc74,local_archive,Historical archive excluded by default; no deletion,
Live2D/model-ren-asagiri/art/archive/20260924-old-head-assets/art/eye_adjust_v007/parts/current_parts.json,1334,1790222081898736500,f593f03b241311a176836d2156829e5a7453def2de2e5a4b98dab219a3e41cd0,local_archive,Historical archive excluded by default; no deletion,
Live2D/model-ren-asagiri/art/archive/20260924-old-head-assets/art/eye_adjust_v007/parts/face_underfill.png,130260,1790224881162534900,430fad67b0fab3fe04c39120afd906a2a565b8ae6fc37fe32e92440651a24379,local_archive,Historical archive excluded by default; no deletion,
Live2D/model-ren-asagiri/art/archive/20260924-old-head-assets/art/eye_adjust_v007/parts/FILL_eye_white_L.png,22994,1790219603094596100,01c227543b1022dc4a8d61aab1483c7a94299a1e204d477c8e241594f4987726,local_archive,Historical archive excluded by default; no deletion,
Live2D/model-ren-asagiri/art/archive/20260924-old-head-assets/art/eye_adjust_v007/parts/FILL_eye_white_R.png,22994,1790219580914993500,0b6e3077fb2c2e0d93fa40a988bcced3e66b6949cd9849aaf4a032210ac87a7c,local_archive,Historical archive excluded by default; no deletion,
Live2D/model-ren-asagiri/art/archive/20260924-old-head-assets/art/eye_adjust_v007/parts/lower_eyelid_left.png,23309,1790221378540763300,11046d47e00e1b5930ab23d312dfda4b047ae61e3d548a59f5e4a0587ad24fe5,local_archive,Historical archive excluded by default; no deletion,
Live2D/model-ren-asagiri/art/archive/20260924-old-head-assets/art/eye_adjust_v007/parts/lower_eyelid_right.png,22894,1790219056128041000,ffb3942db69111672964c0426051198a3cf6865f7d2fd31bf9b4b3077c064e92,local_archive,Historical archive excluded by default; no deletion,
Live2D/model-ren-asagiri/art/archive/20260924-old-head-assets/art/eye_adjust_v007/parts/mouth_closed.png,20671,1790068473338787300,5f0b8bc2594a58b935f2b4929e1c20e72a5ad35e649bc906d6d827ee73f10ca6,local_archive,Historical archive excluded by default; no deletion,
Live2D/model-ren-asagiri/art/archive/20260924-old-head-assets/art/eye_adjust_v007/parts/README.md,3928,1790222328388025500,f5d1da3e6ff06d492702924dcd7eaf124c48071567a6cffc7516644d3cda0700,local_archive,Historical archive excluded by default; no deletion,
Live2D/model-ren-asagiri/art/archive/20260924-old-head-assets/art/eye_adjust_v007/parts/upper_crease_L.png,2502,1790054069243247100,bd9d9b116d0a6346dca7485f5dbae57178a469274fc75d5009a0f71d0fbf0155,local_archive,Historical archive excluded by default; no deletion,
Live2D/model-ren-asagiri/art/archive/20260924-old-head-assets/art/eye_adjust_v007/parts/upper_crease_R.png,23706,1790071342499019900,b21b6161eadda172aae5911b7ef47d7a8b40b590907458517b2d8e657cee9390,local_archive,Historical archive excluded by default; no deletion,
Live2D/model-ren-asagiri/art/archive/20260924-old-head-assets/art/eye_adjust_v007/parts/archive/20260922-initial-eye-layers/eye_white_L.png,2141,1790054069233247600,e584a3c984e037c3cd889e16946fe7d93251101c016e5756c28903c53730c225,local_archive,Historical archive excluded by default; no deletion,
Live2D/model-ren-asagiri/art/archive/20260924-old-head-assets/art/eye_adjust_v007/parts/archive/20260922-initial-eye-layers/eye_white_R.png,2121,1790054069220247400,bb581aa5ed9c0c2e3115405c2b73fa4a29f83435a22e1375a93b004dc319d043,local_archive,Historical archive excluded by default; no deletion,
Live2D/model-ren-asagiri/art/archive/20260924-old-head-assets/art/eye_adjust_v007/parts/archive/20260922-initial-eye-layers/iris_L.png,19891,1790054069236247000,bd29213fd352744830371c520dfe2dabfcf291588d958ec3caea636551675ef1,local_archive,Historical archive excluded by default; no deletion,
Live2D/model-ren-asagiri/art/archive/20260924-old-head-assets/art/eye_adjust_v007/parts/archive/20260922-initial-eye-layers/iris_R.png,19901,1790054069223246100,02d0e481f81d01d3757e1db8a5953dbec532647804abb07ac1dcaa00720a44aa,local_archive,Historical archive excluded by default; no deletion,
Live2D/model-ren-asagiri/art/archive/20260924-old-head-assets/art/eye_adjust_v007/parts/archive/20260922-initial-eye-layers/lower_lid_L.png,13820,1790054069238246800,2c0a1c10348a193cdb12c0a88c7195a780236f71cd84f72c80784494ce734476,local_archive,Historical archive excluded by default; no deletion,
Live2D/model-ren-asagiri/art/archive/20260924-old-head-assets/art/eye_adjust_v007/parts/archive/20260922-initial-eye-layers/lower_lid_R.png,12740,1790054069225247300,9210111c1632eff05225812ce11db7f7d08b7f54d2a6c3f1432d8c277e59ed46,local_archive,Historical archive excluded by default; no deletion,
Live2D/model-ren-asagiri/art/archive/20260924-old-head-assets/art/eye_adjust_v007/parts/archive/20260922-initial-eye-layers/manifest_before_organization.json,3040,1790054069309759600,ba6bb239811bdd7978988d1102273a4ec84f72ed591c6e10eb9bf57a82b35c5a,local_archive,Historical archive excluded by default; no deletion,
Live2D/model-ren-asagiri/art/archive/20260924-old-head-assets/art/eye_adjust_v007/parts/archive/20260922-initial-eye-layers/README.md,315,1790077889567212700,1b5f6622671db875ec0d401bcef7617309fd4b569b6c9c2a06fed08b680c9d5c,local_archive,Historical archive excluded by default; no deletion,
Live2D/model-ren-asagiri/art/archive/20260924-old-head-assets/art/eye_adjust_v007/parts/archive/20260922-initial-eye-layers/REF_lower_lid_source_L.png,38449,1790054069241245700,6ec2b78ace0c386306c79759a0b7821b677d9e6e69863077838a38a6bccc942d,local_archive,Historical archive excluded by default; no deletion,
Live2D/model-ren-asagiri/art/archive/20260924-old-head-assets/art/eye_adjust_v007/parts/archive/20260922-initial-eye-layers/REF_lower_lid_source_R.png,35985,1790054069227245900,1dba4f187e2a85d9186c4a30d2a9651c6f85461022e1f8adcb7c59621f7bb82f,local_archive,Historical archive excluded by default; no deletion,
Live2D/model-ren-asagiri/art/archive/20260924-old-head-assets/art/eye_adjust_v007/parts/backup/face_underfill-2.png,122511,1790072970920936000,33c0833a7d7f0b2f1700c194acc67258103bf9486a5d72eeee8a6882feeea20f,local_archive,Historical archive excluded by default; no deletion,
Live2D/model-ren-asagiri/art/archive/20260924-old-head-assets/art/eye_adjust_v007/parts/backup/face_underfill.png,109825,1790054069052431600,9bc7bd5a80a357fa98879ac8ed9e345b97cd3a6975ba058f48e12e333e484de2,local_archive,Historical archive excluded by default; no deletion,
Live2D/model-ren-asagiri/art/archive/20260924-old-head-assets/art/eye_adjust_v007/parts/backup/lower_eyelid_left.png,25863,1790056864228598800,c5571bcf5ff3b30ec1c016dc89e9d6327d8ee23ceb660560fb17a6f90fc33b22,local_archive,Historical archive excluded by default; no deletion,
Live2D/model-ren-asagiri/art/archive/20260924-old-head-assets/art/eye_adjust_v007/parts/backup/lower_eyelid_right.png,27305,1790056729792394000,72df8c8f962639c75e2a123f9561d6b581430d54682b746992e1bd4414fc7636,local_archive,Historical archive excluded by default; no deletion,
Live2D/model-ren-asagiri/art/archive/20260924-old-head-assets/art/eye_adjust_v007/parts/backup/mouth_closed.png,1976,1790054069246246900,1c2475a7b5a6397892e76007f39582e9e6d23e77696c09b4000d1cd16614191f,local_archive,Historical archive excluded by default; no deletion,
Live2D/model-ren-asagiri/art/archive/20260924-old-head-assets/art/eye_adjust_v007/parts/backup/REF_iris_full_L.png,21512,1790054069242247100,39be97ca13c78b96c7f4afe722f67cb7e1bca2c37604f699cf1a638c4155ef20,local_archive,Historical archive excluded by default; no deletion,
Live2D/model-ren-asagiri/art/archive/20260924-old-head-assets/art/eye_adjust_v007/parts/backup/REF_iris_full_R.png,21564,1790054069228247000,51e1c1d9d85b0d560dbb455d8af18ccbdbc8ee94754d4bd0f443fd07632f847a,local_archive,Historical archive excluded by default; no deletion,
Live2D/model-ren-asagiri/art/archive/20260924-old-head-assets/art/eye_adjust_v007/parts/backup/upper_lash_L.png,12848,1790054069237247900,b43c14807fc8450c0d7a75316222ba5f2b45cd47d5939c2ac411803a5f029c49,local_archive,Historical archive excluded by default; no deletion,
Live2D/model-ren-asagiri/art/archive/20260924-old-head-assets/art/eye_adjust_v007/parts/backup/upper_lash_R.png,13024,1790054069224247300,951373a298d1ef24880862ccc660c29acb256639dbbf361b22712eb58365098e,local_archive,Historical archive excluded by default; no deletion,
Live2D/model-ren-asagiri/art/archive/20260924-old-head-assets/art/eye_adjust_v007/source_snapshot/ALT_eyelash_upper_L.png,12848,1789961923398633900,b43c14807fc8450c0d7a75316222ba5f2b45cd47d5939c2ac411803a5f029c49,local_archive,Historical archive excluded by default; no deletion,
Live2D/model-ren-asagiri/art/archive/20260924-old-head-assets/art/eye_adjust_v007/source_snapshot/ALT_eyelash_upper_R.png,13024,1789961923386127200,951373a298d1ef24880862ccc660c29acb256639dbbf361b22712eb58365098e,local_archive,Historical archive excluded by default; no deletion,
Live2D/model-ren-asagiri/art/archive/20260924-old-head-assets/art/eye_adjust_v007/source_snapshot/ALT_iris_L_blue.png,24809,1789961923392629400,50907795ad7e5f45c5cd4e0bb190b79a28472577c3b54dfadcee8a15bd39bcbf,local_archive,Historical archive excluded by default; no deletion,
Live2D/model-ren-asagiri/art/archive/20260924-old-head-assets/art/eye_adjust_v007/source_snapshot/ALT_iris_R_brown.png,24823,1789961923380123900,6613780f59fbe80a304284071e730678b3742617df31125e51dc51ed02ecc8d8,local_archive,Historical archive excluded by default; no deletion,
Live2D/model-ren-asagiri/art/archive/20260924-old-head-assets/art/eye_adjust_v007/source_snapshot/collar_L.png,134413,1789990100257858800,61e15e2b564db93c3d20acf2d1ed4cb3e0bc45c7142e95c10116be93b8424e82,local_archive,Historical archive excluded by default; no deletion,
Live2D/model-ren-asagiri/art/archive/20260924-old-head-assets/art/eye_adjust_v007/source_snapshot/collar_R.png,121738,1789990138816383000,e40448560d40f6aabd0a3369869c954c3355e2b191d980afd847d5cd693048d8,local_archive,Historical archive excluded by default; no deletion,
Live2D/model-ren-asagiri/art/archive/20260924-old-head-assets/art/eye_adjust_v007/source_snapshot/ear_L.png,34330,1789961922703581400,36920694df287404a374e17bc254aba116c3b69425aa24d67d56881f05826294,local_archive,Historical archive excluded by default; no deletion,
Live2D/model-ren-asagiri/art/archive/20260924-old-head-assets/art/eye_adjust_v007/source_snapshot/ear_R.png,53491,1789969153128198000,efa8ebba850ebd5b956248a3bd39020d27e263e2a01d37dea3811ec4c066604a,local_archive,Historical archive excluded by default; no deletion,
Live2D/model-ren-asagiri/art/archive/20260924-old-head-assets/art/eye_adjust_v007/source_snapshot/face_underfill.png,123382,1790034546774571200,f7d8727b5b2bfa2816bd4d21148cedba14ee1b6676058836b2a979d070dc07a0,local_archive,Historical archive excluded by default; no deletion,
Live2D/model-ren-asagiri/art/archive/20260924-old-head-assets/art/eye_adjust_v007/source_snapshot/hair_ahoge.png,47278,1789979436108215900,cf303c03f5fb86555d0d3f87cad1f5bc117dbc13416b1d69fbc784633399a582,local_archive,Historical archive excluded by default; no deletion,
Live2D/model-ren-asagiri/art/archive/20260924-old-head-assets/art/eye_adjust_v007/source_snapshot/hair_back.png,46627,1789979873310281600,eaf39cf624c5db9514a43f90bcf7c7797c97e0032a58fe1e933abae09aa49ff8,local_archive,Historical archive excluded by default; no deletion,
Live2D/model-ren-asagiri/art/archive/20260924-old-head-assets/art/eye_adjust_v007/source_snapshot/hair_front_C.png,152586,1790043651468308600,8d0f2ea1ec564881d2b2416a5b80e17e490cee4a209b9d051087bfdb5f74940f,local_archive,Historical archive excluded by default; no deletion,
Live2D/model-ren-asagiri/art/archive/20260924-old-head-assets/art/eye_adjust_v007/source_snapshot/hair_front_L.png,130054,1790045695890464400,9021d9fc6e1bc695209ce0afbea32ebae8901641763a89c27ab6ce9ca3986f94,local_archive,Historical archive excluded by default; no deletion,
Live2D/model-ren-asagiri/art/archive/20260924-old-head-assets/art/eye_adjust_v007/source_snapshot/hair_front_R.png,127957,1790045367421250700,459f9b5cf6a813b90f74767c02f77b1e3bfce3586aaacc1d4df9bd3c9aae2cab,local_archive,Historical archive excluded by default; no deletion,
Live2D/model-ren-asagiri/art/archive/20260924-old-head-assets/art/eye_adjust_v007/source_snapshot/hair_side_L.png,175646,1790046143571378700,b290c6ca481fc43e11724b3760d45a2c66e18707562cb626852ecc9e20463179,local_archive,Historical archive excluded by default; no deletion,
Live2D/model-ren-asagiri/art/archive/20260924-old-head-assets/art/eye_adjust_v007/source_snapshot/hair_side_R.png,170511,1790046135244236400,87713f22f7d5f73be82877072f88830a3752aea1279db20bccb3a19d7b87bcd9,local_archive,Historical archive excluded by default; no deletion,
Live2D/model-ren-asagiri/art/archive/20260924-old-head-assets/art/eye_adjust_v007/source_snapshot/neck-clavicle.png,63831,1789992371743880500,1e77961e89c059d5b3d42f45525ebba61c8e078f7181f9f2139c40b51c0c5192,local_archive,Historical archive excluded by default; no deletion,
Live2D/model-ren-asagiri/art/archive/20260924-old-head-assets/art/eye_adjust_v007/source_snapshot/shirt_inside.png,34023,1790032820116255200,3740c1dde2c402583a9df205e497575672a2ebbd86ce92e6af5d019e6816ea63,local_archive,Historical archive excluded by default; no deletion,
Live2D/model-ren-asagiri/art/archive/20260924-old-head-assets/art/eye_adjust_v007/source_snapshot/shirt_torso.png,533495,1790050774276037000,b04c7139d749e5dd2500ca12ed97e78d2c9901cfc56d5374dde3d4268a2971d4,local_archive,Historical archive excluded by default; no deletion,
Live2D/model-ren-asagiri/art/archive/20260924-old-head-assets/art/eye_adjust_v007/source_snapshot/Upper_eyelid_left.png,19738,1790052274119711200,c78afa5927f9ee5c67a2c8dcbdcd91b10ea573da0e5edc048bd731d78efde66e,local_archive,Historical archive excluded by default; no deletion,
Live2D/model-ren-asagiri/art/archive/20260924-old-head-assets/art/eye_adjust_v007/source_snapshot/Upper_eyelid_right.png,21073,1790052126367201200,22024aa44f37215c285d27507b69cf253fc89db74885050bda35023a1b4e8767,local_archive,Historical archive excluded by default; no deletion,
Live2D/model-ren-asagiri/art/archive/20260924-old-head-assets/art/eye_adjust_v008/assembled.png,173507,1790057357553818300,298eba31068a5bca5bf9c06fea7f6c7c080ac84e37961ec7db78fd1713bce598,local_archive,Historical archive excluded by default; no deletion,
Live2D/model-ren-asagiri/art/archive/20260924-old-head-assets/art/eye_adjust_v008/build.py,7502,1790057354753158700,99d2170ba5f96c59502e1f50f1471f6eef66bb86105dd73ea016b6e5eb52be76,already_tracked,Preserve existing tracked file and user changes,
Live2D/model-ren-asagiri/art/archive/20260924-old-head-assets/art/eye_adjust_v008/change_metrics.json,348,1790057389454016300,6db764a057b5122e765961a3b04ee96a5b54f290b5b9415caeef44115121d823,already_tracked,Preserve existing tracked file and user changes,
Live2D/model-ren-asagiri/art/archive/20260924-old-head-assets/art/eye_adjust_v008/comparison.jpg,313940,1790057356836633500,c4e712d7da5e81e39aad0fe72f4455f54bc759e2d1f6179e8633a8789039b8a0,local_archive,Historical archive excluded by default; no deletion,
Live2D/model-ren-asagiri/art/archive/20260924-old-head-assets/art/eye_adjust_v008/eyes_comparison.jpg,238862,1790057356855149400,944786438adb6608d0a4e32336e5fa75e3bb4fec1311ce4b3afdc450aecdc085,local_archive,Historical archive excluded by default; no deletion,
Live2D/model-ren-asagiri/art/archive/20260924-old-head-assets/art/eye_adjust_v008/eyes_face_preview.jpg,77885,1790057356717621500,f4cca565b6c9552f59741f8f67143344cb28ac9a334747ca2baa23a16a9a6653,local_archive,Historical archive excluded by default; no deletion,
Live2D/model-ren-asagiri/art/archive/20260924-old-head-assets/art/eye_adjust_v008/eye_detail_nohair.jpg,39905,1790057311287574900,9eeb4465206e0f8e72f91d3ee4482e6647f268d6b085e7aca5680fa4020801b5,local_archive,Historical archive excluded by default; no deletion,
Live2D/model-ren-asagiri/art/archive/20260924-old-head-assets/art/eye_adjust_v008/face_sample.jpg,315252,1790057356785129100,23187e481031da4cb7bc3f0e824dc01aa1298d2922662334e07c706a7bb812dd,local_archive,Historical archive excluded by default; no deletion,
Live2D/model-ren-asagiri/art/archive/20260924-old-head-assets/art/eye_adjust_v008/independent_verification.json,910,1790057358916000500,5e8028b68b789f57fd2fddca3033ebfe0e2e14e3eb6494d2cfc3913bae77146e,already_tracked,Preserve existing tracked file and user changes,
Live2D/model-ren-asagiri/art/archive/20260924-old-head-assets/art/eye_adjust_v008/manifest.json,3040,1790057356717621500,fdf5c1e89574a3fc80cde4b89ec10e394cdbcbac3a10c9f1abcf02669dedcdcc,already_tracked,Preserve existing tracked file and user changes,
Live2D/model-ren-asagiri/art/archive/20260924-old-head-assets/art/eye_adjust_v008/preview.png,167768,1790057357590817800,b76db2d46c7b473a37645e4c37dc17f0e6f31328aecbcc1cf9506d25c640edcf,local_archive,Historical archive excluded by default; no deletion,
Live2D/model-ren-asagiri/art/archive/20260924-old-head-assets/art/eye_adjust_v008/psd_verification.json,11175,1790057357668425100,b7930ded6e50a063b64b614fcb2c4b95563ccab466cf59b5b0b532bc5ab4e668,already_tracked,Preserve existing tracked file and user changes,
Live2D/model-ren-asagiri/art/archive/20260924-old-head-assets/art/eye_adjust_v008/python_composite.png,170183,1790057356706616500,ef3f439fd1a5aa57a8fc83d1209b151042a4cf0470b43413ae7108a0cc28a1db,local_archive,Historical archive excluded by default; no deletion,
Live2D/model-ren-asagiri/art/archive/20260924-old-head-assets/art/eye_adjust_v008/README.md,3450,1790057468551914000,c7637c7944883b1eb484038c8fe6ffa1a4f692f6247d5a39b0843807d8f77a5e,already_tracked,Preserve existing tracked file and user changes,
Live2D/model-ren-asagiri/art/archive/20260924-old-head-assets/art/eye_adjust_v008/Ren_eyes_adjust_v008.psd,818783,1790057357520228700,c35dca2d324b32c4e087f2d6f2ab4444dd921891bb73e3a1e37a3d7c4201b1eb,local_archive,Historical archive excluded by default; no deletion,
Live2D/model-ren-asagiri/art/archive/20260924-old-head-assets/art/eye_adjust_v008/validation.json,3303,1790057356859152100,b43ead6deb48f7a506643ccf213ef64fb4dd972274f66df5bbf8a8d9f983afdb,already_tracked,Preserve existing tracked file and user changes,
Live2D/model-ren-asagiri/art/archive/20260924-old-head-assets/art/eye_adjust_v008/parts/brow_L.png,4551,1790057356648027500,9432abdd786ec3c8d66068e07e9a12f796cec868301df316c4b137e876ca117f,local_archive,Historical archive excluded by default; no deletion,
Live2D/model-ren-asagiri/art/archive/20260924-old-head-assets/art/eye_adjust_v008/parts/brow_R.png,5905,1790057356650026800,8e361a88599de1706aa0bfb718a1aa1bbbf5d50dd409b8f20bb46d59df070e5d,local_archive,Historical archive excluded by default; no deletion,
Live2D/model-ren-asagiri/art/archive/20260924-old-head-assets/art/eye_adjust_v008/parts/eye_white_L.png,1909,1790057356637020500,9c9f1ea2c5b928842cfce561117eaf45a828cef5317e682e0f8aaa113007a2d3,local_archive,Historical archive excluded by default; no deletion,
Live2D/model-ren-asagiri/art/archive/20260924-old-head-assets/art/eye_adjust_v008/parts/eye_white_R.png,1866,1790057356623515000,b7ae42dce346e17dd87ef742f14461a2351eeaf82af330d5f20cca086ec65caf,local_archive,Historical archive excluded by default; no deletion,
Live2D/model-ren-asagiri/art/archive/20260924-old-head-assets/art/eye_adjust_v008/parts/face_underfill.png,109825,1790057356455813900,9bc7bd5a80a357fa98879ac8ed9e345b97cd3a6975ba058f48e12e333e484de2,local_archive,Historical archive excluded by default; no deletion,
Live2D/model-ren-asagiri/art/archive/20260924-old-head-assets/art/eye_adjust_v008/parts/iris_L.png,19768,1790057356640026100,ac2eeb0b154ce810cc275428135b67e7f8a9de0f067fb360f0dfc97ccbc74607,local_archive,Historical archive excluded by default; no deletion,
Live2D/model-ren-asagiri/art/archive/20260924-old-head-assets/art/eye_adjust_v008/parts/iris_R.png,19817,1790057356626514000,34388c35525164b8675842fbc4b02a8d7d82a8ecce6895bbd76138363b179727,local_archive,Historical archive excluded by default; no deletion,
Live2D/model-ren-asagiri/art/archive/20260924-old-head-assets/art/eye_adjust_v008/parts/lower_lid_L.png,10994,1790057356641026300,c9f8bd295eafcb7114058dea1b26ae2692d754eb0d4fad09ae241bc45e35752e,local_archive,Historical archive excluded by default; no deletion,
Live2D/model-ren-asagiri/art/archive/20260924-old-head-assets/art/eye_adjust_v008/parts/lower_lid_R.png,12444,1790057356628513700,cb842e9647e0df1ec4104b30f5f18a44044493a5ebec6c804d7ddc165f852829,local_archive,Historical archive excluded by default; no deletion,
Live2D/model-ren-asagiri/art/archive/20260924-old-head-assets/art/eye_adjust_v008/parts/mouth_closed.png,1976,1790057356650026800,1c2475a7b5a6397892e76007f39582e9e6d23e77696c09b4000d1cd16614191f,local_archive,Historical archive excluded by default; no deletion,
Live2D/model-ren-asagiri/art/archive/20260924-old-head-assets/art/eye_adjust_v008/parts/orbital_line_L.png,2502,1790057356647026600,bd9d9b116d0a6346dca7485f5dbae57178a469274fc75d5009a0f71d0fbf0155,local_archive,Historical archive excluded by default; no deletion,
Live2D/model-ren-asagiri/art/archive/20260924-old-head-assets/art/eye_adjust_v008/parts/orbital_line_R.png,2877,1790057356633021900,5cabdd4dbca0f79d146745cb6aaf41977a733ec06aa638d866eef3c58160f404,local_archive,Historical archive excluded by default; no deletion,
Live2D/model-ren-asagiri/art/archive/20260924-old-head-assets/art/eye_adjust_v008/parts/REF_iris_full_L.png,21512,1790057356645028900,39be97ca13c78b96c7f4afe722f67cb7e1bca2c37604f699cf1a638c4155ef20,local_archive,Historical archive excluded by default; no deletion,
Live2D/model-ren-asagiri/art/archive/20260924-old-head-assets/art/eye_adjust_v008/parts/REF_iris_full_R.png,21564,1790057356632020300,51e1c1d9d85b0d560dbb455d8af18ccbdbc8ee94754d4bd0f443fd07632f847a,local_archive,Historical archive excluded by default; no deletion,
Live2D/model-ren-asagiri/art/archive/20260924-old-head-assets/art/eye_adjust_v008/parts/REF_lower_lid_source_L.png,38449,1790057356644026800,6ec2b78ace0c386306c79759a0b7821b677d9e6e69863077838a38a6bccc942d,local_archive,Historical archive excluded by default; no deletion,
Live2D/model-ren-asagiri/art/archive/20260924-old-head-assets/art/eye_adjust_v008/parts/REF_lower_lid_source_R.png,35985,1790057356631015200,1dba4f187e2a85d9186c4a30d2a9651c6f85461022e1f8adcb7c59621f7bb82f,local_archive,Historical archive excluded by default; no deletion,
Live2D/model-ren-asagiri/art/archive/20260924-old-head-assets/art/eye_adjust_v008/parts/upper_lash_L.png,12848,1790057356641026300,b43c14807fc8450c0d7a75316222ba5f2b45cd47d5939c2ac411803a5f029c49,local_archive,Historical archive excluded by default; no deletion,
Live2D/model-ren-asagiri/art/archive/20260924-old-head-assets/art/eye_adjust_v008/parts/upper_lash_R.png,13024,1790057356627513500,951373a298d1ef24880862ccc660c29acb256639dbbf361b22712eb58365098e,local_archive,Historical archive excluded by default; no deletion,
Live2D/model-ren-asagiri/art/archive/20260924-old-head-assets/art/eye_adjust_v008/source_snapshot/ALT_eyelash_upper_L.png,12848,1789961923398633900,b43c14807fc8450c0d7a75316222ba5f2b45cd47d5939c2ac411803a5f029c49,local_archive,Historical archive excluded by default; no deletion,
Live2D/model-ren-asagiri/art/archive/20260924-old-head-assets/art/eye_adjust_v008/source_snapshot/ALT_eyelash_upper_R.png,13024,1789961923386127200,951373a298d1ef24880862ccc660c29acb256639dbbf361b22712eb58365098e,local_archive,Historical archive excluded by default; no deletion,
Live2D/model-ren-asagiri/art/archive/20260924-old-head-assets/art/eye_adjust_v008/source_snapshot/ALT_iris_L_blue.png,24809,1789961923392629400,50907795ad7e5f45c5cd4e0bb190b79a28472577c3b54dfadcee8a15bd39bcbf,local_archive,Historical archive excluded by default; no deletion,
Live2D/model-ren-asagiri/art/archive/20260924-old-head-assets/art/eye_adjust_v008/source_snapshot/ALT_iris_R_brown.png,24823,1789961923380123900,6613780f59fbe80a304284071e730678b3742617df31125e51dc51ed02ecc8d8,local_archive,Historical archive excluded by default; no deletion,
Live2D/model-ren-asagiri/art/archive/20260924-old-head-assets/art/eye_adjust_v008/source_snapshot/face_underfill.png,123382,1790034546774571200,f7d8727b5b2bfa2816bd4d21148cedba14ee1b6676058836b2a979d070dc07a0,local_archive,Historical archive excluded by default; no deletion,
Live2D/model-ren-asagiri/art/archive/20260924-old-head-assets/art/eye_adjust_v008/source_snapshot/lower_eyelid_left.png,25863,1790056864228598800,c5571bcf5ff3b30ec1c016dc89e9d6327d8ee23ceb660560fb17a6f90fc33b22,local_archive,Historical archive excluded by default; no deletion,
Live2D/model-ren-asagiri/art/archive/20260924-old-head-assets/art/eye_adjust_v008/source_snapshot/lower_eyelid_right.png,27305,1790056729792394000,72df8c8f962639c75e2a123f9561d6b581430d54682b746992e1bd4414fc7636,local_archive,Historical archive excluded by default; no deletion,
Live2D/model-ren-asagiri/art/archive/20260924-old-head-assets/art/eye_adjust_v008/source_snapshot/upper_crease_L.png,2502,1790054069243247100,bd9d9b116d0a6346dca7485f5dbae57178a469274fc75d5009a0f71d0fbf0155,local_archive,Historical archive excluded by default; no deletion,
Live2D/model-ren-asagiri/art/archive/20260924-old-head-assets/art/eye_adjust_v008/source_snapshot/upper_crease_R.png,2877,1790054069229247200,5cabdd4dbca0f79d146745cb6aaf41977a733ec06aa638d866eef3c58160f404,local_archive,Historical archive excluded by default; no deletion,
Live2D/model-ren-asagiri/art/archive/20260924-old-head-assets/art/eye_adjust_v008/source_snapshot/Upper_eyelid_left.png,19738,1790052274119711200,c78afa5927f9ee5c67a2c8dcbdcd91b10ea573da0e5edc048bd731d78efde66e,local_archive,Historical archive excluded by default; no deletion,
Live2D/model-ren-asagiri/art/archive/20260924-old-head-assets/art/eye_adjust_v008/source_snapshot/Upper_eyelid_right.png,21073,1790052126367201200,22024aa44f37215c285d27507b69cf253fc89db74885050bda35023a1b4e8767,local_archive,Historical archive excluded by default; no deletion,
Live2D/model-ren-asagiri/art/archive/20260924-old-head-assets/art/eye_proportion_review_v001/eyes_comparison.jpg,181392,1790053412462200000,8ea04b4a5e1a6a27cc1ac595350cada00e7393151c3592672b69ad9cdbd74c06,local_archive,Historical archive excluded by default; no deletion,
Live2D/model-ren-asagiri/art/archive/20260924-old-head-assets/art/eye_proportion_review_v001/face_comparison.jpg,211810,1790053412457200600,8c8b45ee21e3ff674e5d926d664b3a08945f342c33c2532e73339b4d9e6f0607,local_archive,Historical archive excluded by default; no deletion,
Live2D/model-ren-asagiri/art/archive/20260924-old-head-assets/art/eye_proportion_review_v001/grid.jpg,87937,1790053732844138900,831c8cd233c5d3750e9d9ef6983316bc74b6e09a440124a908d73abfe1117811,local_archive,Historical archive excluded by default; no deletion,
Live2D/model-ren-asagiri/art/archive/20260924-old-head-assets/art/eye_proportion_review_v001/measurements.json,1216,1790053412465200300,5428e2d0dc82db39d21c76e689a0b6b1ec4c1a53dd2e717a2c8b7852c4b158e6,already_tracked,Preserve existing tracked file and user changes,
Live2D/model-ren-asagiri/art/archive/20260924-old-head-assets/art/eye_proportion_review_v001/raw_detail.png,427048,1790053696144188800,a8a74d33bcdf3748ed8b7fc67bd7c9aa871cc0cca05ce18ab44724af94a42fad,local_archive,Historical archive excluded by default; no deletion,
Live2D/model-ren-asagiri/art/archive/20260924-old-head-assets/art/eye_proportion_review_v001/REVIEW.md,2502,1790053410342268600,3e9f671d81e87c09e52274629fb55e4b94fc267251eda99e531d497584c529f6,already_tracked,Preserve existing tracked file and user changes,
Live2D/model-ren-asagiri/art/archive/20260924-old-head-assets/art/eye_proportion_review_v001/review.py,1788,1790053410341266200,d5bc20f7b4b43662a2767ddc4c2e039989b3923f4a2f5fa4fb758956fedeef1d,already_tracked,Preserve existing tracked file and user changes,
Live2D/model-ren-asagiri/art/archive/20260924-old-head-assets/art/eye_style_v006/brows_closeup.jpg,65021,1790052870985300500,d0c419ed5aa581f4ebcbb42516a6ba07b0bd850d73f761709532827b466739fa,local_archive,Historical archive excluded by default; no deletion,
Live2D/model-ren-asagiri/art/archive/20260924-old-head-assets/art/eye_style_v006/comparison.jpg,195685,1790052871071325200,5f095f0b3d2bc75cc18533995402c4b713eb9a646209ff4f19aec4bc77c5369c,local_archive,Historical archive excluded by default; no deletion,
Live2D/model-ren-asagiri/art/archive/20260924-old-head-assets/art/eye_style_v006/face_with_brows.jpg,317697,1790052871012816600,fd04db71899fdae59506ff7ec2d696d6e4191f38390704c4c4816bda631473e5,local_archive,Historical archive excluded by default; no deletion,
Live2D/model-ren-asagiri/art/archive/20260924-old-head-assets/art/eye_style_v006/placement.json,812,1790052871017325400,3010d209038ee701e1537d9b3b9f6f8c939ab5a15bb262234cfabf627e16742e,already_tracked,Preserve existing tracked file and user changes,
Live2D/model-ren-asagiri/art/archive/20260924-old-head-assets/art/eye_style_v006/README.md,1359,1790052869077427500,050fa68906b9fa5ff1f7098024ae3962f0a1262fb5f1806868ae20db19d82574,already_tracked,Preserve existing tracked file and user changes,
Live2D/model-ren-asagiri/art/archive/20260924-old-head-assets/art/eye_style_v006/review.py,2631,1790052869076425300,5f905449beec2285aafe3db939c16d8d85d7ddbad26e6c1157b46b58cc8ea8ac,already_tracked,Preserve existing tracked file and user changes,
Live2D/model-ren-asagiri/art/archive/20260924-old-head-assets/art/eye_style_v006/source_snapshot/Upper_eyelid_left.png,19738,1790052871016325100,c78afa5927f9ee5c67a2c8dcbdcd91b10ea573da0e5edc048bd731d78efde66e,local_archive,Historical archive excluded by default; no deletion,
Live2D/model-ren-asagiri/art/archive/20260924-old-head-assets/art/eye_style_v006/source_snapshot/Upper_eyelid_right.png,21073,1790052871017325400,22024aa44f37215c285d27507b69cf253fc89db74885050bda35023a1b4e8767,local_archive,Historical archive excluded by default; no deletion,
Live2D/model-ren-asagiri/art/archive/20260924-old-head-assets/art/face_comparison_20260924/assembly.json,6074,1790221003357331300,3b4f51653e47009440ad01f35b9bc344289e2a2d342983b520065d58743937ef,already_tracked,Preserve existing tracked file and user changes,
Live2D/model-ren-asagiri/art/archive/20260924-old-head-assets/art/face_comparison_20260924/build.py,5467,1790221001120199900,a92fc48d6d560b3f07f7b267773fe24686fcd5c371c2ad49965905341f3f9ecf,already_tracked,Preserve existing tracked file and user changes,
Live2D/model-ren-asagiri/art/archive/20260924-old-head-assets/art/face_comparison_20260924/comparison.jpg,134028,1790221003124743900,5f9add502377daa26f8e82ee80fc6555be2e77619de4c35defeff3e0ab067b24,local_archive,Historical archive excluded by default; no deletion,
Live2D/model-ren-asagiri/art/archive/20260924-old-head-assets/art/face_comparison_20260924/detail_comparison.jpg,195417,1790221003143258700,c939979e2ff35fe051edfa3dfdecf54242b6bc640deafc7acc87eac4e45fd0e1,local_archive,Historical archive excluded by default; no deletion,
Live2D/model-ren-asagiri/art/archive/20260924-old-head-assets/art/face_comparison_20260924/face_sample.png,176306,1790221003044231700,3353817bbb8cc84899ee7e3b574f238baa2b94ceb6e0f61607c471481a75f992,local_archive,Historical archive excluded by default; no deletion,
Live2D/model-ren-asagiri/art/archive/20260924-old-head-assets/art/face_comparison_20260924/face_sample_gray.png,154581,1790221003063737100,0265e5613944ffe2ff7660be8cb316947b0cd3b1601f8e49ba4ffed05df76e5e,local_archive,Historical archive excluded by default; no deletion,
Live2D/model-ren-asagiri/art/archive/20260924-old-head-assets/art/face_comparison_20260924/original_features_comparison.jpg,222460,1790221003318660000,f36e0d23afaab84af6e7107a16b3351ddcb56835ec33455414b3ca28caa5df08,local_archive,Historical archive excluded by default; no deletion,
Live2D/model-ren-asagiri/art/archive/20260924-old-head-assets/art/face_comparison_20260924/placement_reference_gray.png,155928,1790221003083737000,5bfbee9ae931f02cc9f80238e55b218e1a0f9d6adbab2af19e2a5f20e07b2beb,local_archive,Historical archive excluded by default; no deletion,
Live2D/model-ren-asagiri/art/archive/20260924-old-head-assets/art/face_comparison_20260924/README.md,3100,1790221061392602900,eaaf8d360d017a18b464350669435e84933ff5f28ce9ef598e98a5cfbad4087a,already_tracked,Preserve existing tracked file and user changes,
Live2D/model-ren-asagiri/art/archive/20260924-old-head-assets/art/face_comparison_20260924/reference_layer_00.png,113056,1790220848962063600,b08936cd0d6e3d7339dcf3a19e258704356823bc7b6e94ddffe1868accbf0492,local_archive,Historical archive excluded by default; no deletion,
Live2D/model-ren-asagiri/art/archive/20260924-old-head-assets/art/face_comparison_20260924/reference_layer_01.png,1579,1790220848965063000,1bd545bdfb04567f7a841d02da57c2d14199951efe0a50298cb226462438b3a6,local_archive,Historical archive excluded by default; no deletion,
Live2D/model-ren-asagiri/art/archive/20260924-old-head-assets/art/face_comparison_20260924/reference_layer_02.png,4119,1790220848970065400,33434eecdc928c596d8fcad405d2832572ab9dc5fd853f205bb04f6f4a6875d7,local_archive,Historical archive excluded by default; no deletion,
Live2D/model-ren-asagiri/art/archive/20260924-old-head-assets/art/face_comparison_20260924/reference_layer_03.png,17772,1790220848974712600,50004a447b8555d14013f2af37789ed217a7a74693defd5a36445e9d4ef243e5,local_archive,Historical archive excluded by default; no deletion,
Live2D/model-ren-asagiri/art/archive/20260924-old-head-assets/art/face_comparison_20260924/reference_layer_04.png,9418,1790220848979718000,0b52e9ac2b538848afc738fd4fd8f5d6e13e89dcc76c4378f8d3e870c42acf55,local_archive,Historical archive excluded by default; no deletion,
Live2D/model-ren-asagiri/art/archive/20260924-old-head-assets/art/face_comparison_20260924/reference_layer_05.png,4137,1790220848982721000,98133d4ec416551a541e31e10bdd98f8741a4de2c7f243fe09ac045896a3bc1c,local_archive,Historical archive excluded by default; no deletion,
Live2D/model-ren-asagiri/art/archive/20260924-old-head-assets/art/face_comparison_20260924/reference_layer_06.png,3472,1790220848985721000,fe78543e5c54891a05198906aad3b33007fefadd17df339249c5493e044cdaec,local_archive,Historical archive excluded by default; no deletion,
Live2D/model-ren-asagiri/art/archive/20260924-old-head-assets/art/face_comparison_20260924/reference_layer_07.png,3540,1790220848989722300,06345da7d45334b24b5815bcafa2dad7f3384a6a574d7fff8c136efd6146d941,local_archive,Historical archive excluded by default; no deletion,
Live2D/model-ren-asagiri/art/archive/20260924-old-head-assets/art/face_comparison_20260924/reference_layer_08.png,4103,1790220848993720900,e5534ca9503bc5c911f73d2cfe306d363278d799cf6df8610f97bc1c1166c2d4,local_archive,Historical archive excluded by default; no deletion,
Live2D/model-ren-asagiri/art/archive/20260924-old-head-assets/art/face_comparison_20260924/reference_layer_09.png,16912,1790220848998688600,f14877a98d3a7ff56edfb55cf4d1969082ab686a5b021a49ca7670129f42e7e8,local_archive,Historical archive excluded by default; no deletion,
Live2D/model-ren-asagiri/art/archive/20260924-old-head-assets/art/face_comparison_20260924/reference_layer_10.png,9828,1790220849002692900,94fc9a1fd40746d40e9af242159286c0c94cdf6ed0060663ec9f541479747c77,local_archive,Historical archive excluded by default; no deletion,
Live2D/model-ren-asagiri/art/archive/20260924-old-head-assets/art/face_comparison_20260924/reference_layer_11.png,4112,1790220849006691300,a91512f3b436c3f8678767f6efa318aee6dab2e6ec572be3448e160ccf445fa0,local_archive,Historical archive excluded by default; no deletion,
Live2D/model-ren-asagiri/art/archive/20260924-old-head-assets/art/face_comparison_20260924/reference_layer_12.png,3209,1790220849009691100,1900854451206c32f30dc1aeee231c92e62b5e798be08d6473ac54c0b8b30132,local_archive,Historical archive excluded by default; no deletion,
Live2D/model-ren-asagiri/art/archive/20260924-old-head-assets/art/face_comparison_20260924/reference_layer_13.png,4198,1790220849024696100,1665bf94c69ea9c745a0282f913fdceb38bb6a5ee067b9ae1d82f0d4dfe90e75,local_archive,Historical archive excluded by default; no deletion,
Live2D/model-ren-asagiri/art/archive/20260924-old-head-assets/art/face_comparison_20260924/source_inspect.jpg,29992,1790220849040906300,a2040c9c756b7d5f2bb27c1992dc71cfed74de33291ef04dade7a813e3cf2f66,local_archive,Historical archive excluded by default; no deletion,
Live2D/model-ren-asagiri/art/archive/20260924-old-head-assets/art/face_comparison_20260924/source_snapshot/ALT_eyelash_upper_L.png,28169,1790217374514622300,6a1e4070e6d2e06df01052b822f25ecd878d09269725291faac26fa365032e9e,local_archive,Historical archive excluded by default; no deletion,
Live2D/model-ren-asagiri/art/archive/20260924-old-head-assets/art/face_comparison_20260924/source_snapshot/ALT_eyelash_upper_R.png,28208,1790217291761219900,1dff844b9527fd4a1b2fb4587c10a6ce1047145f7fc63cc2a4746e3ccf1e6440,local_archive,Historical archive excluded by default; no deletion,
Live2D/model-ren-asagiri/art/archive/20260924-old-head-assets/art/face_comparison_20260924/source_snapshot/ALT_iris_L_blue.png,35388,1790068188595695000,f232f20d44def5e10c06f6957c50e74be99f0aae909b04c4b5b97ec180f9bc05,local_archive,Historical archive excluded by default; no deletion,
Live2D/model-ren-asagiri/art/archive/20260924-old-head-assets/art/face_comparison_20260924/source_snapshot/ALT_iris_R_brown.png,36049,1790068160273267200,1912823fb0bc5d6b2994ec975e1cae61fb1d4ad53905d8d0d9adcfae03b96601,local_archive,Historical archive excluded by default; no deletion,
Live2D/model-ren-asagiri/art/archive/20260924-old-head-assets/art/face_comparison_20260924/source_snapshot/brow_L.png,21020,1790220147923496200,1d259eb00870a694a6ddba562e9821babc5bf5dcec19c68b0a1f59ecf4d34dfb,local_archive,Historical archive excluded by default; no deletion,
Live2D/model-ren-asagiri/art/archive/20260924-old-head-assets/art/face_comparison_20260924/source_snapshot/brow_R.png,22773,1790220236269091100,c84aa7bb7869b5bf633d1212296e52795d078f1b48eb856e85f6daf108c9cc74,local_archive,Historical archive excluded by default; no deletion,
Live2D/model-ren-asagiri/art/archive/20260924-old-head-assets/art/face_comparison_20260924/source_snapshot/face_underfill.png,128342,1790220291733619700,01f1f19bd3d29e79df8e3cd40b4feeaa52a76964f947fd9a041eb829f213e5ee,local_archive,Historical archive excluded by default; no deletion,
Live2D/model-ren-asagiri/art/archive/20260924-old-head-assets/art/face_comparison_20260924/source_snapshot/facial_feature.png,198747,1790220353088013200,c70e8e50a4f85540044013a02bfdd1c73e164579ea25cbb54bf21c4d1e2fde71,local_archive,Historical archive excluded by default; no deletion,
Live2D/model-ren-asagiri/art/archive/20260924-old-head-assets/art/face_comparison_20260924/source_snapshot/FILL_eye_white_L.png,22994,1790219603094596100,01c227543b1022dc4a8d61aab1483c7a94299a1e204d477c8e241594f4987726,local_archive,Historical archive excluded by default; no deletion,
Live2D/model-ren-asagiri/art/archive/20260924-old-head-assets/art/face_comparison_20260924/source_snapshot/FILL_eye_white_R.png,22994,1790219580914993500,0b6e3077fb2c2e0d93fa40a988bcced3e66b6949cd9849aaf4a032210ac87a7c,local_archive,Historical archive excluded by default; no deletion,
Live2D/model-ren-asagiri/art/archive/20260924-old-head-assets/art/face_comparison_20260924/source_snapshot/lower_eyelid_left.png,22894,1790219056128041000,ffb3942db69111672964c0426051198a3cf6865f7d2fd31bf9b4b3077c064e92,local_archive,Historical archive excluded by default; no deletion,
Live2D/model-ren-asagiri/art/archive/20260924-old-head-assets/art/face_comparison_20260924/source_snapshot/lower_eyelid_right.png,20879,1790218853814100600,9a73745f858682c875bb97812076373d7d1bfbf759f54a92c9ea88ae593a2246,local_archive,Historical archive excluded by default; no deletion,
Live2D/model-ren-asagiri/art/archive/20260924-old-head-assets/art/face_comparison_20260924/source_snapshot/mouth_closed.png,20671,1790068473338787300,5f0b8bc2594a58b935f2b4929e1c20e72a5ad35e649bc906d6d827ee73f10ca6,local_archive,Historical archive excluded by default; no deletion,
Live2D/model-ren-asagiri/art/archive/20260924-old-head-assets/art/face_comparison_20260924/source_snapshot/ren-stand-pony-front-4000x6000.png,4132582,1789956672431504000,edf3b0317f981568b29f04fc1dbaeebae416b164741c2dee2499d0a6116a4817,local_archive,Historical archive excluded by default; no deletion,
Live2D/model-ren-asagiri/art/archive/20260924-old-head-assets/art/face_comparison_20260924/source_snapshot/upper_crease_L.png,2502,1790054069243247100,bd9d9b116d0a6346dca7485f5dbae57178a469274fc75d5009a0f71d0fbf0155,local_archive,Historical archive excluded by default; no deletion,
Live2D/model-ren-asagiri/art/archive/20260924-old-head-assets/art/face_comparison_20260924/source_snapshot/upper_crease_R.png,23706,1790071342499019900,b21b6161eadda172aae5911b7ef47d7a8b40b590907458517b2d8e657cee9390,local_archive,Historical archive excluded by default; no deletion,
Live2D/model-ren-asagiri/art/archive/20260924-old-head-assets/art/face_comparison_v010/build_comparison.py,4533,1790073270503177700,7fecfaafb629beabe42df67c06ec13bbe630ad916015aa706df84f6a949f4cdb,already_tracked,Preserve existing tracked file and user changes,
Live2D/model-ren-asagiri/art/archive/20260924-old-head-assets/art/face_comparison_v010/comparison_4_grid.jpg,461583,1790073273148358500,f424e370836d9fb3db22767d5be75ad4542b38a19c61a8527ff79c1cd5a70b6f,local_archive,Historical archive excluded by default; no deletion,
Live2D/model-ren-asagiri/art/archive/20260924-old-head-assets/art/face_comparison_v010/comparison_4_horizontal.jpg,459899,1790073273218599500,1cbb4104467444d941478a1f458d4ba4c5b716033d111dcf12a318e6176e995f,local_archive,Historical archive excluded by default; no deletion,
Live2D/model-ren-asagiri/art/archive/20260924-old-head-assets/art/face_comparison_v010/eyes_nose_4_grid.jpg,475550,1790073273252598000,5695ea0bb19ce8c0ba220bd5eb56652879e986a9772166268eb94d427f4caf50,local_archive,Historical archive excluded by default; no deletion,
Live2D/model-ren-asagiri/art/archive/20260924-old-head-assets/art/face_comparison_v010/face_01.png,965789,1790073272885965200,222484d7568930ef43439ef25ce1296d1bb6a0d0965e2b8732b6a36e95b3188f,local_archive,Historical archive excluded by default; no deletion,
Live2D/model-ren-asagiri/art/archive/20260924-old-head-assets/art/face_comparison_v010/face_02.png,876801,1790073272952819800,63c4aa6c4fc65051d1a6d69e3c2e1ee33882105db7fe2a05a028088f627f4f3f,local_archive,Historical archive excluded by default; no deletion,
Live2D/model-ren-asagiri/art/archive/20260924-old-head-assets/art/face_comparison_v010/face_03.png,827638,1790073273013329100,2a707bcda6be5b6f67e9d1f8d4ae5362c758fde59821f9371d6d406160b00c00,local_archive,Historical archive excluded by default; no deletion,
Live2D/model-ren-asagiri/art/archive/20260924-old-head-assets/art/face_comparison_v010/face_04.png,832237,1790073273073335100,1df02d614b78865b12d1a5af53183e7dc3951ec91111579b0e720be2656f1564,local_archive,Historical archive excluded by default; no deletion,
Live2D/model-ren-asagiri/art/archive/20260924-old-head-assets/art/face_comparison_v010/facial_features_source.png,196799,1790072946496787800,1d8f8e84c1e817e86bce771985af940a7a5b08df836d9e99ead9606d9ddc033f,local_archive,Historical archive excluded by default; no deletion,
Live2D/model-ren-asagiri/art/archive/20260924-old-head-assets/art/face_comparison_v010/latest_unhaired_preview.jpg,37024,1790073205561999600,48b3a32b2753aa355ff1c8e33c69f1df6ef511fe5e9fe2ce17b9d7620f52c0e5,local_archive,Historical archive excluded by default; no deletion,
Live2D/model-ren-asagiri/art/archive/20260924-old-head-assets/art/face_comparison_v010/previous_face_reconstructed.png,170925,1790073272371266700,f1b5dc230269d5a0430eeb01e9f9fd9fb5c362e4093cac498d4dd07d7162713d,local_archive,Historical archive excluded by default; no deletion,
Live2D/model-ren-asagiri/art/archive/20260924-old-head-assets/art/face_comparison_v010/README.md,1924,1790073333720325900,4d3667fab73a53cb7ebd17bec7e171a4a738f94ffb8431cb50fdc76dd4b60f71,already_tracked,Preserve existing tracked file and user changes,
Live2D/model-ren-asagiri/art/archive/20260924-old-head-assets/art/face_comparison_v010/underfill_current_check.jpg,19737,1790076777106015000,8b5eff1c2d2bd362ea22d25e82b3ffe86a399417cc27fb8936cb9ddd90052dee,local_archive,Historical archive excluded by default; no deletion,
Live2D/model-ren-asagiri/art/archive/20260924-old-head-assets/art/face_comparison_v010/validation.json,6485,1790073273337045600,a3016074df8399babba67e1d851ceee457b8ba14ed6f0fa13adcd60b19b27214,already_tracked,Preserve existing tracked file and user changes,
Live2D/model-ren-asagiri/art/archive/20260924-old-head-assets/art/face_eyelid_review_v001/eyelid_matches.json,543,1789997550474184200,a59025c1ad0f5ad080f49220afe5685dcc7a90b5a962df298af51e49946d3273,already_tracked,Preserve existing tracked file and user changes,
Live2D/model-ren-asagiri/art/archive/20260924-old-head-assets/art/face_eyelid_review_v001/eyelid_placement_comparison.jpg,357075,1789997667686864800,3020f616a7f303dc80877dea0889b002275336b9218a206e6c2bb37867e8c475,local_archive,Historical archive excluded by default; no deletion,
Live2D/model-ren-asagiri/art/archive/20260924-old-head-assets/art/face_eyelid_review_v001/face_notes.png,105683,1789997667720373700,26a1759be43532c987b2e376c957f68f40caa392fdcb5bbd68338e5203f55482,local_archive,Historical archive excluded by default; no deletion,
Live2D/model-ren-asagiri/art/archive/20260924-old-head-assets/art/face_eyelid_review_v001/face_underfill_review.png,117069,1789997508497297900,615f64913185c5f153111a7d756d480115a2bb20d235b8546f83ca8ef42a0c6c,local_archive,Historical archive excluded by default; no deletion,
Live2D/model-ren-asagiri/art/archive/20260924-old-head-assets/art/face_eyelid_review_v001/face_with_eyes.png,172069,1789997667705369900,73c3f86d24dcd0838f075b268d0cfdbe118131ba41b55e60cc2a8fbe84991065,local_archive,Historical archive excluded by default; no deletion,
Live2D/model-ren-asagiri/art/archive/20260924-old-head-assets/art/face_eyelid_review_v001/original_eyes.png,644364,1789997550463119500,e6a2fbd80cfd5c2ce812eaf6ac6d4c6bf199af7923f060aa0c6304263c937db8,local_archive,Historical archive excluded by default; no deletion,
Live2D/model-ren-asagiri/art/archive/20260924-old-head-assets/art/face_eyelid_review_v001/positions_review.json,958,1789997667721376500,48e8118d23b005884761345d5e0d6921f7eff4590ff423b6d468656a6917284f,already_tracked,Preserve existing tracked file and user changes,
Live2D/model-ren-asagiri/art/archive/20260924-old-head-assets/art/face_eyelid_review_v001/REVIEW.md,2811,1789997719633648200,e17b7297462b58a5f85a65f79cd50dae25b8d0770dae9e6cf7ad37af04b2ee80,already_tracked,Preserve existing tracked file and user changes,
Live2D/model-ren-asagiri/art/archive/20260924-old-head-assets/art/face_eyelid_review_v001/review.py,2945,1789997666034832700,362ddc2c6c36385e63eb95ec1089ba5779bc68f35fb4c22d068f0d38619c9497,already_tracked,Preserve existing tracked file and user changes,
Live2D/model-ren-asagiri/art/archive/20260924-old-head-assets/art/face_eyelid_review_v001/Upper_eyelid_left_review.png,26432,1789997508500811000,332e80bedb57f5b9a0f74d1679627be7fa23228a03361c061ef2f329dac9717f,local_archive,Historical archive excluded by default; no deletion,
Live2D/model-ren-asagiri/art/archive/20260924-old-head-assets/art/face_eyelid_review_v001/Upper_eyelid_right_review.png,30105,1789997508506195400,624f00262af2fb40b6bc007351d28e95cd707d967dd7573709f0ba029be03ea3,local_archive,Historical archive excluded by default; no deletion,
Live2D/model-ren-asagiri/art/archive/20260924-old-head-assets/art/face_eyelid_review_v001/source_snapshot/face_underfill.png,147939,1789997355975601400,f633bd84b484e60c406f30d30eedf90ef2d28aa55aba1d7f3f129946df0a8ec5,local_archive,Historical archive excluded by default; no deletion,
Live2D/model-ren-asagiri/art/archive/20260924-old-head-assets/art/face_eyelid_review_v001/source_snapshot/Upper_eyelid_left.png,25771,1789996231810593300,99238f31d5ef46f12e53e0e07af5bdf1f2c4691db4c9947b959251970383e638,local_archive,Historical archive excluded by default; no deletion,
Live2D/model-ren-asagiri/art/archive/20260924-old-head-assets/art/face_eyelid_review_v001/source_snapshot/Upper_eyelid_right.png,26354,1789996021456659400,63918c04979ba16ea513974c33b9d3c3f6859196fd0701277bf1cbec1ebaf7c2,local_archive,Historical archive excluded by default; no deletion,
Live2D/model-ren-asagiri/art/archive/20260924-old-head-assets/art/face_manual_review_v009/audit.json,11758,1790070851204499700,82b3cff31d5a2fcf13e8ed859537edc938b05500bf29fbf0a8ae817828a48662,already_tracked,Preserve existing tracked file and user changes,
Live2D/model-ren-asagiri/art/archive/20260924-old-head-assets/art/face_manual_review_v009/comparison.jpg,328783,1790070850814382500,e47c49cf30efcf1a17cfe219abc5b9950fe66a80c428fc80d01e258465466cb2,local_archive,Historical archive excluded by default; no deletion,
Live2D/model-ren-asagiri/art/archive/20260924-old-head-assets/art/face_manual_review_v009/contour_detail.jpg,134287,1790070850854893300,d014a7c7a435bd252067d04537b0d2d785ee416c92a1b23080a0c6042b54dcf0,local_archive,Historical archive excluded by default; no deletion,
Live2D/model-ren-asagiri/art/archive/20260924-old-head-assets/art/face_manual_review_v009/current_with_hair.jpg,281491,1790070850739085200,16be9d1e56e9e9f6a78781be8b52b48d429ba777d8c62593592eae21245abbb6,local_archive,Historical archive excluded by default; no deletion,
Live2D/model-ren-asagiri/art/archive/20260924-old-head-assets/art/face_manual_review_v009/details.py,2166,1790070968052096400,9a51ddd45426feb43e83aa73762b7c4d7c2cae86fc4dc1832162646c64063836,already_tracked,Preserve existing tracked file and user changes,
Live2D/model-ren-asagiri/art/archive/20260924-old-head-assets/art/face_manual_review_v009/edge_details.jpg,132583,1790070970000007700,a8a4404cbaa775d25b4dd16e61a4d16ed189ef5bb4d742d7d98c935981489735,local_archive,Historical archive excluded by default; no deletion,
Live2D/model-ren-asagiri/art/archive/20260924-old-head-assets/art/face_manual_review_v009/eyes_detail.jpg,301457,1790070850835894400,c16296150681182fe6b0bbaa334555b5c1753cb90bd7df799da83cb1b5df83de,local_archive,Historical archive excluded by default; no deletion,
Live2D/model-ren-asagiri/art/archive/20260924-old-head-assets/art/face_manual_review_v009/layer_00.png,105939,1790070851072735100,311085475d9556ff005e3f829a6d253c9cc279243639764105a1e84092e9f2f2,local_archive,Historical archive excluded by default; no deletion,
Live2D/model-ren-asagiri/art/archive/20260924-old-head-assets/art/face_manual_review_v009/layer_01.png,4171,1790070851080734800,c5869fcc3e75b45a79e21d1bb74c27ab0e3e6f6d3e7f1025629200d194ab233a,local_archive,Historical archive excluded by default; no deletion,
Live2D/model-ren-asagiri/art/archive/20260924-old-head-assets/art/face_manual_review_v009/layer_02.png,17774,1790070851087245400,37a37fda5a6ac04a27b311a0316a46d2f2d1166d742be51f8ef52dc3261618ca,local_archive,Historical archive excluded by default; no deletion,
Live2D/model-ren-asagiri/art/archive/20260924-old-head-assets/art/face_manual_review_v009/layer_03.png,3585,1790070851093244400,a556737a2312c9023e8ac0b5982cffebe974173ae23e1c78661860ae3a5bbf67,local_archive,Historical archive excluded by default; no deletion,
Live2D/model-ren-asagiri/art/archive/20260924-old-head-assets/art/face_manual_review_v009/layer_04.png,11057,1790070851100245000,7eeec9b4427c42d9c43b66b79b46f37f99d38cd8808e82af452d91936d171c08,local_archive,Historical archive excluded by default; no deletion,
Live2D/model-ren-asagiri/art/archive/20260924-old-head-assets/art/face_manual_review_v009/layer_05.png,4092,1790070851108249800,27101c3d55f81f6c46b021149abcdfadd5090984e8f9b34c6ebee1f720e7a4c6,local_archive,Historical archive excluded by default; no deletion,
Live2D/model-ren-asagiri/art/archive/20260924-old-head-assets/art/face_manual_review_v009/layer_06.png,16914,1790070851115249400,4fff93ec5ca6f7733992f04a8c13402353d50816f58c97db47a59ecc988c7395,local_archive,Historical archive excluded by default; no deletion,
Live2D/model-ren-asagiri/art/archive/20260924-old-head-assets/art/face_manual_review_v009/layer_07.png,3910,1790070851119248800,919491aa392c01fc5f35177a3ced53ae934d224d62298a2c768021c01c9caeaf,local_archive,Historical archive excluded by default; no deletion,
Live2D/model-ren-asagiri/art/archive/20260924-old-head-assets/art/face_manual_review_v009/layer_08.png,10973,1790070851126856400,4737073f451bb1e3a54d75806f9db246f84b6e23e824f4e98b237ea96582c682,local_archive,Historical archive excluded by default; no deletion,
Live2D/model-ren-asagiri/art/archive/20260924-old-head-assets/art/face_manual_review_v009/layer_09.png,1581,1790070851131387600,db46a876798e151695eef3824b2bf07ff5c4ea5f9679855f8afb2683332bbdc1,local_archive,Historical archive excluded by default; no deletion,
Live2D/model-ren-asagiri/art/archive/20260924-old-head-assets/art/face_manual_review_v009/layer_10.png,2111,1790070851135898400,debeb2cd31554a7deadbd45c278d3f1e1af510a97131efdfd44310994d0e8c6c,local_archive,Historical archive excluded by default; no deletion,
Live2D/model-ren-asagiri/art/archive/20260924-old-head-assets/art/face_manual_review_v009/layer_11.png,3542,1790070851141052800,8ec050c1c78c8b7ab56c1252b979909699d2120257b5f36735f45d5adacb2d20,local_archive,Historical archive excluded by default; no deletion,
Live2D/model-ren-asagiri/art/archive/20260924-old-head-assets/art/face_manual_review_v009/parts_sheet.jpg,221021,1790070851198499400,2e524480328b5ffd83d2859499c4c221512664aaf959ebc2cc6e115455e406d4,local_archive,Historical archive excluded by default; no deletion,
Live2D/model-ren-asagiri/art/archive/20260924-old-head-assets/art/face_manual_review_v009/psd_inventory.json,2609,1790070585801399200,ee4cd5cf693f2143a9a6b8b818321867e70bb87971adca22454c4e1a8277f08e,already_tracked,Preserve existing tracked file and user changes,
Live2D/model-ren-asagiri/art/archive/20260924-old-head-assets/art/face_manual_review_v009/psd_source_check.json,4360,1790070969984110700,4fde5325d2de0c16a90fa3a492e1d86d80f9b1d3c640ba3d9d8e428347d59d61,already_tracked,Preserve existing tracked file and user changes,
Live2D/model-ren-asagiri/art/archive/20260924-old-head-assets/art/face_manual_review_v009/REVIEW.md,4702,1790071060344867800,66727b7c48ae36593595166963f71fa0609d8dfce5645f4e53b3919927dcba6f,already_tracked,Preserve existing tracked file and user changes,
Live2D/model-ren-asagiri/art/archive/20260924-old-head-assets/art/face_manual_review_v009/review.py,4739,1790070848427558700,26f63969cc3dc3c571c9924419fdbbd2fbbe113207bf424f73c674f238aa79ab,already_tracked,Preserve existing tracked file and user changes,
Live2D/model-ren-asagiri/art/archive/20260924-old-head-assets/art/face_manual_review_v009/sample.jpg,36445,1790070585796403000,b84e1154bfd1a0beea964e735312c24b5facde49983fe2f227fc420cc460c626,local_archive,Historical archive excluded by default; no deletion,
Live2D/model-ren-asagiri/art/archive/20260924-old-head-assets/art/head_comparison_20260924/assembly.json,6079,1790222031316246100,711d87f1186a40191bb4e1d583d62bf19e1b167aa13f5b6de588e02d1c5d6c8d,already_tracked,Preserve existing tracked file and user changes,
Live2D/model-ren-asagiri/art/archive/20260924-old-head-assets/art/head_comparison_20260924/build_face.py,5467,1790221001120199900,a92fc48d6d560b3f07f7b267773fe24686fcd5c371c2ad49965905341f3f9ecf,already_tracked,Preserve existing tracked file and user changes,
Live2D/model-ren-asagiri/art/archive/20260924-old-head-assets/art/head_comparison_20260924/build_head.py,4940,1790222248257713800,483e273430dbfc168a89a60c27cdafdef196c63289efdff4beb9cf6c9160e53e,already_tracked,Preserve existing tracked file and user changes,
Live2D/model-ren-asagiri/art/archive/20260924-old-head-assets/art/head_comparison_20260924/comparison.jpg,134143,1790222031088105100,1c219aed7e6e4504ca323f22cbf544da7a1f7c3f43c8eae3415878450af964b4,local_archive,Historical archive excluded by default; no deletion,
Live2D/model-ren-asagiri/art/archive/20260924-old-head-assets/art/head_comparison_20260924/detail_comparison.jpg,195799,1790222031107111000,1840270ae6c3a3a9235fa56451811d2e5d3306c545d0b9defd231529a28ed97e,local_archive,Historical archive excluded by default; no deletion,
Live2D/model-ren-asagiri/art/archive/20260924-old-head-assets/art/head_comparison_20260924/face_sample.png,178070,1790222031005573900,610a4ed5f8b1d49fbb227b618a5ed7877cb9f25b7729436603e4682e37c772c1,local_archive,Historical archive excluded by default; no deletion,
Live2D/model-ren-asagiri/art/archive/20260924-old-head-assets/art/head_comparison_20260924/face_sample_gray.png,155924,1790222031026080700,4a4083b0e2f0da850d8029b4d3ee4a29018113b402e2ea26c0db5fdd785ecbeb,local_archive,Historical archive excluded by default; no deletion,
Live2D/model-ren-asagiri/art/archive/20260924-old-head-assets/art/head_comparison_20260924/original_features_comparison.jpg,222703,1790222031278217600,102b32a6f39ab42cd93e2b5ba8f3c5b0fcc44ad134e7c396f5d399929561eb41,local_archive,Historical archive excluded by default; no deletion,
Live2D/model-ren-asagiri/art/archive/20260924-old-head-assets/art/head_comparison_20260924/placement_reference_gray.png,155928,1790222031047079200,5bfbee9ae931f02cc9f80238e55b218e1a0f9d6adbab2af19e2a5f20e07b2beb,local_archive,Historical archive excluded by default; no deletion,
Live2D/model-ren-asagiri/art/archive/20260924-old-head-assets/art/head_comparison_20260924/source_snapshot/ALT_eyelash_upper_L.png,28169,1790217374514622300,6a1e4070e6d2e06df01052b822f25ecd878d09269725291faac26fa365032e9e,local_archive,Historical archive excluded by default; no deletion,
Live2D/model-ren-asagiri/art/archive/20260924-old-head-assets/art/head_comparison_20260924/source_snapshot/ALT_eyelash_upper_R.png,28208,1790217291761219900,1dff844b9527fd4a1b2fb4587c10a6ce1047145f7fc63cc2a4746e3ccf1e6440,local_archive,Historical archive excluded by default; no deletion,
Live2D/model-ren-asagiri/art/archive/20260924-old-head-assets/art/head_comparison_20260924/source_snapshot/ALT_iris_L_blue.png,35388,1790068188595695000,f232f20d44def5e10c06f6957c50e74be99f0aae909b04c4b5b97ec180f9bc05,local_archive,Historical archive excluded by default; no deletion,
Live2D/model-ren-asagiri/art/archive/20260924-old-head-assets/art/head_comparison_20260924/source_snapshot/ALT_iris_R_brown.png,36049,1790068160273267200,1912823fb0bc5d6b2994ec975e1cae61fb1d4ad53905d8d0d9adcfae03b96601,local_archive,Historical archive excluded by default; no deletion,
Live2D/model-ren-asagiri/art/archive/20260924-old-head-assets/art/head_comparison_20260924/source_snapshot/brow_L.png,21020,1790220147923496200,1d259eb00870a694a6ddba562e9821babc5bf5dcec19c68b0a1f59ecf4d34dfb,local_archive,Historical archive excluded by default; no deletion,
Live2D/model-ren-asagiri/art/archive/20260924-old-head-assets/art/head_comparison_20260924/source_snapshot/brow_R.png,22773,1790220236269091100,c84aa7bb7869b5bf633d1212296e52795d078f1b48eb856e85f6daf108c9cc74,local_archive,Historical archive excluded by default; no deletion,
Live2D/model-ren-asagiri/art/archive/20260924-old-head-assets/art/head_comparison_20260924/source_snapshot/face_underfill.png,128342,1790220291733619700,01f1f19bd3d29e79df8e3cd40b4feeaa52a76964f947fd9a041eb829f213e5ee,local_archive,Historical archive excluded by default; no deletion,
Live2D/model-ren-asagiri/art/archive/20260924-old-head-assets/art/head_comparison_20260924/source_snapshot/facial_feature.png,198929,1790221704999774700,01dfe6507a95db1541790c0c3a4c81248803125a98afc6c932df6df0864b2361,local_archive,Historical archive excluded by default; no deletion,
Live2D/model-ren-asagiri/art/archive/20260924-old-head-assets/art/head_comparison_20260924/source_snapshot/FILL_eye_white_L.png,22994,1790219603094596100,01c227543b1022dc4a8d61aab1483c7a94299a1e204d477c8e241594f4987726,local_archive,Historical archive excluded by default; no deletion,
Live2D/model-ren-asagiri/art/archive/20260924-old-head-assets/art/head_comparison_20260924/source_snapshot/FILL_eye_white_R.png,22994,1790219580914993500,0b6e3077fb2c2e0d93fa40a988bcced3e66b6949cd9849aaf4a032210ac87a7c,local_archive,Historical archive excluded by default; no deletion,
Live2D/model-ren-asagiri/art/archive/20260924-old-head-assets/art/head_comparison_20260924/source_snapshot/lower_eyelid_left.png,23309,1790221378540763300,11046d47e00e1b5930ab23d312dfda4b047ae61e3d548a59f5e4a0587ad24fe5,local_archive,Historical archive excluded by default; no deletion,
Live2D/model-ren-asagiri/art/archive/20260924-old-head-assets/art/head_comparison_20260924/source_snapshot/lower_eyelid_right.png,22894,1790219056128041000,ffb3942db69111672964c0426051198a3cf6865f7d2fd31bf9b4b3077c064e92,local_archive,Historical archive excluded by default; no deletion,
Live2D/model-ren-asagiri/art/archive/20260924-old-head-assets/art/head_comparison_20260924/source_snapshot/mouth_closed.png,20671,1790068473338787300,5f0b8bc2594a58b935f2b4929e1c20e72a5ad35e649bc906d6d827ee73f10ca6,local_archive,Historical archive excluded by default; no deletion,
Live2D/model-ren-asagiri/art/archive/20260924-old-head-assets/art/head_comparison_20260924/source_snapshot/ren-stand-pony-front-4000x6000.png,4132582,1789956672431504000,edf3b0317f981568b29f04fc1dbaeebae416b164741c2dee2499d0a6116a4817,local_archive,Historical archive excluded by default; no deletion,
Live2D/model-ren-asagiri/art/archive/20260924-old-head-assets/art/head_comparison_20260924/source_snapshot/upper_crease_L.png,2502,1790054069243247100,bd9d9b116d0a6346dca7485f5dbae57178a469274fc75d5009a0f71d0fbf0155,local_archive,Historical archive excluded by default; no deletion,
Live2D/model-ren-asagiri/art/archive/20260924-old-head-assets/art/head_comparison_20260924/source_snapshot/upper_crease_R.png,23706,1790071342499019900,b21b6161eadda172aae5911b7ef47d7a8b40b590907458517b2d8e657cee9390,local_archive,Historical archive excluded by default; no deletion,
Live2D/model-ren-asagiri/art/archive/20260924-old-head-assets/art/mouth_motion_v001/build_mouth.py,8570,1790038157380605300,1f99864551bad244c8e909185844c682e76665d70c04cc09469e54ebe9c17d43,already_tracked,Preserve existing tracked file and user changes,
Live2D/model-ren-asagiri/art/archive/20260924-old-head-assets/art/mouth_motion_v001/face_states.jpg,80720,1790038159676350500,b28afb37a17ac5a11c7c3086ae0f1dc809818598c0e568eca7697f1a12e8eabe,local_archive,Historical archive excluded by default; no deletion,
Live2D/model-ren-asagiri/art/archive/20260924-old-head-assets/art/mouth_motion_v001/mouth_preview.gif,1075878,1790038163519248200,8b940356a18af94e8f8f977d3cebb43a5820d0d80b180783e9f93f751c24d2ac,local_archive,Historical archive excluded by default; no deletion,
Live2D/model-ren-asagiri/art/archive/20260924-old-head-assets/art/mouth_motion_v001/mouth_states.jpg,71397,1790038159650352600,3bd1abeefa46dae6bb5df26dfd3d7183345b5f72d7bd34addf27529777277b01,local_archive,Historical archive excluded by default; no deletion,
Live2D/model-ren-asagiri/art/archive/20260924-old-head-assets/art/mouth_motion_v001/README.md,4608,1790038265302189600,5ab3a8b281196d212802c2e26f16c00f96aa528f841e433908ff17bc61460c01,already_tracked,Preserve existing tracked file and user changes,
Live2D/model-ren-asagiri/art/archive/20260924-old-head-assets/art/mouth_motion_v001/transition_contact_sheet.jpg,126966,1790038165253424600,79420b2a99b281ab9bdaf4046012350a849e10fdbc86e6a116bc88ec38990432,local_archive,Historical archive excluded by default; no deletion,
Live2D/model-ren-asagiri/art/archive/20260924-old-head-assets/art/mouth_motion_v001/validation.json,3046,1790038165255426700,ee518e1eef8233a74b5212f34fd0ca91fda6a76d1723722d210524afbc70ca75,already_tracked,Preserve existing tracked file and user changes,
Live2D/model-ren-asagiri/art/archive/20260924-old-head-assets/art/mouth_motion_v001/closed/assembled.png,180552,1790038167071400800,6c1fed8c8d33da9a6c4f46f185746c1c01e6544bece6b2948c1945a80b768c07,local_archive,Historical archive excluded by default; no deletion,
Live2D/model-ren-asagiri/art/archive/20260924-old-head-assets/art/mouth_motion_v001/closed/independent_verification.json,921,1790038187648210800,41479f1d351d950a30848edcdcda5e97b78ba06799019dfbdbb9a53718ae2724,already_tracked,Preserve existing tracked file and user changes,
Live2D/model-ren-asagiri/art/archive/20260924-old-head-assets/art/mouth_motion_v001/closed/manifest.json,2438,1790038159109613300,5ffe98b94b4a7c4a5c60ac6a025f202d37bd411ed03832f07ef12d900d2f471b,already_tracked,Preserve existing tracked file and user changes,
Live2D/model-ren-asagiri/art/archive/20260924-old-head-assets/art/mouth_motion_v001/closed/preview.png,175183,1790038167108401600,89691080db8bd871b7fbc8ce0e1259923087828ee3e25056b7c1fd6bf885b01c,local_archive,Historical archive excluded by default; no deletion,
Live2D/model-ren-asagiri/art/archive/20260924-old-head-assets/art/mouth_motion_v001/closed/psd_verification.json,8142,1790038167194982600,9a7977d869992a34f864c744156ba48cd8e27028f02d314a18e25650f4a556ed,already_tracked,Preserve existing tracked file and user changes,
Live2D/model-ren-asagiri/art/archive/20260924-old-head-assets/art/mouth_motion_v001/closed/python_composite.png,177571,1790038159127617400,cce50130cc8b2166ef2ba0c663b0e25343248836b0cb7117e290cf5cade91b6d,local_archive,Historical archive excluded by default; no deletion,
Live2D/model-ren-asagiri/art/archive/20260924-old-head-assets/art/mouth_motion_v001/closed/Ren_mouth_closed_v001.psd,695377,1790038167033403200,7fb1de371396e7d5ca109f09bebcc9c4ebbdb974935ddf32d0aa335b6c0e91be,local_archive,Historical archive excluded by default; no deletion,
Live2D/model-ren-asagiri/art/archive/20260924-old-head-assets/art/mouth_motion_v001/closed/parts/eyes_context.png,67904,1790038159101109100,66600bc5d7848acaa8e7a18a98fa488d48a7e69b1e7ac716aa1d8153e8f9dbc8,local_archive,Historical archive excluded by default; no deletion,
Live2D/model-ren-asagiri/art/archive/20260924-old-head-assets/art/mouth_motion_v001/closed/parts/face_underfill.png,104782,1790038159096544800,b9977ae339d7e3081f81ca4a70a2a4fa1ef69df8e2e50c5835bbc130f9388b5a,local_archive,Historical archive excluded by default; no deletion,
Live2D/model-ren-asagiri/art/archive/20260924-old-head-assets/art/mouth_motion_v001/closed/parts/mouth_cavity.png,70,1790038159101109100,c2153f77e11087fcb078ae38527fa83bef29791e3700e30cc87fec4405a66d0f,local_archive,Historical archive excluded by default; no deletion,
Live2D/model-ren-asagiri/art/archive/20260924-old-head-assets/art/mouth_motion_v001/closed/parts/mouth_closed.png,1976,1790038159103111100,1c2475a7b5a6397892e76007f39582e9e6d23e77696c09b4000d1cd16614191f,local_archive,Historical archive excluded by default; no deletion,
Live2D/model-ren-asagiri/art/archive/20260924-old-head-assets/art/mouth_motion_v001/closed/parts/mouth_rim_lower.png,70,1790038159103111100,c2153f77e11087fcb078ae38527fa83bef29791e3700e30cc87fec4405a66d0f,local_archive,Historical archive excluded by default; no deletion,
Live2D/model-ren-asagiri/art/archive/20260924-old-head-assets/art/mouth_motion_v001/closed/parts/mouth_rim_upper.png,70,1790038159102111600,c2153f77e11087fcb078ae38527fa83bef29791e3700e30cc87fec4405a66d0f,local_archive,Historical archive excluded by default; no deletion,
Live2D/model-ren-asagiri/art/archive/20260924-old-head-assets/art/mouth_motion_v001/closed/parts/mouth_teeth_upper.png,70,1790038159102111600,c2153f77e11087fcb078ae38527fa83bef29791e3700e30cc87fec4405a66d0f,local_archive,Historical archive excluded by default; no deletion,
Live2D/model-ren-asagiri/art/archive/20260924-old-head-assets/art/mouth_motion_v001/closed/parts/mouth_tongue.png,70,1790038159102111600,c2153f77e11087fcb078ae38527fa83bef29791e3700e30cc87fec4405a66d0f,local_archive,Historical archive excluded by default; no deletion,
Live2D/model-ren-asagiri/art/archive/20260924-old-head-assets/art/mouth_motion_v001/closed/parts/REF_mouth_cavity.png,5213,1790038159105110300,907cf8631f6342a08e81cf28567d24a7bdde2856014a3d2626ea17e0c21f60ee,local_archive,Historical archive excluded by default; no deletion,
Live2D/model-ren-asagiri/art/archive/20260924-old-head-assets/art/mouth_motion_v001/closed/parts/REF_mouth_rim_lower.png,7388,1790038159108109900,c14750492c3cf262c4e499bac4b2f70c903ec17aedb0c137a32ab173c4b14e6b,local_archive,Historical archive excluded by default; no deletion,
Live2D/model-ren-asagiri/art/archive/20260924-old-head-assets/art/mouth_motion_v001/closed/parts/REF_mouth_rim_upper.png,10112,1790038159107108400,fdbe20d7bc70abe8b5f10d0167d5816d0fba7044cd8ae9ceab1e3b2a476eec8b,local_archive,Historical archive excluded by default; no deletion,
Live2D/model-ren-asagiri/art/archive/20260924-old-head-assets/art/mouth_motion_v001/closed/parts/REF_mouth_teeth_upper.png,14911,1790038159109613300,356b808c921fad735154c9ed45754a884cc12db1b0c6059267a6cdc86f9a0ea0,local_archive,Historical archive excluded by default; no deletion,
Live2D/model-ren-asagiri/art/archive/20260924-old-head-assets/art/mouth_motion_v001/closed/parts/REF_mouth_tongue.png,10602,1790038159106109900,4f14d23a708cd3382508c3ec7d8bea0de5a4eeba2dc494f799cf3c16d2221abb,local_archive,Historical archive excluded by default; no deletion,
Live2D/model-ren-asagiri/art/archive/20260924-old-head-assets/art/mouth_motion_v001/open/assembled.png,194394,1790038167258000400,59eee7be8c0b504792a33db9ebee695dd955543ddc3618e2f1848bc08a71f345,local_archive,Historical archive excluded by default; no deletion,
Live2D/model-ren-asagiri/art/archive/20260924-old-head-assets/art/mouth_motion_v001/open/independent_verification.json,920,1790038187466410700,bb4f4cbe5c08acb7e6817c2b112188fdd3894d2418d455ed521b6b710749c4d6,already_tracked,Preserve existing tracked file and user changes,
Live2D/model-ren-asagiri/art/archive/20260924-old-head-assets/art/mouth_motion_v001/open/manifest.json,2452,1790038159611274700,39ff98c493c657cb5a84f17c80513cf55ee0c4831a686efd037990d5d02c890c,already_tracked,Preserve existing tracked file and user changes,
Live2D/model-ren-asagiri/art/archive/20260924-old-head-assets/art/mouth_motion_v001/open/preview.png,188942,1790038167295000400,b3d8ac390c2bf8b84e8a0a013ea7accbf0d11a03db4e48bafbfa935f6f68f81a,local_archive,Historical archive excluded by default; no deletion,
Live2D/model-ren-asagiri/art/archive/20260924-old-head-assets/art/mouth_motion_v001/open/psd_verification.json,8554,1790038167384651900,a33c2f068e62582cab01da4e4a394e918e1fb992386848df1eab17598c5f5e53,already_tracked,Preserve existing tracked file and user changes,
Live2D/model-ren-asagiri/art/archive/20260924-old-head-assets/art/mouth_motion_v001/open/python_composite.png,192987,1790038159630349500,faf8c24af6d100b21238830b0108d7230472c1b013e847e9851bb80c4942367f,local_archive,Historical archive excluded by default; no deletion,
Live2D/model-ren-asagiri/art/archive/20260924-old-head-assets/art/mouth_motion_v001/open/Ren_mouth_open_v001.psd,755470,1790038167220998600,c04a698b5dcc58c4dc6ca42114654b7613b38438a3a987d7e46ab7ba3ea188a4,local_archive,Historical archive excluded by default; no deletion,
Live2D/model-ren-asagiri/art/archive/20260924-old-head-assets/art/mouth_motion_v001/open/parts/eyes_context.png,67904,1790038159600221600,66600bc5d7848acaa8e7a18a98fa488d48a7e69b1e7ac716aa1d8153e8f9dbc8,local_archive,Historical archive excluded by default; no deletion,
Live2D/model-ren-asagiri/art/archive/20260924-old-head-assets/art/mouth_motion_v001/open/parts/face_underfill.png,104782,1790038159597220000,b9977ae339d7e3081f81ca4a70a2a4fa1ef69df8e2e50c5835bbc130f9388b5a,local_archive,Historical archive excluded by default; no deletion,
Live2D/model-ren-asagiri/art/archive/20260924-old-head-assets/art/mouth_motion_v001/open/parts/mouth_cavity.png,4310,1790038159601222700,54391de0247f8ed4e4bff170093ad65d58f6f21700f417e05e406bf8453e54d7,local_archive,Historical archive excluded by default; no deletion,
Live2D/model-ren-asagiri/art/archive/20260924-old-head-assets/art/mouth_motion_v001/open/parts/mouth_closed.png,70,1790038159605222900,c2153f77e11087fcb078ae38527fa83bef29791e3700e30cc87fec4405a66d0f,local_archive,Historical archive excluded by default; no deletion,
Live2D/model-ren-asagiri/art/archive/20260924-old-head-assets/art/mouth_motion_v001/open/parts/mouth_rim_lower.png,5260,1790038159605222900,4bd9e18511e34613916ee54cd89798d4611ff2adcb9692f9dcddd4a5f43346c5,local_archive,Historical archive excluded by default; no deletion,
Live2D/model-ren-asagiri/art/archive/20260924-old-head-assets/art/mouth_motion_v001/open/parts/mouth_rim_upper.png,6883,1790038159604222900,8d210614486cc16b9ef9db3087c791404952c056ded0978546f4541f690bb1c4,local_archive,Historical archive excluded by default; no deletion,
Live2D/model-ren-asagiri/art/archive/20260924-old-head-assets/art/mouth_motion_v001/open/parts/mouth_teeth_upper.png,9598,1790038159602224000,0a51950dfd392bd11dc63481e9832889572e63e4c95b09eb72cfc3b519cf8f86,local_archive,Historical archive excluded by default; no deletion,
Live2D/model-ren-asagiri/art/archive/20260924-old-head-assets/art/mouth_motion_v001/open/parts/mouth_tongue.png,7260,1790038159603224000,75d948aa5d45d9fd95098ecc0a8cb254af97fe761a67f41e4e2535869cd2d01b,local_archive,Historical archive excluded by default; no deletion,
Live2D/model-ren-asagiri/art/archive/20260924-old-head-assets/art/mouth_motion_v001/open/parts/REF_mouth_cavity.png,5213,1790038159607222700,907cf8631f6342a08e81cf28567d24a7bdde2856014a3d2626ea17e0c21f60ee,local_archive,Historical archive excluded by default; no deletion,
Live2D/model-ren-asagiri/art/archive/20260924-old-head-assets/art/mouth_motion_v001/open/parts/REF_mouth_rim_lower.png,7388,1790038159610223100,c14750492c3cf262c4e499bac4b2f70c903ec17aedb0c137a32ab173c4b14e6b,local_archive,Historical archive excluded by default; no deletion,
Live2D/model-ren-asagiri/art/archive/20260924-old-head-assets/art/mouth_motion_v001/open/parts/REF_mouth_rim_upper.png,10112,1790038159609222800,fdbe20d7bc70abe8b5f10d0167d5816d0fba7044cd8ae9ceab1e3b2a476eec8b,local_archive,Historical archive excluded by default; no deletion,
Live2D/model-ren-asagiri/art/archive/20260924-old-head-assets/art/mouth_motion_v001/open/parts/REF_mouth_teeth_upper.png,14911,1790038159611274700,356b808c921fad735154c9ed45754a884cc12db1b0c6059267a6cdc86f9a0ea0,local_archive,Historical archive excluded by default; no deletion,
Live2D/model-ren-asagiri/art/archive/20260924-old-head-assets/art/mouth_motion_v001/open/parts/REF_mouth_tongue.png,10602,1790038159608223000,4f14d23a708cd3382508c3ec7d8bea0de5a4eeba2dc494f799cf3c16d2221abb,local_archive,Historical archive excluded by default; no deletion,
Live2D/model-ren-asagiri/art/archive/20260924-old-head-assets/art/mouth_motion_v001/small/assembled.png,182819,1790038167428668600,42a86227254b0309d47ee79df9c248bcf0302fc36b9e3e9e9454eeecb106cdd1,local_archive,Historical archive excluded by default; no deletion,
Live2D/model-ren-asagiri/art/archive/20260924-old-head-assets/art/mouth_motion_v001/small/independent_verification.json,919,1790038187266145600,ef47e15d57a8d179b1863566bcae88b60688f415c9149651eab56db5a4c4948b,already_tracked,Preserve existing tracked file and user changes,
Live2D/model-ren-asagiri/art/archive/20260924-old-head-assets/art/mouth_motion_v001/small/manifest.json,2456,1790038159358482600,a718110d24cf005dbed60fcd855f41e346da5bf6ef8247a361a0bc2f65b81758,already_tracked,Preserve existing tracked file and user changes,
Live2D/model-ren-asagiri/art/archive/20260924-old-head-assets/art/mouth_motion_v001/small/preview.png,177555,1790038167465665900,d91c62281aa62fd54a77d13e968eb8a65e2101bcc5b5527c158239772b9c1400,local_archive,Historical archive excluded by default; no deletion,
Live2D/model-ren-asagiri/art/archive/20260924-old-head-assets/art/mouth_motion_v001/small/psd_verification.json,8564,1790038167542245100,c465763d06a4149e7622c94f4c73bef5b4ac25e25c3e1dd8f06b4dbbc650edef,already_tracked,Preserve existing tracked file and user changes,
Live2D/model-ren-asagiri/art/archive/20260924-old-head-assets/art/mouth_motion_v001/small/python_composite.png,179717,1790038159376482200,73949f436fb7203176345d1b5fb958d2d548a45ad3ef7f17ad80f0734b935243,local_archive,Historical archive excluded by default; no deletion,
Live2D/model-ren-asagiri/art/archive/20260924-old-head-assets/art/mouth_motion_v001/small/Ren_mouth_small_v001.psd,704491,1790038167392653400,96e7f663c904f27b575220e80b3cba2a9ca425ab99a4f53c25b902884e86aa78,local_archive,Historical archive excluded by default; no deletion,
Live2D/model-ren-asagiri/art/archive/20260924-old-head-assets/art/mouth_motion_v001/small/parts/eyes_context.png,67904,1790038159348479700,66600bc5d7848acaa8e7a18a98fa488d48a7e69b1e7ac716aa1d8153e8f9dbc8,local_archive,Historical archive excluded by default; no deletion,
Live2D/model-ren-asagiri/art/archive/20260924-old-head-assets/art/mouth_motion_v001/small/parts/face_underfill.png,104782,1790038159345480900,b9977ae339d7e3081f81ca4a70a2a4fa1ef69df8e2e50c5835bbc130f9388b5a,local_archive,Historical archive excluded by default; no deletion,
Live2D/model-ren-asagiri/art/archive/20260924-old-head-assets/art/mouth_motion_v001/small/parts/mouth_cavity.png,1159,1790038159349481400,ddf19ebff4f17a8cf3783bfec98e2ff7b57b4bff92f5dfbfedadcffa10de4cf4,local_archive,Historical archive excluded by default; no deletion,
Live2D/model-ren-asagiri/art/archive/20260924-old-head-assets/art/mouth_motion_v001/small/parts/mouth_closed.png,70,1790038159352483600,c2153f77e11087fcb078ae38527fa83bef29791e3700e30cc87fec4405a66d0f,local_archive,Historical archive excluded by default; no deletion,
Live2D/model-ren-asagiri/art/archive/20260924-old-head-assets/art/mouth_motion_v001/small/parts/mouth_rim_lower.png,2952,1790038159352483600,dc0c689d9424e1a94290e3906eaa0a61708918da808304a3878634420eff731e,local_archive,Historical archive excluded by default; no deletion,
Live2D/model-ren-asagiri/art/archive/20260924-old-head-assets/art/mouth_motion_v001/small/parts/mouth_rim_upper.png,2906,1790038159351482500,ca32c7e9a4323ca9773e4e91c1e0955d009cf7e101fda8f818768bbc005809b0,local_archive,Historical archive excluded by default; no deletion,
Live2D/model-ren-asagiri/art/archive/20260924-old-head-assets/art/mouth_motion_v001/small/parts/mouth_teeth_upper.png,146,1790038159350483100,3fe41b0d6a4ca886fcc85cd61c1af8add35f9e1593a6b8332a55e52ae6e6b4d4,local_archive,Historical archive excluded by default; no deletion,
Live2D/model-ren-asagiri/art/archive/20260924-old-head-assets/art/mouth_motion_v001/small/parts/mouth_tongue.png,207,1790038159350483100,c258eba95416619563dd34a7a1dd44985b65b5e81c2dec1c2367ac1a8cd3c9ae,local_archive,Historical archive excluded by default; no deletion,
Live2D/model-ren-asagiri/art/archive/20260924-old-head-assets/art/mouth_motion_v001/small/parts/REF_mouth_cavity.png,5213,1790038159353481800,907cf8631f6342a08e81cf28567d24a7bdde2856014a3d2626ea17e0c21f60ee,local_archive,Historical archive excluded by default; no deletion,
Live2D/model-ren-asagiri/art/archive/20260924-old-head-assets/art/mouth_motion_v001/small/parts/REF_mouth_rim_lower.png,7388,1790038159356482800,c14750492c3cf262c4e499bac4b2f70c903ec17aedb0c137a32ab173c4b14e6b,local_archive,Historical archive excluded by default; no deletion,
Live2D/model-ren-asagiri/art/archive/20260924-old-head-assets/art/mouth_motion_v001/small/parts/REF_mouth_rim_upper.png,10112,1790038159355482700,fdbe20d7bc70abe8b5f10d0167d5816d0fba7044cd8ae9ceab1e3b2a476eec8b,local_archive,Historical archive excluded by default; no deletion,
Live2D/model-ren-asagiri/art/archive/20260924-old-head-assets/art/mouth_motion_v001/small/parts/REF_mouth_teeth_upper.png,14911,1790038159358482600,356b808c921fad735154c9ed45754a884cc12db1b0c6059267a6cdc86f9a0ea0,local_archive,Historical archive excluded by default; no deletion,
Live2D/model-ren-asagiri/art/archive/20260924-old-head-assets/art/mouth_motion_v001/small/parts/REF_mouth_tongue.png,10602,1790038159354482800,4f14d23a708cd3382508c3ec7d8bea0de5a4eeba2dc494f799cf3c16d2221abb,local_archive,Historical archive excluded by default; no deletion,
Live2D/model-ren-asagiri/art/archive/20260924-old-head-assets/art/mouth_motion_v001/source_snapshot/approved_open_eyes_context.png,74421,1790038158874317300,c41df67029910b1d60a73cea211b8f01e2ad395a19f36619081289877af98bc9,local_archive,Historical archive excluded by default; no deletion,
Live2D/model-ren-asagiri/art/archive/20260924-old-head-assets/art/mouth_motion_v001/source_snapshot/face_underfill.png,123382,1790034546774571200,f7d8727b5b2bfa2816bd4d21148cedba14ee1b6676058836b2a979d070dc07a0,local_archive,Historical archive excluded by default; no deletion,
Live2D/model-ren-asagiri/art/archive/20260924-old-head-assets/art/mouth_motion_v001/source_snapshot/mouth_cavity.png,4934,1789989192630276400,f845f65ad41dd5049443fae32627404b4d0aa3bc3e5af70c761ee9d1ecaa35e2,local_archive,Historical archive excluded by default; no deletion,
Live2D/model-ren-asagiri/art/archive/20260924-old-head-assets/art/mouth_motion_v001/source_snapshot/mouth_closed.png,20774,1790035930512854400,86860b51c7498d50a5db053c530fa11a42a6723d0be576060cfd8206abcbd6f4,local_archive,Historical archive excluded by default; no deletion,
Live2D/model-ren-asagiri/art/archive/20260924-old-head-assets/art/mouth_motion_v001/source_snapshot/mouth_rim_lower.png,26556,1790037523523014100,78033b9291e3a7120f88cd525d3977c771ddfdf2d4910018c8d4866657bb1b29,local_archive,Historical archive excluded by default; no deletion,
Live2D/model-ren-asagiri/art/archive/20260924-old-head-assets/art/mouth_motion_v001/source_snapshot/mouth_rim_upper.png,29111,1790037580645916700,5fdd579737481dc78d5a2bbcd73ab8ec028f8300c63e472b8a0d003dc8571691,local_archive,Historical archive excluded by default; no deletion,
Live2D/model-ren-asagiri/art/archive/20260924-old-head-assets/art/mouth_motion_v001/source_snapshot/mouth_teeth_upper.png,25362,1790032757428245600,43fab6e7e41ca68d73942c5f7d54d52793ad4f4df755773a44fd0ef8ff9255a4,local_archive,Historical archive excluded by default; no deletion,
Live2D/model-ren-asagiri/art/archive/20260924-old-head-assets/art/mouth_motion_v001/source_snapshot/mouth_tongue.png,10539,1789989192632275900,aaff8d6a86d6093e5b274016f49d2daa4290100ee50dd6aeab094ff1b6fd277a,local_archive,Historical archive excluded by default; no deletion,
Live2D/model-ren-asagiri/art/archive/20260924-old-head-assets/art/mouth_motion_v002/before_after.jpg,66051,1790038855531659300,34cc579398f63d025fadbe4ada02064feee6aaa1e8d14c00ab022d552d206baf,local_archive,Historical archive excluded by default; no deletion,
Live2D/model-ren-asagiri/art/archive/20260924-old-head-assets/art/mouth_motion_v002/build_mouth.py,8922,1790038802705416200,b737811cfe15be1343a9a3cbbe1299dad01041ff268701e90e396c703af6f800,already_tracked,Preserve existing tracked file and user changes,
Live2D/model-ren-asagiri/art/archive/20260924-old-head-assets/art/mouth_motion_v002/face_states.jpg,106130,1790038805366689200,7760920159269b5f3730a12c40696f1e13bad9670415f66dc5d43b96056bab89,local_archive,Historical archive excluded by default; no deletion,
Live2D/model-ren-asagiri/art/archive/20260924-old-head-assets/art/mouth_motion_v002/mouth_preview.gif,1083328,1790038809376260600,79148f7eaf677ab2a5840d2092f5ecbd8dfc8bd96817cffc51bd6b7dd139f63b,local_archive,Historical archive excluded by default; no deletion,
Live2D/model-ren-asagiri/art/archive/20260924-old-head-assets/art/mouth_motion_v002/mouth_states.jpg,92993,1790038805331184100,2ac6d5fe97ef89ca9fbe3df6aee7021891c9dbff353079d4fcbca62d0a546e45,local_archive,Historical archive excluded by default; no deletion,
Live2D/model-ren-asagiri/art/archive/20260924-old-head-assets/art/mouth_motion_v002/README.md,3537,1790039797588903600,4176ef68095179946cb2beb22859d97478f3d5f82da5ca6752b7c72c3df54836,already_tracked,Preserve existing tracked file and user changes,
Live2D/model-ren-asagiri/art/archive/20260924-old-head-assets/art/mouth_motion_v002/revision_metrics.json,299,1790038855531659300,0bbf75a179318d45b6cfc42c5936d8ddfd281487d117508dbdde16fbbd519253,already_tracked,Preserve existing tracked file and user changes,
Live2D/model-ren-asagiri/art/archive/20260924-old-head-assets/art/mouth_motion_v002/transition_contact_sheet.jpg,123126,1790038811209464800,60bbb63b9c40c4294ca2d6a8725bdba7f87e04fceb0c72afb9df4b8826941c04,local_archive,Historical archive excluded by default; no deletion,
Live2D/model-ren-asagiri/art/archive/20260924-old-head-assets/art/mouth_motion_v002/validation.json,3251,1790038811210466500,a8e7c784013887963b293aff0e80d3fb394c4ad03d5fdfb419f2e7a5cee800f1,already_tracked,Preserve existing tracked file and user changes,
Live2D/model-ren-asagiri/art/archive/20260924-old-head-assets/art/mouth_motion_v002/closed/assembled.png,180552,1790038853556516200,6c1fed8c8d33da9a6c4f46f185746c1c01e6544bece6b2948c1945a80b768c07,local_archive,Historical archive excluded by default; no deletion,
Live2D/model-ren-asagiri/art/archive/20260924-old-head-assets/art/mouth_motion_v002/closed/independent_verification.json,921,1790038858687629200,41479f1d351d950a30848edcdcda5e97b78ba06799019dfbdbb9a53718ae2724,already_tracked,Preserve existing tracked file and user changes,
Live2D/model-ren-asagiri/art/archive/20260924-old-head-assets/art/mouth_motion_v002/closed/manifest.json,2438,1790038804503380200,ed3919e70118b824c8cdf9c09004b73ab7cafaa1d874661314a5699118d20555,already_tracked,Preserve existing tracked file and user changes,
Live2D/model-ren-asagiri/art/archive/20260924-old-head-assets/art/mouth_motion_v002/closed/preview.png,175183,1790038853594516400,89691080db8bd871b7fbc8ce0e1259923087828ee3e25056b7c1fd6bf885b01c,local_archive,Historical archive excluded by default; no deletion,
Live2D/model-ren-asagiri/art/archive/20260924-old-head-assets/art/mouth_motion_v002/closed/psd_verification.json,8142,1790038853678584700,4d9a01be00914b73c4594c12ffdeaa26bf33907b706ec9d00bdc16be5d9894bd,already_tracked,Preserve existing tracked file and user changes,
Live2D/model-ren-asagiri/art/archive/20260924-old-head-assets/art/mouth_motion_v002/closed/python_composite.png,177571,1790038804521775200,cce50130cc8b2166ef2ba0c663b0e25343248836b0cb7117e290cf5cade91b6d,local_archive,Historical archive excluded by default; no deletion,
Live2D/model-ren-asagiri/art/archive/20260924-old-head-assets/art/mouth_motion_v002/closed/Ren_mouth_closed_v002.psd,695377,1790038853519007500,7fb1de371396e7d5ca109f09bebcc9c4ebbdb974935ddf32d0aa335b6c0e91be,local_archive,Historical archive excluded by default; no deletion,
Live2D/model-ren-asagiri/art/archive/20260924-old-head-assets/art/mouth_motion_v002/closed/parts/eyes_context.png,67904,1790038804494831200,66600bc5d7848acaa8e7a18a98fa488d48a7e69b1e7ac716aa1d8153e8f9dbc8,local_archive,Historical archive excluded by default; no deletion,
Live2D/model-ren-asagiri/art/archive/20260924-old-head-assets/art/mouth_motion_v002/closed/parts/face_underfill.png,104782,1790038804490828200,b9977ae339d7e3081f81ca4a70a2a4fa1ef69df8e2e50c5835bbc130f9388b5a,local_archive,Historical archive excluded by default; no deletion,
Live2D/model-ren-asagiri/art/archive/20260924-old-head-assets/art/mouth_motion_v002/closed/parts/mouth_cavity.png,70,1790038804494831200,c2153f77e11087fcb078ae38527fa83bef29791e3700e30cc87fec4405a66d0f,local_archive,Historical archive excluded by default; no deletion,
Live2D/model-ren-asagiri/art/archive/20260924-old-head-assets/art/mouth_motion_v002/closed/parts/mouth_closed.png,1976,1790038804496828200,1c2475a7b5a6397892e76007f39582e9e6d23e77696c09b4000d1cd16614191f,local_archive,Historical archive excluded by default; no deletion,
Live2D/model-ren-asagiri/art/archive/20260924-old-head-assets/art/mouth_motion_v002/closed/parts/mouth_rim_lower.png,70,1790038804496828200,c2153f77e11087fcb078ae38527fa83bef29791e3700e30cc87fec4405a66d0f,local_archive,Historical archive excluded by default; no deletion,
Live2D/model-ren-asagiri/art/archive/20260924-old-head-assets/art/mouth_motion_v002/closed/parts/mouth_rim_upper.png,70,1790038804495829200,c2153f77e11087fcb078ae38527fa83bef29791e3700e30cc87fec4405a66d0f,local_archive,Historical archive excluded by default; no deletion,
Live2D/model-ren-asagiri/art/archive/20260924-old-head-assets/art/mouth_motion_v002/closed/parts/mouth_teeth_upper.png,70,1790038804495829200,c2153f77e11087fcb078ae38527fa83bef29791e3700e30cc87fec4405a66d0f,local_archive,Historical archive excluded by default; no deletion,
Live2D/model-ren-asagiri/art/archive/20260924-old-head-assets/art/mouth_motion_v002/closed/parts/mouth_tongue.png,70,1790038804495829200,c2153f77e11087fcb078ae38527fa83bef29791e3700e30cc87fec4405a66d0f,local_archive,Historical archive excluded by default; no deletion,
Live2D/model-ren-asagiri/art/archive/20260924-old-head-assets/art/mouth_motion_v002/closed/parts/REF_mouth_cavity.png,5213,1790038804497831300,907cf8631f6342a08e81cf28567d24a7bdde2856014a3d2626ea17e0c21f60ee,local_archive,Historical archive excluded by default; no deletion,
Live2D/model-ren-asagiri/art/archive/20260924-old-head-assets/art/mouth_motion_v002/closed/parts/REF_mouth_rim_lower.png,7388,1790038804501375600,c14750492c3cf262c4e499bac4b2f70c903ec17aedb0c137a32ab173c4b14e6b,local_archive,Historical archive excluded by default; no deletion,
Live2D/model-ren-asagiri/art/archive/20260924-old-head-assets/art/mouth_motion_v002/closed/parts/REF_mouth_rim_upper.png,10112,1790038804500865200,fdbe20d7bc70abe8b5f10d0167d5816d0fba7044cd8ae9ceab1e3b2a476eec8b,local_archive,Historical archive excluded by default; no deletion,
Live2D/model-ren-asagiri/art/archive/20260924-old-head-assets/art/mouth_motion_v002/closed/parts/REF_mouth_teeth_upper.png,14911,1790038804503380200,356b808c921fad735154c9ed45754a884cc12db1b0c6059267a6cdc86f9a0ea0,local_archive,Historical archive excluded by default; no deletion,
Live2D/model-ren-asagiri/art/archive/20260924-old-head-assets/art/mouth_motion_v002/closed/parts/REF_mouth_tongue.png,10602,1790038804499846900,4f14d23a708cd3382508c3ec7d8bea0de5a4eeba2dc494f799cf3c16d2221abb,local_archive,Historical archive excluded by default; no deletion,
Live2D/model-ren-asagiri/art/archive/20260924-old-head-assets/art/mouth_motion_v002/medium/assembled.png,186940,1790038853562517800,71c55f81427163800c0ad90a33b949206b85f7be999b947dfcaf8bc2bce4ad62,local_archive,Historical archive excluded by default; no deletion,
Live2D/model-ren-asagiri/art/archive/20260924-old-head-assets/art/mouth_motion_v002/medium/independent_verification.json,919,1790038858320550800,b8557ab065cb342e5c1ecc9c1dbdb01dbf101f970ad3746a5b9b08981f285c1e,already_tracked,Preserve existing tracked file and user changes,
Live2D/model-ren-asagiri/art/archive/20260924-old-head-assets/art/mouth_motion_v002/medium/manifest.json,2457,1790038805025885700,7b370b6a171462df9d5bd48508f5c97f91a605d4b818e0634099b9cf4e251227,already_tracked,Preserve existing tracked file and user changes,
Live2D/model-ren-asagiri/art/archive/20260924-old-head-assets/art/mouth_motion_v002/medium/preview.png,181441,1790038853603518000,1bfbd00869bc71ee31bef16e53accd3627f0e6a23dd81338f7f2ef2ac1a0ff88,local_archive,Historical archive excluded by default; no deletion,
Live2D/model-ren-asagiri/art/archive/20260924-old-head-assets/art/mouth_motion_v002/medium/psd_verification.json,8585,1790038853690641600,4462b2b9c72545ff48dbe08a4426c5ebd4f91da04875fbb6ec328dc1c0e6f62b,already_tracked,Preserve existing tracked file and user changes,
Live2D/model-ren-asagiri/art/archive/20260924-old-head-assets/art/mouth_motion_v002/medium/python_composite.png,183788,1790038805044393900,12aa384aa2a80141dec664c0770870e1db6e04eb1739a34c8b40d72d49c919e2,local_archive,Historical archive excluded by default; no deletion,
Live2D/model-ren-asagiri/art/archive/20260924-old-head-assets/art/mouth_motion_v002/medium/Ren_mouth_medium_v002.psd,717153,1790038853516006000,6d666faec32dca25ae97a851c87bd93584f18cca75515f20aa2ac212531e6743,local_archive,Historical archive excluded by default; no deletion,
Live2D/model-ren-asagiri/art/archive/20260924-old-head-assets/art/mouth_motion_v002/medium/parts/eyes_context.png,67904,1790038805015883200,66600bc5d7848acaa8e7a18a98fa488d48a7e69b1e7ac716aa1d8153e8f9dbc8,local_archive,Historical archive excluded by default; no deletion,
Live2D/model-ren-asagiri/art/archive/20260924-old-head-assets/art/mouth_motion_v002/medium/parts/face_underfill.png,104782,1790038805011883400,b9977ae339d7e3081f81ca4a70a2a4fa1ef69df8e2e50c5835bbc130f9388b5a,local_archive,Historical archive excluded by default; no deletion,
Live2D/model-ren-asagiri/art/archive/20260924-old-head-assets/art/mouth_motion_v002/medium/parts/mouth_cavity.png,1387,1790038805016883300,e6bc5f87549161569c94484b445c78f8de9a88e9d22430a3dcedb8319e446311,local_archive,Historical archive excluded by default; no deletion,
Live2D/model-ren-asagiri/art/archive/20260924-old-head-assets/art/mouth_motion_v002/medium/parts/mouth_closed.png,70,1790038805019883000,c2153f77e11087fcb078ae38527fa83bef29791e3700e30cc87fec4405a66d0f,local_archive,Historical archive excluded by default; no deletion,
Live2D/model-ren-asagiri/art/archive/20260924-old-head-assets/art/mouth_motion_v002/medium/parts/mouth_rim_lower.png,2824,1790038805019883000,95333f0b1748eba7cefe9cecfd779ac32836912c3528fe6dd04df99625ee63f7,local_archive,Historical archive excluded by default; no deletion,
Live2D/model-ren-asagiri/art/archive/20260924-old-head-assets/art/mouth_motion_v002/medium/parts/mouth_rim_upper.png,2926,1790038805018882900,8ef66c3904643a4b4f0a2ba33127847ce9bf6fcc06a55114ed329dc75b40d8ba,local_archive,Historical archive excluded by default; no deletion,
Live2D/model-ren-asagiri/art/archive/20260924-old-head-assets/art/mouth_motion_v002/medium/parts/mouth_teeth_upper.png,4195,1790038805016883300,c4ec1f0ef6a36bbf8be954a4ac3c85d5a905b4982c86c37ed3fda3e929d96336,local_archive,Historical archive excluded by default; no deletion,
Live2D/model-ren-asagiri/art/archive/20260924-old-head-assets/art/mouth_motion_v002/medium/parts/mouth_tongue.png,2048,1790038805017883700,412798c68f674471a8b02185115d8d131b0ff33b5d869bef7ed25000dc3e0d8f,local_archive,Historical archive excluded by default; no deletion,
Live2D/model-ren-asagiri/art/archive/20260924-old-head-assets/art/mouth_motion_v002/medium/parts/REF_mouth_cavity.png,5213,1790038805020882800,907cf8631f6342a08e81cf28567d24a7bdde2856014a3d2626ea17e0c21f60ee,local_archive,Historical archive excluded by default; no deletion,
Live2D/model-ren-asagiri/art/archive/20260924-old-head-assets/art/mouth_motion_v002/medium/parts/REF_mouth_rim_lower.png,7388,1790038805024882100,c14750492c3cf262c4e499bac4b2f70c903ec17aedb0c137a32ab173c4b14e6b,local_archive,Historical archive excluded by default; no deletion,
Live2D/model-ren-asagiri/art/archive/20260924-old-head-assets/art/mouth_motion_v002/medium/parts/REF_mouth_rim_upper.png,10112,1790038805023882000,fdbe20d7bc70abe8b5f10d0167d5816d0fba7044cd8ae9ceab1e3b2a476eec8b,local_archive,Historical archive excluded by default; no deletion,
Live2D/model-ren-asagiri/art/archive/20260924-old-head-assets/art/mouth_motion_v002/medium/parts/REF_mouth_teeth_upper.png,14911,1790038805025885700,356b808c921fad735154c9ed45754a884cc12db1b0c6059267a6cdc86f9a0ea0,local_archive,Historical archive excluded by default; no deletion,
Live2D/model-ren-asagiri/art/archive/20260924-old-head-assets/art/mouth_motion_v002/medium/parts/REF_mouth_tongue.png,10602,1790038805021882600,4f14d23a708cd3382508c3ec7d8bea0de5a4eeba2dc494f799cf3c16d2221abb,local_archive,Historical archive excluded by default; no deletion,
Live2D/model-ren-asagiri/art/archive/20260924-old-head-assets/art/mouth_motion_v002/open/assembled.png,190702,1790038853567516000,3f5c4342916e49ef533a483544ad4440b5530b30c5067eb2cfeccace27bd8609,local_archive,Historical archive excluded by default; no deletion,
Live2D/model-ren-asagiri/art/archive/20260924-old-head-assets/art/mouth_motion_v002/open/independent_verification.json,920,1790038858864767500,65b72f77b4963ed65d96dac90b69da86cbdb4aedcaaf26b6325b2353d7041a86,already_tracked,Preserve existing tracked file and user changes,
Live2D/model-ren-asagiri/art/archive/20260924-old-head-assets/art/mouth_motion_v002/open/manifest.json,2452,1790038805290634300,af851083044706d609b92b1ecc629b76076f24ab0ae363fa22699b084c8b3491,already_tracked,Preserve existing tracked file and user changes,
Live2D/model-ren-asagiri/art/archive/20260924-old-head-assets/art/mouth_motion_v002/open/preview.png,186082,1790038853605518700,b3bf7bf20f548c07a6f31ecf26e2b211fe33197be2aca8d09ccbe086768638b2,local_archive,Historical archive excluded by default; no deletion,
Live2D/model-ren-asagiri/art/archive/20260924-old-head-assets/art/mouth_motion_v002/open/psd_verification.json,8552,1790038853689642300,92e9b4020a59e81d0e43bc3af31ccab1c8a56c34eda0da0c50479025a728eded,already_tracked,Preserve existing tracked file and user changes,
Live2D/model-ren-asagiri/art/archive/20260924-old-head-assets/art/mouth_motion_v002/open/python_composite.png,188514,1790038805309175500,91d4d4557fc2b3d2943bbaf289e260eb37c444e0fb0257c789c7b742bf4ebc4f,local_archive,Historical archive excluded by default; no deletion,
Live2D/model-ren-asagiri/art/archive/20260924-old-head-assets/art/mouth_motion_v002/open/Ren_mouth_open_v002.psd,733344,1790038853521517000,cebcd0cbd12e9032a5e4010b4fc3e9e063411a24069346c9faae421cbd4513da,local_archive,Historical archive excluded by default; no deletion,
Live2D/model-ren-asagiri/art/archive/20260924-old-head-assets/art/mouth_motion_v002/open/parts/eyes_context.png,67904,1790038805279634400,66600bc5d7848acaa8e7a18a98fa488d48a7e69b1e7ac716aa1d8153e8f9dbc8,local_archive,Historical archive excluded by default; no deletion,
Live2D/model-ren-asagiri/art/archive/20260924-old-head-assets/art/mouth_motion_v002/open/parts/face_underfill.png,104782,1790038805275630800,b9977ae339d7e3081f81ca4a70a2a4fa1ef69df8e2e50c5835bbc130f9388b5a,local_archive,Historical archive excluded by default; no deletion,
Live2D/model-ren-asagiri/art/archive/20260924-old-head-assets/art/mouth_motion_v002/open/parts/mouth_cavity.png,2672,1790038805280631600,5fb2f0a4c1fb520d93c59181b76208b60daf94c8515eef1594252dac67711cbe,local_archive,Historical archive excluded by default; no deletion,
Live2D/model-ren-asagiri/art/archive/20260924-old-head-assets/art/mouth_motion_v002/open/parts/mouth_closed.png,70,1790038805284632300,c2153f77e11087fcb078ae38527fa83bef29791e3700e30cc87fec4405a66d0f,local_archive,Historical archive excluded by default; no deletion,
Live2D/model-ren-asagiri/art/archive/20260924-old-head-assets/art/mouth_motion_v002/open/parts/mouth_rim_lower.png,3590,1790038805283630600,e163bab1d9596655d213bba104b6a8e3065798af44540dcf5729b055aa710c5b,local_archive,Historical archive excluded by default; no deletion,
Live2D/model-ren-asagiri/art/archive/20260924-old-head-assets/art/mouth_motion_v002/open/parts/mouth_rim_upper.png,4460,1790038805282630500,a9990773ce8cb9a272a728c1c43075e30de2a920cadeae48b499041009ec4222,local_archive,Historical archive excluded by default; no deletion,
Live2D/model-ren-asagiri/art/archive/20260924-old-head-assets/art/mouth_motion_v002/open/parts/mouth_teeth_upper.png,6229,1790038805281631200,3a55cf8572cab5875cbbc0bff0e131f9dfa2c3a96f04a371c8569f701731efac,local_archive,Historical archive excluded by default; no deletion,
Live2D/model-ren-asagiri/art/archive/20260924-old-head-assets/art/mouth_motion_v002/open/parts/mouth_tongue.png,4070,1790038805282630500,4795e690dfbb3d2709c20e8371d66b091227e62697594c3975fd65d868303531,local_archive,Historical archive excluded by default; no deletion,
Live2D/model-ren-asagiri/art/archive/20260924-old-head-assets/art/mouth_motion_v002/open/parts/REF_mouth_cavity.png,5213,1790038805285633200,907cf8631f6342a08e81cf28567d24a7bdde2856014a3d2626ea17e0c21f60ee,local_archive,Historical archive excluded by default; no deletion,
Live2D/model-ren-asagiri/art/archive/20260924-old-head-assets/art/mouth_motion_v002/open/parts/REF_mouth_rim_lower.png,7388,1790038805289634700,c14750492c3cf262c4e499bac4b2f70c903ec17aedb0c137a32ab173c4b14e6b,local_archive,Historical archive excluded by default; no deletion,
Live2D/model-ren-asagiri/art/archive/20260924-old-head-assets/art/mouth_motion_v002/open/parts/REF_mouth_rim_upper.png,10112,1790038805288634700,fdbe20d7bc70abe8b5f10d0167d5816d0fba7044cd8ae9ceab1e3b2a476eec8b,local_archive,Historical archive excluded by default; no deletion,
Live2D/model-ren-asagiri/art/archive/20260924-old-head-assets/art/mouth_motion_v002/open/parts/REF_mouth_teeth_upper.png,14911,1790038805290634300,356b808c921fad735154c9ed45754a884cc12db1b0c6059267a6cdc86f9a0ea0,local_archive,Historical archive excluded by default; no deletion,
Live2D/model-ren-asagiri/art/archive/20260924-old-head-assets/art/mouth_motion_v002/open/parts/REF_mouth_tongue.png,10602,1790038805286630900,4f14d23a708cd3382508c3ec7d8bea0de5a4eeba2dc494f799cf3c16d2221abb,local_archive,Historical archive excluded by default; no deletion,
Live2D/model-ren-asagiri/art/archive/20260924-old-head-assets/art/mouth_motion_v002/small/assembled.png,184727,1790038853556516200,add5efd2cf7558d86939f6af3724c9e1f32a7010e75eb7cc26296de4c00534df,local_archive,Historical archive excluded by default; no deletion,
Live2D/model-ren-asagiri/art/archive/20260924-old-head-assets/art/mouth_motion_v002/small/independent_verification.json,921,1790038858479580000,b919ff687487bb5926914e36353fc81aee1fa676d4160562990e64f9c81eb68e,already_tracked,Preserve existing tracked file and user changes,
Live2D/model-ren-asagiri/art/archive/20260924-old-head-assets/art/mouth_motion_v002/small/manifest.json,2456,1790038804764905200,a62e104c3f3b59bac0cc07e8d0703c3ee9eee42f74ce6012a4893aede354a9aa,already_tracked,Preserve existing tracked file and user changes,
Live2D/model-ren-asagiri/art/archive/20260924-old-head-assets/art/mouth_motion_v002/small/preview.png,179300,1790038853597517700,e20f55ff206c531157726142ffb0296ecd61ecf8449bbaff476bb10f4fada094,local_archive,Historical archive excluded by default; no deletion,
Live2D/model-ren-asagiri/art/archive/20260924-old-head-assets/art/mouth_motion_v002/small/psd_verification.json,8567,1790038853683105100,6e220ac7774fc35600a485a888ed26b5275583d28786d3c28ce9172b4e945e67,already_tracked,Preserve existing tracked file and user changes,
Live2D/model-ren-asagiri/art/archive/20260924-old-head-assets/art/mouth_motion_v002/small/python_composite.png,181336,1790038804783449400,47b5239fa5347485311a97a5a09c13ba62fdd81b681b09513bda94da3693835f,local_archive,Historical archive excluded by default; no deletion,
Live2D/model-ren-asagiri/art/archive/20260924-old-head-assets/art/mouth_motion_v002/small/Ren_mouth_small_v002.psd,708281,1790038853516006000,af185a0c87a0ccfdfa7675a8657fe98e7321562c57fbfb7533486388583a0632,local_archive,Historical archive excluded by default; no deletion,
Live2D/model-ren-asagiri/art/archive/20260924-old-head-assets/art/mouth_motion_v002/small/parts/eyes_context.png,67904,1790038804754904100,66600bc5d7848acaa8e7a18a98fa488d48a7e69b1e7ac716aa1d8153e8f9dbc8,local_archive,Historical archive excluded by default; no deletion,
Live2D/model-ren-asagiri/art/archive/20260924-old-head-assets/art/mouth_motion_v002/small/parts/face_underfill.png,104782,1790038804751906000,b9977ae339d7e3081f81ca4a70a2a4fa1ef69df8e2e50c5835bbc130f9388b5a,local_archive,Historical archive excluded by default; no deletion,
Live2D/model-ren-asagiri/art/archive/20260924-old-head-assets/art/mouth_motion_v002/small/parts/mouth_cavity.png,737,1790038804755904900,d58241e22f9885ba0a96b87e2ac1dd1a1162f324dc5c142de0a0da36310b25d5,local_archive,Historical archive excluded by default; no deletion,
Live2D/model-ren-asagiri/art/archive/20260924-old-head-assets/art/mouth_motion_v002/small/parts/mouth_closed.png,70,1790038804759904800,c2153f77e11087fcb078ae38527fa83bef29791e3700e30cc87fec4405a66d0f,local_archive,Historical archive excluded by default; no deletion,
Live2D/model-ren-asagiri/art/archive/20260924-old-head-assets/art/mouth_motion_v002/small/parts/mouth_rim_lower.png,2326,1790038804758905300,e482a26e274f5825b12737a00e0ee457d19c0f8fe8af52bf1939e5119fc5e4e8,local_archive,Historical archive excluded by default; no deletion,
Live2D/model-ren-asagiri/art/archive/20260924-old-head-assets/art/mouth_motion_v002/small/parts/mouth_rim_upper.png,2014,1790038804757906700,f648ad300d216acfec9d91a31e48c19fb556409a85ed88abb438f3cd3ec51ca4,local_archive,Historical archive excluded by default; no deletion,
Live2D/model-ren-asagiri/art/archive/20260924-old-head-assets/art/mouth_motion_v002/small/parts/mouth_teeth_upper.png,3433,1790038804756908400,487fc16235fcff8dcef41f94ad76808d8c82d5bb3f551bd92e518444fd806c90,local_archive,Historical archive excluded by default; no deletion,
Live2D/model-ren-asagiri/art/archive/20260924-old-head-assets/art/mouth_motion_v002/small/parts/mouth_tongue.png,639,1790038804757906700,90af0b597756d540433bc0b1b390c747a63879ee64fe8520017b73ccb3ea50b4,local_archive,Historical archive excluded by default; no deletion,
Live2D/model-ren-asagiri/art/archive/20260924-old-head-assets/art/mouth_motion_v002/small/parts/REF_mouth_cavity.png,5213,1790038804760905900,907cf8631f6342a08e81cf28567d24a7bdde2856014a3d2626ea17e0c21f60ee,local_archive,Historical archive excluded by default; no deletion,
Live2D/model-ren-asagiri/art/archive/20260924-old-head-assets/art/mouth_motion_v002/small/parts/REF_mouth_rim_lower.png,7388,1790038804763907100,c14750492c3cf262c4e499bac4b2f70c903ec17aedb0c137a32ab173c4b14e6b,local_archive,Historical archive excluded by default; no deletion,
Live2D/model-ren-asagiri/art/archive/20260924-old-head-assets/art/mouth_motion_v002/small/parts/REF_mouth_rim_upper.png,10112,1790038804762905500,fdbe20d7bc70abe8b5f10d0167d5816d0fba7044cd8ae9ceab1e3b2a476eec8b,local_archive,Historical archive excluded by default; no deletion,
Live2D/model-ren-asagiri/art/archive/20260924-old-head-assets/art/mouth_motion_v002/small/parts/REF_mouth_teeth_upper.png,14911,1790038804764905200,356b808c921fad735154c9ed45754a884cc12db1b0c6059267a6cdc86f9a0ea0,local_archive,Historical archive excluded by default; no deletion,
Live2D/model-ren-asagiri/art/archive/20260924-old-head-assets/art/mouth_motion_v002/small/parts/REF_mouth_tongue.png,10602,1790038804761905500,4f14d23a708cd3382508c3ec7d8bea0de5a4eeba2dc494f799cf3c16d2221abb,local_archive,Historical archive excluded by default; no deletion,
Live2D/model-ren-asagiri/art/archive/20260924-old-head-assets/art/mouth_motion_v002/source_snapshot/approved_open_eyes_context.png,74421,1790038804248823800,c41df67029910b1d60a73cea211b8f01e2ad395a19f36619081289877af98bc9,local_archive,Historical archive excluded by default; no deletion,
Live2D/model-ren-asagiri/art/archive/20260924-old-head-assets/art/mouth_motion_v002/source_snapshot/face_underfill.png,123382,1790034546774571200,f7d8727b5b2bfa2816bd4d21148cedba14ee1b6676058836b2a979d070dc07a0,local_archive,Historical archive excluded by default; no deletion,
Live2D/model-ren-asagiri/art/archive/20260924-old-head-assets/art/mouth_motion_v002/source_snapshot/mouth_cavity.png,4934,1789989192630276400,f845f65ad41dd5049443fae32627404b4d0aa3bc3e5af70c761ee9d1ecaa35e2,local_archive,Historical archive excluded by default; no deletion,
Live2D/model-ren-asagiri/art/archive/20260924-old-head-assets/art/mouth_motion_v002/source_snapshot/mouth_closed.png,20774,1790035930512854400,86860b51c7498d50a5db053c530fa11a42a6723d0be576060cfd8206abcbd6f4,local_archive,Historical archive excluded by default; no deletion,
Live2D/model-ren-asagiri/art/archive/20260924-old-head-assets/art/mouth_motion_v002/source_snapshot/mouth_rim_lower.png,26556,1790037523523014100,78033b9291e3a7120f88cd525d3977c771ddfdf2d4910018c8d4866657bb1b29,local_archive,Historical archive excluded by default; no deletion,
Live2D/model-ren-asagiri/art/archive/20260924-old-head-assets/art/mouth_motion_v002/source_snapshot/mouth_rim_upper.png,29111,1790037580645916700,5fdd579737481dc78d5a2bbcd73ab8ec028f8300c63e472b8a0d003dc8571691,local_archive,Historical archive excluded by default; no deletion,
Live2D/model-ren-asagiri/art/archive/20260924-old-head-assets/art/mouth_motion_v002/source_snapshot/mouth_teeth_upper.png,25362,1790032757428245600,43fab6e7e41ca68d73942c5f7d54d52793ad4f4df755773a44fd0ef8ff9255a4,local_archive,Historical archive excluded by default; no deletion,
Live2D/model-ren-asagiri/art/archive/20260924-old-head-assets/art/mouth_motion_v002/source_snapshot/mouth_tongue.png,10539,1789989192632275900,aaff8d6a86d6093e5b274016f49d2daa4290100ee50dd6aeab094ff1b6fd277a,local_archive,Historical archive excluded by default; no deletion,
Live2D/model-ren-asagiri/art/archive/20260924-old-head-assets/art/mouth_overlap_review_v002/aligned.jpg,54214,1790037796044666700,b746563eca63c5a2041b9f12b3c2417719e74c17ecfa2e3d3ff68388eb026a84,local_archive,Historical archive excluded by default; no deletion,
Live2D/model-ren-asagiri/art/archive/20260924-old-head-assets/art/mouth_overlap_review_v002/comparison.jpg,78807,1790037770700938600,ba0d3971e08042e0da56fecb4de3383d40d8ac0a48298938300c20b0049875cc,local_archive,Historical archive excluded by default; no deletion,
Live2D/model-ren-asagiri/art/archive/20260924-old-head-assets/art/mouth_overlap_review_v002/placement_review.json,181,1790037796044666700,11fbd749a0ffe1872e7f2bf616b62c6dd4be5adefc417c12499a79f2ab53e876,already_tracked,Preserve existing tracked file and user changes,
Live2D/model-ren-asagiri/art/archive/20260924-old-head-assets/art/mouth_overlap_review_v002/sources.json,1119,1790037770700938600,51a7e5356cc73806ee26edcbf97acd3a02c96720b91ca3f5afd021ab4ebb855b,already_tracked,Preserve existing tracked file and user changes,
Live2D/model-ren-asagiri/art/archive/20260924-old-head-assets/art/mouth_review_20260922/parts.jpg,56474,1790035232279572900,496dde6c6c223face24a3110da7a163f57cd7ece6153156f1a3a5d20727be329,local_archive,Historical archive excluded by default; no deletion,
Live2D/model-ren-asagiri/art/archive/20260924-old-head-assets/art/mouth_review_20260922_repaired/aligned_draft.jpg,49524,1790036962270151500,32d1f30250c9306b978f784c12bd8dbb1ee1aa4e9394c1f13534bd9d72b7e01f,local_archive,Historical archive excluded by default; no deletion,
Live2D/model-ren-asagiri/art/archive/20260924-old-head-assets/art/mouth_review_20260922_repaired/review.jpg,78895,1790036942772287300,39635427dbc7602894b9ed61db0aa760ec8c8291708f74bb42733419ab874856,local_archive,Historical archive excluded by default; no deletion,
Live2D/model-ren-asagiri/art/archive/20260924-old-head-assets/art/mouth_review_20260922_repaired/sources.json,903,1790036942773287100,fa66458784cd05b65e4bd1b72a07ec2e7b8b5bf0015a2fbcb4e2ed89d07b0259,already_tracked,Preserve existing tracked file and user changes,
Live2D/model-ren-asagiri/art/archive/20260924-old-head-assets/art/mouth_split_v002/manifest.json,1151,1789989192656907800,233f3ea16add1ba254f519e0321ae0ed964241d6a0ada6899cde565ee212b533,already_tracked,Preserve existing tracked file and user changes,
Live2D/model-ren-asagiri/art/archive/20260924-old-head-assets/art/mouth_split_v002/mouth_assembled.png,23671,1789989192636785900,964f4935e21af2ab6e54b9238fe232fa6afcad929723cf1bcd67f2051a40cc45,local_archive,Historical archive excluded by default; no deletion,
Live2D/model-ren-asagiri/art/archive/20260924-old-head-assets/art/mouth_split_v002/mouth_grid.png,221297,1789988876622028000,b152f02aad8830aa20539571f7450b7ce3a93ae76af82778b21fa37efa73c63b,local_archive,Historical archive excluded by default; no deletion,
Live2D/model-ren-asagiri/art/archive/20260924-old-head-assets/art/mouth_split_v002/mouth_parts_review.jpg,170533,1789989192656907800,13c32e7a344d4f28366e415306f8aa2b5b586058dd48f01dba830100a7b8af2a,local_archive,Historical archive excluded by default; no deletion,
Live2D/model-ren-asagiri/art/archive/20260924-old-head-assets/art/mouth_split_v002/mouth_psd_assembled.png,23526,1789989195807377400,a5abbf851b3aea0d20d51f10fc86e24d282fb681e306c15c29ad846d73b8e00f,local_archive,Historical archive excluded by default; no deletion,
Live2D/model-ren-asagiri/art/archive/20260924-old-head-assets/art/mouth_split_v002/mouth_psd_preview.png,22837,1789989195811381500,7af5fe1492e3a81af82bd53456af1d57d67d7af4be55c336f585d3138080e7fe,local_archive,Historical archive excluded by default; no deletion,
Live2D/model-ren-asagiri/art/archive/20260924-old-head-assets/art/mouth_split_v002/mouth_toggle_check.png,86464,1789989241284250600,d6c68fb2b6f8bcbddf6767df2245397c5d23f513eef0bf35ef9579c3cf4a6a05,local_archive,Historical archive excluded by default; no deletion,
Live2D/model-ren-asagiri/art/archive/20260924-old-head-assets/art/mouth_split_v002/neck_collar_overlay.png,172558,1789989192804716900,c694359fb090c9736dafaecf11294c2c4dd6edd1f4ffe50d0e3c28b497b4fa6f,local_archive,Historical archive excluded by default; no deletion,
Live2D/model-ren-asagiri/art/archive/20260924-old-head-assets/art/mouth_split_v002/neck_collar_review.jpg,184674,1789989192913891800,04a82cabdcf6e16c4bbaf1fd2099031304d9449e53367c799b0756575c732a32,local_archive,Historical archive excluded by default; no deletion,
Live2D/model-ren-asagiri/art/archive/20260924-old-head-assets/art/mouth_split_v002/neck_collar_with_shirt.png,299338,1789989192869379100,a3fa8d7fdec06d2326dc173a0fa61e169943a686c5248a85500b363aa0d56d0e,local_archive,Historical archive excluded by default; no deletion,
Live2D/model-ren-asagiri/art/archive/20260924-old-head-assets/art/mouth_split_v002/neck_extension_review.png,296561,1789989241262740700,946f0995e483d01676da23cbeddfe27fa352a725928fe061b4e11627f784a4b7,local_archive,Historical archive excluded by default; no deletion,
Live2D/model-ren-asagiri/art/archive/20260924-old-head-assets/art/mouth_split_v002/neck_review_placements.json,570,1789989192914891300,89564cc209cf6c424a9428fb67f88444c51e51a5d3d7106eeb1a87a1f43db4b7,already_tracked,Preserve existing tracked file and user changes,
Live2D/model-ren-asagiri/art/archive/20260924-old-head-assets/art/mouth_split_v002/process.py,8666,1789989135593853600,6783ccca58ca9aeb2bb2b90c68a1fe0b06f8fb2d60e8592eb96fb2f16457d1db,already_tracked,Preserve existing tracked file and user changes,
Live2D/model-ren-asagiri/art/archive/20260924-old-head-assets/art/mouth_split_v002/psd_tools_verification.json,904,1789989239444874300,40e065a4d5ae75c4f431b20bcb937c05aff1fe9d28ba3e8697fde04413cbded5,already_tracked,Preserve existing tracked file and user changes,
Live2D/model-ren-asagiri/art/archive/20260924-old-head-assets/art/mouth_split_v002/psd_verification.json,4099,1789989195832388000,56f12846b4577f9f2d7f0799d9cf72e7376fbc98740d17fe4159792ac3a59bbc,already_tracked,Preserve existing tracked file and user changes,
Live2D/model-ren-asagiri/art/archive/20260924-old-head-assets/art/mouth_split_v002/README.md,5318,1789989316235285500,4840640e867d85fb6a25bfae2c98106fd5ada6ea5acae7f5ee8dfe07d9265394,already_tracked,Preserve existing tracked file and user changes,
Live2D/model-ren-asagiri/art/archive/20260924-old-head-assets/art/mouth_split_v002/Ren_mouth_split_v002.psd,98934,1789989195800874300,3f905428462f8794e4fa1f2e866420fcaec27f07e4252eb2d537cca70e20b455,local_archive,Historical archive excluded by default; no deletion,
Live2D/model-ren-asagiri/art/archive/20260924-old-head-assets/art/mouth_split_v002/validation.json,2091,1789989192915890400,526028614ec439d8c1a18dbe79939afada0fc576c2243e0fde0be115db6652c5,already_tracked,Preserve existing tracked file and user changes,
Live2D/model-ren-asagiri/art/archive/20260924-old-head-assets/art/mouth_split_v002/parts/mouth_cavity.png,4934,1789989192630276400,f845f65ad41dd5049443fae32627404b4d0aa3bc3e5af70c761ee9d1ecaa35e2,local_archive,Historical archive excluded by default; no deletion,
Live2D/model-ren-asagiri/art/archive/20260924-old-head-assets/art/mouth_split_v002/parts/mouth_rim.psd,614148,1790037621406650400,5fd03918daee4e9f722dc4ff37bd83c6411c119017cb55396facf382b8c67d67,local_archive,Historical archive excluded by default; no deletion,
Live2D/model-ren-asagiri/art/archive/20260924-old-head-assets/art/mouth_split_v002/parts/mouth_rim_lower.png,26556,1790037523523014100,78033b9291e3a7120f88cd525d3977c771ddfdf2d4910018c8d4866657bb1b29,local_archive,Historical archive excluded by default; no deletion,
Live2D/model-ren-asagiri/art/archive/20260924-old-head-assets/art/mouth_split_v002/parts/mouth_rim_upper.png,29111,1790037580645916700,5fdd579737481dc78d5a2bbcd73ab8ec028f8300c63e472b8a0d003dc8571691,local_archive,Historical archive excluded by default; no deletion,
Live2D/model-ren-asagiri/art/archive/20260924-old-head-assets/art/mouth_split_v002/parts/mouth_teeth_upper.png,6797,1789989192631276200,5c92a79e2992bf346f0ac3ba49cd07021d778e383806c30dcf3732e16d0d6406,local_archive,Historical archive excluded by default; no deletion,
Live2D/model-ren-asagiri/art/archive/20260924-old-head-assets/art/mouth_split_v002/parts/mouth_tongue.png,10539,1789989192632275900,aaff8d6a86d6093e5b274016f49d2daa4290100ee50dd6aeab094ff1b6fd277a,local_archive,Historical archive excluded by default; no deletion,
Live2D/model-ren-asagiri/art/archive/20260924-old-head-assets/art/mouth_split_v002/source_snapshot/ALT_mouth_interior.png,51167,1789965478521525300,4e73a905fa043881dd645736190d214eb8ecf649e30f7d07218cba0937ed8338,local_archive,Historical archive excluded by default; no deletion,
Live2D/model-ren-asagiri/art/archive/20260924-old-head-assets/art/mouth_split_v002/source_snapshot/collar_L.png,144871,1789987279604715100,a39100c8bc26e0454f8b54185d7ec1c6778a5e51aab12153c615784fca53c0dc,local_archive,Historical archive excluded by default; no deletion,
Live2D/model-ren-asagiri/art/archive/20260924-old-head-assets/art/mouth_split_v002/source_snapshot/collar_R.png,123758,1789987104448830600,9687adac2e9c8758b6f3573300b0423bcb84e864efc3e14f69ce5f738dd1f971,local_archive,Historical archive excluded by default; no deletion,
Live2D/model-ren-asagiri/art/archive/20260924-old-head-assets/art/mouth_split_v002/source_snapshot/neck-clavicle-before-201122.png,66598,1789986371905391100,980b6f12095c348c1f0ff8082a1f1c08a40acffac5bb6fafcbe028e21043ad00,local_archive,Historical archive excluded by default; no deletion,
Live2D/model-ren-asagiri/art/archive/20260924-old-head-assets/art/mouth_split_v002/source_snapshot/neck-clavicle.png,64395,1789989082150074600,8737a8fbe163fc0d674849d4e1c53a3ddc21bc496b4ec5b72092f0b53933bb25,local_archive,Historical archive excluded by default; no deletion,
Live2D/model-ren-asagiri/art/archive/20260924-old-head-assets/art/mouth_split_v002/source_snapshot/shirt_inside.png,30735,1789988450857408400,8c18e3e2f73a62c3b7fb043ef8dd93583ce7dc9f976e1bdcdb570f4fa9d87603,local_archive,Historical archive excluded by default; no deletion,
Live2D/model-ren-asagiri/art/archive/20260924-old-head-assets/art/overlap_recheck_v002/collar_current.jpg,84132,1790049767395799800,8a17b72a37d1fcef962ca6e91f6184430aa992a667db3e3821573158569e3d88,local_archive,Historical archive excluded by default; no deletion,
Live2D/model-ren-asagiri/art/archive/20260924-old-head-assets/art/overlap_recheck_v002/collar_cut_trial.jpg,86536,1790049767461314700,d5984b226754b0e550469bc18722aeb11828adc077154c666e2b682d57afcf2f,local_archive,Historical archive excluded by default; no deletion,
Live2D/model-ren-asagiri/art/archive/20260924-old-head-assets/art/overlap_recheck_v002/collar_neck_over.jpg,86311,1790049767424315100,7ea3dd71bb8c21d8bcaeea90a4aefa863587b6616048403017ac4684bf9bdd1f,local_archive,Historical archive excluded by default; no deletion,
Live2D/model-ren-asagiri/art/archive/20260924-old-head-assets/art/overlap_recheck_v002/current.jpg,283050,1790049767045084100,45f74fb34f9187d24d3c0508a9ddf87cf64ace7cdf07bf13f013585b69f75c63,local_archive,Historical archive excluded by default; no deletion,
Live2D/model-ren-asagiri/art/archive/20260924-old-head-assets/art/overlap_recheck_v002/details.py,2983,1790049765032154600,3871fcfd74100b4795dcdd7b37c845a2b31ac56dc7f9476c222db098cd6f2e70,already_tracked,Preserve existing tracked file and user changes,
Live2D/model-ren-asagiri/art/archive/20260924-old-head-assets/art/overlap_recheck_v002/eyelash_comparison.jpg,110084,1790049767514820800,a21a11925b5be17576df69c54a0518cb9ddf3fad35529878fca83a866702018a,local_archive,Historical archive excluded by default; no deletion,
Live2D/model-ren-asagiri/art/archive/20260924-old-head-assets/art/overlap_recheck_v002/hair_comparison.jpg,232523,1790049767550484300,af22cc42da14eb319cf23b6a997694798fc28ac292315e05b788042617091e9f,local_archive,Historical archive excluded by default; no deletion,
Live2D/model-ren-asagiri/art/archive/20260924-old-head-assets/art/overlap_recheck_v002/hair_current.jpg,190054,1790049767275082600,c50f7d47f4100d572d55535d1d55668cdfe7da205681e93c6fa85fcb9c26ad2e,local_archive,Historical archive excluded by default; no deletion,
Live2D/model-ren-asagiri/art/archive/20260924-old-head-assets/art/overlap_recheck_v002/hair_previous.jpg,193670,1790049767365795700,24fb2c19790ff9c162962cc6a234ed6d1059dabfd467c04577adbed6f3111108,local_archive,Historical archive excluded by default; no deletion,
Live2D/model-ren-asagiri/art/archive/20260924-old-head-assets/art/overlap_recheck_v002/inventory.json,5181,1790049766946991000,53b223729ebc8fef128a0449b8057269ccc6a23c9635477746ffcbe5ed423b8b,already_tracked,Preserve existing tracked file and user changes,
Live2D/model-ren-asagiri/art/archive/20260924-old-head-assets/art/overlap_recheck_v002/neck_over.jpg,285032,1790049767236570000,19298cd9b5d116caa1d0eccec69008acc72eea581b3ab12d8970dd70fc6aefdd,local_archive,Historical archive excluded by default; no deletion,
Live2D/model-ren-asagiri/art/archive/20260924-old-head-assets/art/overlap_recheck_v002/parts.jpg,186871,1790049766996571100,e9431f66db20686015cb38dcfd226f7b9a395efc915c4d6a26a5b75721398599,local_archive,Historical archive excluded by default; no deletion,
Live2D/model-ren-asagiri/art/archive/20260924-old-head-assets/art/overlap_recheck_v002/previous.jpg,291690,1790049767145828300,7b75865b47301caebd20af9507e87808342b6552d0c4afaf8e7f06316d6d6eeb,local_archive,Historical archive excluded by default; no deletion,
Live2D/model-ren-asagiri/art/archive/20260924-old-head-assets/art/overlap_recheck_v002/probe.jpg,287263,1790049767194059400,14be30c2cff7dc45e59b73ba7bf20dc9804b16ba29316fe2cfb92c3db78b0d23,local_archive,Historical archive excluded by default; no deletion,
Live2D/model-ren-asagiri/art/archive/20260924-old-head-assets/art/overlap_recheck_v002/register.py,1297,1790049615873971100,d634c221d009aa1331efd22f1f4e537a5ecc5e3e725fd93d32b070b3c38dd6d4,already_tracked,Preserve existing tracked file and user changes,
Live2D/model-ren-asagiri/art/archive/20260924-old-head-assets/art/overlap_recheck_v002/registration.json,1389,1790049647424619400,948842c8c12af8d2f9f4c952b27f43a6c4efbc5e3eb5222b495ae96cd77ee643,already_tracked,Preserve existing tracked file and user changes,
Live2D/model-ren-asagiri/art/archive/20260924-old-head-assets/art/overlap_recheck_v002/REVIEW.md,5035,1790049840164652600,3f90a9863d81b3105702cd9273e08af209051c04dabce92a54b7c0677c32867d,already_tracked,Preserve existing tracked file and user changes,
Live2D/model-ren-asagiri/art/archive/20260924-old-head-assets/art/overlap_recheck_v002/review.py,3801,1790049675358168100,595e5b94203c0fa1a62dd627faed869e965c4cae5bf32ec463ca52fe9426ebe6,already_tracked,Preserve existing tracked file and user changes,
Live2D/model-ren-asagiri/art/archive/20260924-old-head-assets/art/overlap_recheck_v002/shirt_cut_coordinates.json,1048,1790049767500821500,0f0a7876e7edefcb362bbb0be28d2592afe2d20cf4dc33927f2e22b4253abc28,already_tracked,Preserve existing tracked file and user changes,
Live2D/model-ren-asagiri/art/archive/20260924-old-head-assets/art/overlap_recheck_v002/shirt_cut_guide.jpg,93919,1790049767490820600,0989c2bac81c294b034ed4d600b0e14803bf6fbf9693a9474e10c88189da7a95,local_archive,Historical archive excluded by default; no deletion,
Live2D/model-ren-asagiri/art/archive/20260924-old-head-assets/art/overlap_recheck_v002/shirt_cut_local.jpg,174191,1790049767499825900,b7c3d34daccae8c512c877ec91925f7e8825bfdcdfccf51c2a6d90ec3cb03192,local_archive,Historical archive excluded by default; no deletion,
Live2D/model-ren-asagiri/art/archive/20260924-old-head-assets/art/overlap_recheck_v002/shirt_cut_mask_DRAFT.png,2885,1790049767430311600,c93ed3441dd222877fa2ea6cb1adb059e6f48806b5f003a3183fc79d069b624c,local_archive,Historical archive excluded by default; no deletion,
Live2D/model-ren-asagiri/art/archive/20260924-old-head-assets/art/overlap_recheck_v002/source_unchanged.json,197,1790049767427315100,d136af5e8ac5ef366803b7bee4727ab892d7aff2769b2b3eb5bf3139fcc6806d,already_tracked,Preserve existing tracked file and user changes,
Live2D/model-ren-asagiri/art/archive/20260924-old-head-assets/art/overlap_recheck_v002/source_snapshot/eyelash_upper_L_original.png,27168,1790047465577620100,eba35c6c2ae813a25d63b795879a37762fa50daa819a44b45b74ab2ea41b49ed,local_archive,Historical archive excluded by default; no deletion,
Live2D/model-ren-asagiri/art/archive/20260924-old-head-assets/art/overlap_recheck_v002/source_snapshot/eyelash_upper_R_original.png,26380,1790047331585104300,32c03f01ee185b03434043db23cf123aa10712335c8503e053e2098437fdf745,local_archive,Historical archive excluded by default; no deletion,
Live2D/model-ren-asagiri/art/archive/20260924-old-head-assets/art/overlap_recheck_v002/source_snapshot/hair_front_C.png,152586,1790043651468308600,8d0f2ea1ec564881d2b2416a5b80e17e490cee4a209b9d051087bfdb5f74940f,local_archive,Historical archive excluded by default; no deletion,
Live2D/model-ren-asagiri/art/archive/20260924-old-head-assets/art/overlap_recheck_v002/source_snapshot/hair_front_L.png,130054,1790045695890464400,9021d9fc6e1bc695209ce0afbea32ebae8901641763a89c27ab6ce9ca3986f94,local_archive,Historical archive excluded by default; no deletion,
Live2D/model-ren-asagiri/art/archive/20260924-old-head-assets/art/overlap_recheck_v002/source_snapshot/hair_front_R.png,127957,1790045367421250700,459f9b5cf6a813b90f74767c02f77b1e3bfce3586aaacc1d4df9bd3c9aae2cab,local_archive,Historical archive excluded by default; no deletion,
Live2D/model-ren-asagiri/art/archive/20260924-old-head-assets/art/overlap_recheck_v002/source_snapshot/hair_side_L.png,175646,1790046143571378700,b290c6ca481fc43e11724b3760d45a2c66e18707562cb626852ecc9e20463179,local_archive,Historical archive excluded by default; no deletion,
Live2D/model-ren-asagiri/art/archive/20260924-old-head-assets/art/overlap_recheck_v002/source_snapshot/hair_side_R.png,170511,1790046135244236400,87713f22f7d5f73be82877072f88830a3752aea1279db20bccb3a19d7b87bcd9,local_archive,Historical archive excluded by default; no deletion,
Live2D/model-ren-asagiri/art/archive/20260924-old-head-assets/art/overlap_recheck_v002/source_snapshot/shirt_torso.png,522495,1790049127766522000,c3b15b62bca9ec09c3a64f3473d939217031a69161f362465a781097bc8d4889,local_archive,Historical archive excluded by default; no deletion,
Live2D/model-ren-asagiri/art/archive/20260924-old-head-assets/art/pre_rig_review_20260922/back.jpg,410266,1790039567370585900,aad261bb3f572bc6d28d2fb3134abc68932e38ea53ff0d910cba19cac943e8e8,local_archive,Historical archive excluded by default; no deletion,
Live2D/model-ren-asagiri/art/archive/20260924-old-head-assets/art/pre_rig_review_20260922/body.jpg,214316,1790039567187102300,04164c63b49a9c08772ea31bd7b15f7d0eb31df95f19c59ae249a375a008b2e9,local_archive,Historical archive excluded by default; no deletion,
Live2D/model-ren-asagiri/art/archive/20260924-old-head-assets/art/pre_rig_review_20260922/brow_donor_reference.jpg,43289,1790039661931639900,5f37e2f4003a03457525fc1c56b579d4299c79f599ee9892b6116b1124224a61,local_archive,Historical archive excluded by default; no deletion,
Live2D/model-ren-asagiri/art/archive/20260924-old-head-assets/art/pre_rig_review_20260922/ears_base_only.jpg,185230,1790039567495911800,77da088d90771ab4a3184ff54dfd0eab4f68d71a76de2281e436ba39e2080d05,local_archive,Historical archive excluded by default; no deletion,
Live2D/model-ren-asagiri/art/archive/20260924-old-head-assets/art/pre_rig_review_20260922/ear_layer_comparison.jpg,113581,1790039638029127200,76e72433e10e07c6adee35df28945e80a76c3f89935676c4839bfdf07523a27e,local_archive,Historical archive excluded by default; no deletion,
Live2D/model-ren-asagiri/art/archive/20260924-old-head-assets/art/pre_rig_review_20260922/eyes.jpg,111351,1790039567125824800,f58eafae92ad28148d35c024ef4c2ef01a74e113f7b9c76defe227a52d51b4e2,local_archive,Historical archive excluded by default; no deletion,
Live2D/model-ren-asagiri/art/archive/20260924-old-head-assets/art/pre_rig_review_20260922/hair.jpg,139626,1790039567112817200,5525473ff874f604843e2c029720a43fc03da20b071ff7c8a4fd847db4c7b8e0,local_archive,Historical archive excluded by default; no deletion,
Live2D/model-ren-asagiri/art/archive/20260924-old-head-assets/art/pre_rig_review_20260922/hair_only.jpg,165956,1790039567631186200,ae1dc47b2eb986fbd99f3e2c69ffda74a49150a418e55ccb40cae67f4090e479,local_archive,Historical archive excluded by default; no deletion,
Live2D/model-ren-asagiri/art/archive/20260924-old-head-assets/art/pre_rig_review_20260922/hair_separation_probe.jpg,288143,1790039567538675700,f12241939fd28c4dea393d91457bb7faee0cae9c0db0117358ea70239375c589,local_archive,Historical archive excluded by default; no deletion,
Live2D/model-ren-asagiri/art/archive/20260924-old-head-assets/art/pre_rig_review_20260922/head_neck_static.jpg,282774,1790039567416104100,709bb613713ce2bcdb29ad151b01635df3d38c76e2f9396cce2759ab12f68eae,local_archive,Historical archive excluded by default; no deletion,
Live2D/model-ren-asagiri/art/archive/20260924-old-head-assets/art/pre_rig_review_20260922/head_shift_probe.jpg,282095,1790039567585672500,b48bfe3e98895e0b6a6aa6c50873fcdb8abe0c7dfaf8a9b3be286ae1ef941685,local_archive,Historical archive excluded by default; no deletion,
Live2D/model-ren-asagiri/art/archive/20260924-old-head-assets/art/pre_rig_review_20260922/inventory.json,26112,1790039566978994400,48af63c0c5b771acee2a72cadc4819802e8d551b43d91b77b8a49ca77ecd62f8,already_tracked,Preserve existing tracked file and user changes,
Live2D/model-ren-asagiri/art/archive/20260924-old-head-assets/art/pre_rig_review_20260922/neck_collar_detail.jpg,81184,1790039567607676800,31aef2b4c3b068313ee057974d5b4f1349a93ca62d19ebfe0f64ddae911e0bc6,local_archive,Historical archive excluded by default; no deletion,
Live2D/model-ren-asagiri/art/archive/20260924-old-head-assets/art/pre_rig_review_20260922/placements_review.json,3148,1790039567647187700,6c0259bcdbf8700cd4243f524e268b331b87696cd52fa7aa03b3c4e7f4c26d5a,already_tracked,Preserve existing tracked file and user changes,
Live2D/model-ren-asagiri/art/archive/20260924-old-head-assets/art/pre_rig_review_20260922/priority_marked.jpg,296436,1790039638015124500,71b1dcc4f87d51c5193fb72bf037db4643cc76afcd130be34fb03c2bfd536cf8,local_archive,Historical archive excluded by default; no deletion,
Live2D/model-ren-asagiri/art/archive/20260924-old-head-assets/art/pre_rig_review_20260922/REVIEW.md,8495,1790039797568412700,b7937aba426fca00e53defbc171e329ad7c91ec1bca501f193bcba441b0b00e1,already_tracked,Preserve existing tracked file and user changes,
Live2D/model-ren-asagiri/art/archive/20260924-old-head-assets/art/pre_rig_review_20260922/review.py,6142,1790039564810478900,9487d7e1d1a95cbc54b8f4c84780d6d72c1add468b5a6f537ac2691503e88c57,already_tracked,Preserve existing tracked file and user changes,
Live2D/model-ren-asagiri/art/archive/20260924-old-head-assets/art/pre_rig_review_20260922/skin_ears_neck.jpg,195198,1790039567070325400,d238e936ceaf4c11f31d613a289c2eecdc73755f14e77d2ef1de41026ac0b3ab,local_archive,Historical archive excluded by default; no deletion,
Live2D/model-ren-asagiri/art/archive/20260924-old-head-assets/art/pre_rig_review_20260922/source_unchanged.json,29,1790039567647187700,221a96d43d10cbe74a91f40104f536ea280992b9e86b1eb4ab7bba104a3ed34f,already_tracked,Preserve existing tracked file and user changes,
Live2D/model-ren-asagiri/art/archive/20260924-old-head-assets/art/pre_rig_review_20260922/without_front_hair.jpg,186932,1790039567457105200,948155aebd52c676f6ff01ad4fdecd214686a68446b8db71eb83a0d9bce37f30,local_archive,Historical archive excluded by default; no deletion,
Live2D/model-ren-asagiri/art/archive/20260924-old-head-assets/art/pre_rig_review_20260922/source_snapshot/ALT_whole_eye_L.png,61022,1790033435699121500,d2ea54b9392ba8f8fc8330d60723719c27dd6bf6d4eb69efe9d2c93e6f1d7cbc,local_archive,Historical archive excluded by default; no deletion,
Live2D/model-ren-asagiri/art/archive/20260924-old-head-assets/art/pre_rig_review_20260922/source_snapshot/ALT_whole_eye_R.png,62219,1790033555437064500,88596edfe14df6d78315c9b227af56211ec755f55ac333860053e0c4eac50159,local_archive,Historical archive excluded by default; no deletion,
Live2D/model-ren-asagiri/art/archive/20260924-old-head-assets/art/pre_rig_review_20260922/source_snapshot/brow_L.png,4957,1789961923328609600,76d43654ae7b2a10781c918fa6c4b4d8f7c80f64f0b8459a7b6bef5a9437bdba,local_archive,Historical archive excluded by default; no deletion,
Live2D/model-ren-asagiri/art/archive/20260924-old-head-assets/art/pre_rig_review_20260922/source_snapshot/brow_R.png,5472,1789961923325609700,ed3fac617c38c1a0a7f73bc416b100db94ec545a0ee7f5a1bc8131255ffe8f81,local_archive,Historical archive excluded by default; no deletion,
Live2D/model-ren-asagiri/art/archive/20260924-old-head-assets/art/pre_rig_review_20260922/source_snapshot/collar_L.png,134413,1789990100257858800,61e15e2b564db93c3d20acf2d1ed4cb3e0bc45c7142e95c10116be93b8424e82,local_archive,Historical archive excluded by default; no deletion,
Live2D/model-ren-asagiri/art/archive/20260924-old-head-assets/art/pre_rig_review_20260922/source_snapshot/collar_R.png,121738,1789990138816383000,e40448560d40f6aabd0a3369869c954c3355e2b191d980afd847d5cd693048d8,local_archive,Historical archive excluded by default; no deletion,
Live2D/model-ren-asagiri/art/archive/20260924-old-head-assets/art/pre_rig_review_20260922/source_snapshot/ear_L.png,34330,1789961922703581400,36920694df287404a374e17bc254aba116c3b69425aa24d67d56881f05826294,local_archive,Historical archive excluded by default; no deletion,
Live2D/model-ren-asagiri/art/archive/20260924-old-head-assets/art/pre_rig_review_20260922/source_snapshot/ear_L_surface.png,33108,1789964165350958900,4e4dc7002775ecdfe4d4c9aa9e5268d0a7eb3596fa1fcabc6db48c93616618e2,local_archive,Historical archive excluded by default; no deletion,
Live2D/model-ren-asagiri/art/archive/20260924-old-head-assets/art/pre_rig_review_20260922/source_snapshot/ear_R.png,53491,1789969153128198000,efa8ebba850ebd5b956248a3bd39020d27e263e2a01d37dea3811ec4c066604a,local_archive,Historical archive excluded by default; no deletion,
Live2D/model-ren-asagiri/art/archive/20260924-old-head-assets/art/pre_rig_review_20260922/source_snapshot/ear_R_surface.png,31751,1789964408278783100,772c55f7343ba69a4e38182f59af875e968f2885814b85660109e43b8b5c06d7,local_archive,Historical archive excluded by default; no deletion,
Live2D/model-ren-asagiri/art/archive/20260924-old-head-assets/art/pre_rig_review_20260922/source_snapshot/face_surface.png,198972,1789961923239290400,fc2055b4d44ccbea652afeb107f38d647d8cf670d62b1de1058199715b96b63a,local_archive,Historical archive excluded by default; no deletion,
Live2D/model-ren-asagiri/art/archive/20260924-old-head-assets/art/pre_rig_review_20260922/source_snapshot/face_underfill.png,123382,1790034546774571200,f7d8727b5b2bfa2816bd4d21148cedba14ee1b6676058836b2a979d070dc07a0,local_archive,Historical archive excluded by default; no deletion,
Live2D/model-ren-asagiri/art/archive/20260924-old-head-assets/art/pre_rig_review_20260922/source_snapshot/FILL_eye_white_L.png,18863,1789998950285063500,db79003f6086861474f3fc838ca93b459a4ae894e3839572dfa0fbc376a0ba9f,local_archive,Historical archive excluded by default; no deletion,
Live2D/model-ren-asagiri/art/archive/20260924-old-head-assets/art/pre_rig_review_20260922/source_snapshot/FILL_eye_white_R.png,18553,1789999001714293000,f0f2b718464a894e8b63d3632211d3a69c191d697b2fda976cb12c755dc158c2,local_archive,Historical archive excluded by default; no deletion,
Live2D/model-ren-asagiri/art/archive/20260924-old-head-assets/art/pre_rig_review_20260922/source_snapshot/hair_ahoge.png,47278,1789979436108215900,cf303c03f5fb86555d0d3f87cad1f5bc117dbc13416b1d69fbc784633399a582,local_archive,Historical archive excluded by default; no deletion,
Live2D/model-ren-asagiri/art/archive/20260924-old-head-assets/art/pre_rig_review_20260922/source_snapshot/hair_back.png,46627,1789979873310281600,eaf39cf624c5db9514a43f90bcf7c7797c97e0032a58fe1e933abae09aa49ff8,local_archive,Historical archive excluded by default; no deletion,
Live2D/model-ren-asagiri/art/archive/20260924-old-head-assets/art/pre_rig_review_20260922/source_snapshot/hair_front_C.png,168293,1789980964600551800,c964dcfcf6124dfdded0d59ec097b1f34967fd9aeb1d7524dcefe5f0f66cfcba,local_archive,Historical archive excluded by default; no deletion,
Live2D/model-ren-asagiri/art/archive/20260924-old-head-assets/art/pre_rig_review_20260922/source_snapshot/hair_front_L.png,120835,1789981097819512200,81201cb5e0f738430f5e92d59c2e4627cd899a7b741c488fa74d74f1227ef565,local_archive,Historical archive excluded by default; no deletion,
Live2D/model-ren-asagiri/art/archive/20260924-old-head-assets/art/pre_rig_review_20260922/source_snapshot/hair_front_R.png,106498,1789981139885825400,fcfa8b6431841bcc52685900ab5c7351def1f42e3f81f03049adaed2d3f77d62,local_archive,Historical archive excluded by default; no deletion,
Live2D/model-ren-asagiri/art/archive/20260924-old-head-assets/art/pre_rig_review_20260922/source_snapshot/hair_side_L.png,192388,1789981843072381000,1101ebfce5d9495497273a30660fa891d0e4c35ce980231f37ec7f7c9173392f,local_archive,Historical archive excluded by default; no deletion,
Live2D/model-ren-asagiri/art/archive/20260924-old-head-assets/art/pre_rig_review_20260922/source_snapshot/hair_side_R.png,162437,1789981807666795300,5bbccb5653f704bc4d0d7bf39f6bc6b750a31cc44a8250e56ceca9bfdc3bf1ed,local_archive,Historical archive excluded by default; no deletion,
Live2D/model-ren-asagiri/art/archive/20260924-old-head-assets/art/pre_rig_review_20260922/source_snapshot/neck-clavicle.png,63831,1789992371743880500,1e77961e89c059d5b3d42f45525ebba61c8e078f7181f9f2139c40b51c0c5192,local_archive,Historical archive excluded by default; no deletion,
Live2D/model-ren-asagiri/art/archive/20260924-old-head-assets/art/pre_rig_review_20260922/source_snapshot/shirt_inside.png,34023,1790032820116255200,3740c1dde2c402583a9df205e497575672a2ebbd86ce92e6af5d019e6816ea63,local_archive,Historical archive excluded by default; no deletion,
Live2D/model-ren-asagiri/art/archive/20260924-old-head-assets/art/pre_rig_review_20260922/source_snapshot/shirt_torso.png,549803,1789961921853892300,993ae17ea0920b9556eead9b805d37bce308a1ce59a80109864572814828c7f3,local_archive,Historical archive excluded by default; no deletion,
Live2D/model-ren-asagiri/art/archive/20260924-old-head-assets/art/pre_rig_review_20260922/source_snapshot/Upper_eyelid_left.png,20896,1789998455367249300,2186849b3e12b7c0a9851bc1e9c68bb1ec56203a23ade3feec73a9e492ee4f5b,local_archive,Historical archive excluded by default; no deletion,
Live2D/model-ren-asagiri/art/archive/20260924-old-head-assets/art/pre_rig_review_20260922/source_snapshot/Upper_eyelid_right.png,21482,1789998542333441700,17fa79b30423834fa05072cee9b6897e0250bbcac4593a8544a4d38c49b82b97,local_archive,Historical archive excluded by default; no deletion,
Live2D/model-ren-asagiri/art/archive/20260924-old-head-assets/art/processing_v001/front/parts/ALT_mouth_interior.png,51167,1789965478521525300,4e73a905fa043881dd645736190d214eb8ecf649e30f7d07218cba0937ed8338,local_archive,Historical archive excluded by default; no deletion,
Live2D/model-ren-asagiri/art/archive/20260924-old-head-assets/art/processing_v001/front/parts/ALT_mouth_open_outline.png,29452,1789967558871342400,3da055a88f641a2d43ac826d7969e53b43d435e9f262877fd52d7eb0199fffdc,local_archive,Historical archive excluded by default; no deletion,
Live2D/model-ren-asagiri/art/archive/20260924-old-head-assets/art/processing_v001/front/parts/ALT_mouth_teeth_upper.png,25362,1790032757428245600,43fab6e7e41ca68d73942c5f7d54d52793ad4f4df755773a44fd0ef8ff9255a4,local_archive,Historical archive excluded by default; no deletion,
Live2D/model-ren-asagiri/art/archive/20260924-old-head-assets/art/processing_v001/front/parts/ALT_mouth_tongue.png,20435,1789968004286984300,1269bab796070ed8c6e85e1d6d58982a50a2b60b2cc12fdd075cba4a02cd36ee,local_archive,Historical archive excluded by default; no deletion,
Live2D/model-ren-asagiri/art/archive/20260924-old-head-assets/art/processing_v001/front/parts/ALT_whole_eye_L.png,61022,1790033435699121500,d2ea54b9392ba8f8fc8330d60723719c27dd6bf6d4eb69efe9d2c93e6f1d7cbc,local_archive,Historical archive excluded by default; no deletion,
Live2D/model-ren-asagiri/art/archive/20260924-old-head-assets/art/processing_v001/front/parts/ALT_whole_eye_R.png,62219,1790033555437064500,88596edfe14df6d78315c9b227af56211ec755f55ac333860053e0c4eac50159,local_archive,Historical archive excluded by default; no deletion,
Live2D/model-ren-asagiri/art/archive/20260924-old-head-assets/art/processing_v001/front/parts/brow_L.png,4957,1789961923328609600,76d43654ae7b2a10781c918fa6c4b4d8f7c80f64f0b8459a7b6bef5a9437bdba,local_archive,Historical archive excluded by default; no deletion,
Live2D/model-ren-asagiri/art/archive/20260924-old-head-assets/art/processing_v001/front/parts/brow_R.png,5472,1789961923325609700,ed3fac617c38c1a0a7f73bc416b100db94ec545a0ee7f5a1bc8131255ffe8f81,local_archive,Historical archive excluded by default; no deletion,
Live2D/model-ren-asagiri/art/archive/20260924-old-head-assets/art/processing_v001/front/parts/ear_L.png,34330,1789961922703581400,36920694df287404a374e17bc254aba116c3b69425aa24d67d56881f05826294,local_archive,Historical archive excluded by default; no deletion,
Live2D/model-ren-asagiri/art/archive/20260924-old-head-assets/art/processing_v001/front/parts/ear_L_surface.png,33108,1789964165350958900,4e4dc7002775ecdfe4d4c9aa9e5268d0a7eb3596fa1fcabc6db48c93616618e2,local_archive,Historical archive excluded by default; no deletion,
Live2D/model-ren-asagiri/art/archive/20260924-old-head-assets/art/processing_v001/front/parts/ear_R.png,53491,1789969153128198000,efa8ebba850ebd5b956248a3bd39020d27e263e2a01d37dea3811ec4c066604a,local_archive,Historical archive excluded by default; no deletion,
Live2D/model-ren-asagiri/art/archive/20260924-old-head-assets/art/processing_v001/front/parts/ear_R_surface.png,31751,1789964408278783100,772c55f7343ba69a4e38182f59af875e968f2885814b85660109e43b8b5c06d7,local_archive,Historical archive excluded by default; no deletion,
Live2D/model-ren-asagiri/art/archive/20260924-old-head-assets/art/processing_v001/front/parts/eyelash_upper_L_original.png,27168,1790047465577620100,eba35c6c2ae813a25d63b795879a37762fa50daa819a44b45b74ab2ea41b49ed,local_archive,Historical archive excluded by default; no deletion,
Live2D/model-ren-asagiri/art/archive/20260924-old-head-assets/art/processing_v001/front/parts/eyelash_upper_R_original.png,26380,1790047331585104300,32c03f01ee185b03434043db23cf123aa10712335c8503e053e2098437fdf745,local_archive,Historical archive excluded by default; no deletion,
Live2D/model-ren-asagiri/art/archive/20260924-old-head-assets/art/processing_v001/front/parts/eye_white_L.png,11976,1789961923341607000,d6fb664ff525c68366d43543101550a131c24e661984425fa2699926f20cd971,local_archive,Historical archive excluded by default; no deletion,
Live2D/model-ren-asagiri/art/archive/20260924-old-head-assets/art/processing_v001/front/parts/eye_white_R.png,12795,1789961923331606800,d03c3f5922a2152485f41d8dcdd5fe86cb2dc628bce388913f63e74edc2d13d0,local_archive,Historical archive excluded by default; no deletion,
Live2D/model-ren-asagiri/art/archive/20260924-old-head-assets/art/processing_v001/front/parts/face_surface.png,198972,1789961923239290400,fc2055b4d44ccbea652afeb107f38d647d8cf670d62b1de1058199715b96b63a,local_archive,Historical archive excluded by default; no deletion,
Live2D/model-ren-asagiri/art/archive/20260924-old-head-assets/art/processing_v001/front/parts/face_underfill.png,121313,1790068007467688500,6a3a65422450842de98743f7f681b311fb476369cc39237ebb0a5671def581f7,local_archive,Historical archive excluded by default; no deletion,
Live2D/model-ren-asagiri/art/archive/20260924-old-head-assets/art/processing_v001/front/parts/FILL_eye_white_L.png,21774,1790068874127238300,e4543fbb8b94e36e329da7f3867009eb1e8b858ccf975e152bb3957e63e4a129,local_archive,Historical archive excluded by default; no deletion,
Live2D/model-ren-asagiri/art/archive/20260924-old-head-assets/art/processing_v001/front/parts/FILL_eye_white_R.png,21948,1790068736441395600,918f967d943f2dd2584032a59f93e517e118788223828acf2f99614c323fb1eb,local_archive,Historical archive excluded by default; no deletion,
Live2D/model-ren-asagiri/art/archive/20260924-old-head-assets/art/processing_v001/front/parts/hair_ahoge.png,47278,1789979436108215900,cf303c03f5fb86555d0d3f87cad1f5bc117dbc13416b1d69fbc784633399a582,local_archive,Historical archive excluded by default; no deletion,
Live2D/model-ren-asagiri/art/archive/20260924-old-head-assets/art/processing_v001/front/parts/hair_back.png,46627,1789979873310281600,eaf39cf624c5db9514a43f90bcf7c7797c97e0032a58fe1e933abae09aa49ff8,local_archive,Historical archive excluded by default; no deletion,
Live2D/model-ren-asagiri/art/archive/20260924-old-head-assets/art/processing_v001/front/parts/hair_front_C.png,152586,1790043651468308600,8d0f2ea1ec564881d2b2416a5b80e17e490cee4a209b9d051087bfdb5f74940f,local_archive,Historical archive excluded by default; no deletion,
Live2D/model-ren-asagiri/art/archive/20260924-old-head-assets/art/processing_v001/front/parts/hair_front_L.png,130054,1790045695890464400,9021d9fc6e1bc695209ce0afbea32ebae8901641763a89c27ab6ce9ca3986f94,local_archive,Historical archive excluded by default; no deletion,
Live2D/model-ren-asagiri/art/archive/20260924-old-head-assets/art/processing_v001/front/parts/hair_front_R.png,127957,1790045367421250700,459f9b5cf6a813b90f74767c02f77b1e3bfce3586aaacc1d4df9bd3c9aae2cab,local_archive,Historical archive excluded by default; no deletion,
Live2D/model-ren-asagiri/art/archive/20260924-old-head-assets/art/processing_v001/front/parts/hair_side_L.png,175646,1790046143571378700,b290c6ca481fc43e11724b3760d45a2c66e18707562cb626852ecc9e20463179,local_archive,Historical archive excluded by default; no deletion,
Live2D/model-ren-asagiri/art/archive/20260924-old-head-assets/art/processing_v001/front/parts/hair_side_R.png,170511,1790046135244236400,87713f22f7d5f73be82877072f88830a3752aea1279db20bccb3a19d7b87bcd9,local_archive,Historical archive excluded by default; no deletion,
Live2D/model-ren-asagiri/art/archive/20260924-old-head-assets/art/processing_v001/front/parts/iris_L_original.png,13945,1789961923344607500,4431a401f0f7f09afe6ba071a3dd91bffc5c3ecf06b947a905fb38d94da08b75,local_archive,Historical archive excluded by default; no deletion,
Live2D/model-ren-asagiri/art/archive/20260924-old-head-assets/art/processing_v001/front/parts/iris_R_original.png,14111,1789961923334607300,cab3cf00d937f86194fd6963054eb14f8931b9ad9f7c860ecd815e508ae6c87a,local_archive,Historical archive excluded by default; no deletion,
Live2D/model-ren-asagiri/art/archive/20260924-old-head-assets/art/processing_v001/front/parts/Upper_eyelid_left.png,19738,1790052274119711200,c78afa5927f9ee5c67a2c8dcbdcd91b10ea573da0e5edc048bd731d78efde66e,local_archive,Historical archive excluded by default; no deletion,
Live2D/model-ren-asagiri/art/archive/20260924-old-head-assets/art/processing_v001/front/parts/Upper_eyelid_right.png,21073,1790052126367201200,22024aa44f37215c285d27507b69cf253fc89db74885050bda35023a1b4e8767,local_archive,Historical archive excluded by default; no deletion,
Live2D/model-ren-asagiri/art/archive/20260924-old-head-assets/art/processing_v001/front/parts/buckup/ALT_mouth_interior.png,41737,1789964643658430800,e183c2aabe626f00e21987ae7eb10bdd4f878d5516777664b9a39c0174a4c065,local_archive,Historical archive excluded by default; no deletion,
Live2D/model-ren-asagiri/art/archive/20260924-old-head-assets/art/processing_v001/front/parts/buckup/ALT_mouth_open_outline.png,13644,1789961923828759300,36f3a891cca5446efa836cd06f139b204477053ea73156788ad269ab8fcb9b58,local_archive,Historical archive excluded by default; no deletion,
Live2D/model-ren-asagiri/art/archive/20260924-old-head-assets/art/processing_v001/front/parts/buckup/ALT_mouth_tongue.png,11213,1789961923823757800,2c940caeb1a0daee12bbf144bfe9f9565beed35044fb8c9e3aab8a8ba656c9f1,local_archive,Historical archive excluded by default; no deletion,
Live2D/model-ren-asagiri/art/archive/20260924-old-head-assets/art/processing_v001/front/parts/buckup/eyelash_upper_L_original.png,10316,1789961923347607900,16627fefbee13d0acdc74f51dd30b8d39c579a24188207ce5bf586e72ee19b3f,local_archive,Historical archive excluded by default; no deletion,
Live2D/model-ren-asagiri/art/archive/20260924-old-head-assets/art/processing_v001/front/parts/buckup/eyelash_upper_R_original.png,11605,1789961923337607900,8f835115457cd65717e262fba8e6ea10d3462e36e7bef75a2f8a1b91fecba229,local_archive,Historical archive excluded by default; no deletion,
Live2D/model-ren-asagiri/art/archive/20260924-old-head-assets/art/processing_v001/front/parts/buckup/face_underfill.png,336079,1789969737072201400,2eaffd811c741118fb0c9c9964e102ae1c0cc9bdb41932cb585f3b0721dc14fe,local_archive,Historical archive excluded by default; no deletion,
Live2D/model-ren-asagiri/art/archive/20260924-old-head-assets/art/processing_v001/front/parts/buckup/mouth_closed.png,5679,1789961923350611000,88c4b5cf773197b019f99543797f142a827fe221236c4ab288b8f31068945971,local_archive,Historical archive excluded by default; no deletion,
Live2D/model-ren-asagiri/art/archive/20260924-old-head-assets/art/processing_v001/front/parts/buckup/Upper_eyelid_left.png,20198,1790051288612113100,e8605315566588690c8ac8c02b0e86b8f63c2f1e01e7c23f30351d6a93f2ae01,local_archive,Historical archive excluded by default; no deletion,
Live2D/model-ren-asagiri/art/archive/20260924-old-head-assets/art/processing_v001/front/parts/buckup/Upper_eyelid_right.png,20144,1790051256594622100,86ff3f2b0ff1b0424ad44bc2f4f7ec78995abe46bff5adb5742d00f2a8820746,local_archive,Historical archive excluded by default; no deletion,
Live2D/model-ren-asagiri/art/archive/20260924-old-head-assets/art/review_20260921_repairs/changes.json,3744,1789983666711261100,4713cc1460e4dc14fbd29337e8459a762db75f4f9f3a1e23078b1d0054a02adf,already_tracked,Preserve existing tracked file and user changes,
Live2D/model-ren-asagiri/art/archive/20260924-old-head-assets/art/review_20260921_repairs/findings.png,993421,1789983667008669500,5814ad9471292778820d9582dae0293da8177850da514e191e345611316c614c,local_archive,Historical archive excluded by default; no deletion,
Live2D/model-ren-asagiri/art/archive/20260924-old-head-assets/art/review_20260921_repairs/full_current.jpg,47298,1789983666472109200,a10df97298aa07063715572b53b475e99e5feb21993ad1b06e56a9a18ad42383,local_archive,Historical archive excluded by default; no deletion,
Live2D/model-ren-asagiri/art/archive/20260924-old-head-assets/art/review_20260921_repairs/mouth_backup.png,248321,1789983666550134800,2065b3f2db244f05906cf83241cac34e8376348cb87dc612e3424ad444fdef51,local_archive,Historical archive excluded by default; no deletion,
Live2D/model-ren-asagiri/art/archive/20260924-old-head-assets/art/review_20260921_repairs/mouth_comparison.jpg,139401,1789983666817921400,5ea9b99cb9226e3728cb3d336cbb8ef1796b5675036fc1fc61e81dfb9c2eb8a9,local_archive,Historical archive excluded by default; no deletion,
Live2D/model-ren-asagiri/art/archive/20260924-old-head-assets/art/review_20260921_repairs/mouth_current.png,331405,1789983666639247400,a5b7c7835fee32efb04e6baba6b780e06ddf1844b1b31b86cdb5ad7b972c85aa,local_archive,Historical archive excluded by default; no deletion,
Live2D/model-ren-asagiri/art/archive/20260924-old-head-assets/art/review_20260921_repairs/mouth_single_fit.png,348410,1789983666884433800,6aa608719d749d9162c5a30cf2e3d4ff48cd5a908f82b033f106b383816d0263,local_archive,Historical archive excluded by default; no deletion,
Live2D/model-ren-asagiri/art/archive/20260924-old-head-assets/art/review_20260921_repairs/neck_current.png,339046,1789983666219042700,a992ba3d1e2022e937ac7776b1a6e3184b792be154458b3e79d7488a4b3e1f1d,local_archive,Historical archive excluded by default; no deletion,
Live2D/model-ren-asagiri/art/archive/20260924-old-head-assets/art/review_20260921_repairs/neck_face_ears.jpg,143659,1789983667025692200,9cd37f4ae04643df8738d5ce9e00339fe0b74fab1813bebfb0d0dead98730450,local_archive,Historical archive excluded by default; no deletion,
Live2D/model-ren-asagiri/art/archive/20260924-old-head-assets/art/review_20260921_repairs/nohair_current.png,705521,1789983666135981200,57306394856382157e02da9ea2047c40960caa45547ad74b64ab0dcfcf368796,local_archive,Historical archive excluded by default; no deletion,
Live2D/model-ren-asagiri/art/archive/20260924-old-head-assets/art/review_20260921_repairs/normal_aligned_estimate.png,1004511,1789983665767256700,520ff51eebe2bf1c7bc5dc7e5ce50b4235e67e0ced7166aa4b8a20c7040046b6,local_archive,Historical archive excluded by default; no deletion,
Live2D/model-ren-asagiri/art/archive/20260924-old-head-assets/art/review_20260921_repairs/normal_current.png,1024198,1789983665629241400,d2c7dd16ec0ee62c03fe9007270e432010595567d3d2bed4b86013d57500493b,local_archive,Historical archive excluded by default; no deletion,
Live2D/model-ren-asagiri/art/archive/20260924-old-head-assets/art/review_20260921_repairs/open_aligned_estimate.png,1016354,1789983666028470400,55407c69083163d83a49b585a02f933a0d65357e59843bf5f85e57a503f4643e,local_archive,Historical archive excluded by default; no deletion,
Live2D/model-ren-asagiri/art/archive/20260924-old-head-assets/art/review_20260921_repairs/open_current.png,1028487,1789983665896018300,f571d455d2b3724d909535c9fb86af4ce11b1305e1f4bd043d071c319a586892,local_archive,Historical archive excluded by default; no deletion,
Live2D/model-ren-asagiri/art/archive/20260924-old-head-assets/art/review_20260921_repairs/parts_1.jpg,281200,1789983666674753700,a5a7e6bf6ca79201b459ec7aebe78b473f8570c97ececc207d40130a839ab1cb,local_archive,Historical archive excluded by default; no deletion,
Live2D/model-ren-asagiri/art/archive/20260924-old-head-assets/art/review_20260921_repairs/parts_2.jpg,284579,1789983666708259900,aabc33cb4bbf28a29e97707c478a1dc11295080c787b12f793538e741e07ee5a,local_archive,Historical archive excluded by default; no deletion,
Live2D/model-ren-asagiri/art/archive/20260924-old-head-assets/art/review_20260921_repairs/parts_3.jpg,35394,1789983666710260800,93c089d2c1036a24faf587adb1aaac720c848422438f3527af0f6a9cc7c5bf54,local_archive,Historical archive excluded by default; no deletion,
Live2D/model-ren-asagiri/art/archive/20260924-old-head-assets/art/review_20260921_repairs/REVIEW.md,5907,1789983634149543500,b1172865c76071a891fac8235272ae7c25bd6cceef8826ca44b57e39efc71a9e,already_tracked,Preserve existing tracked file and user changes,
Live2D/model-ren-asagiri/art/archive/20260924-old-head-assets/art/review_20260921_repairs/review.py,5616,1789983663435935200,1439061c2648337906c255ac7d24e5f86f12381b22b6e716a2a0cd665c326deb,already_tracked,Preserve existing tracked file and user changes,
Live2D/model-ren-asagiri/art/archive/20260924-old-head-assets/art/review_20260921_repairs/review_log.json,3746,1789983667055696600,71720596c920b4c829d35f3d5d5d1cbf568dc6bd3aebbc11291f4a4641566c44,already_tracked,Preserve existing tracked file and user changes,
Live2D/model-ren-asagiri/art/archive/20260924-old-head-assets/art/review_remaining_v001/back.jpg,391431,1789993279284067700,13fc25cf2845b4172540efead9bf28ea5b52f389fb8f6a523f6fdd762cdf89ae,local_archive,Historical archive excluded by default; no deletion,
Live2D/model-ren-asagiri/art/archive/20260924-old-head-assets/art/review_remaining_v001/body.jpg,275935,1789993279100515400,03ed652ec0460b43aa192d2d3f044c0289445a6fafd26bf0299b92a8ee214267,local_archive,Historical archive excluded by default; no deletion,
Live2D/model-ren-asagiri/art/archive/20260924-old-head-assets/art/review_remaining_v001/eyes.jpg,99020,1789993278907336400,f40be6a1b47d2efe84ccf4000c3fcf6c308764da2eadb6829eb25eb1ea9a80ab,local_archive,Historical archive excluded by default; no deletion,
Live2D/model-ren-asagiri/art/archive/20260924-old-head-assets/art/review_remaining_v001/eye_alternatives.jpg,85382,1789993278929337500,3d9da73ffdb66f4dc5b6054e4a55dc7db0f68055567062faadfd23c4e0a1f985,local_archive,Historical archive excluded by default; no deletion,
Live2D/model-ren-asagiri/art/archive/20260924-old-head-assets/art/review_remaining_v001/face_ears.jpg,97112,1789993278776131500,491a402d916934e83de5716057f5a34bf8724297385dc1798197e7a69e62215f,local_archive,Historical archive excluded by default; no deletion,
Live2D/model-ren-asagiri/art/archive/20260924-old-head-assets/art/review_remaining_v001/face_only.png,352444,1789993279495848300,153a53cc57a6e2e93d136e47c90a7722a5fd30527accb9f981ac0ba916ea164a,local_archive,Historical archive excluded by default; no deletion,
Live2D/model-ren-asagiri/art/archive/20260924-old-head-assets/art/review_remaining_v001/face_only_marked.jpg,136790,1789993343814040200,23faa30a8b2f8a6024d536d8bdcecb1342afc63322a1c83c811728a3cc10a4ec,local_archive,Historical archive excluded by default; no deletion,
Live2D/model-ren-asagiri/art/archive/20260924-old-head-assets/art/review_remaining_v001/hair.jpg,131096,1789993278850131900,135d764867074b8f40482bb12d1e551e5a7e2fa533214bceb4b52b07205ac063,local_archive,Historical archive excluded by default; no deletion,
Live2D/model-ren-asagiri/art/archive/20260924-old-head-assets/art/review_remaining_v001/head.png,673653,1789993279386332700,266481a422cfc4777b7d5e12713d4168fc63d8365c83778f919396ab37164bba,local_archive,Historical archive excluded by default; no deletion,
Live2D/model-ren-asagiri/art/archive/20260924-old-head-assets/art/review_remaining_v001/head_marked.jpg,202640,1789993343805041900,9ade6180acbb016118482298a93db03e385f387edc8648ad04909949de97b6c7,local_archive,Historical archive excluded by default; no deletion,
Live2D/model-ren-asagiri/art/archive/20260924-old-head-assets/art/review_remaining_v001/inventory.json,21822,1789993280030553900,1ea70eca3debb9a7f2396237c04bbac5e2b07303af1c981e7efa642910261af2,already_tracked,Preserve existing tracked file and user changes,
Live2D/model-ren-asagiri/art/archive/20260924-old-head-assets/art/review_remaining_v001/nohair.png,370388,1789993279442331300,b6dd5bb1b4ccf7b9575dccabc5de4378165e8e3d862b3db9c85fde3c3179e8fb,local_archive,Historical archive excluded by default; no deletion,
Live2D/model-ren-asagiri/art/archive/20260924-old-head-assets/art/review_remaining_v001/REVIEW.md,6150,1789993423229753500,5091612fe95152cc55a7648a7fbc7c2360e9aeb21aeea6b4c4cf250a4c52e3d1,already_tracked,Preserve existing tracked file and user changes,
Live2D/model-ren-asagiri/art/archive/20260924-old-head-assets/art/review_remaining_v001/review.py,2976,1789993276882728900,5cc377cb86a57fb38a6ca16f73840e28fc8dd905f8ce1dba77453c4fe2e62725,already_tracked,Preserve existing tracked file and user changes,
Live2D/model-ren-asagiri/art/archive/20260924-old-head-assets/art/review_remaining_v001/source_unchanged.json,38,1789993343832043800,c888fc5bf492f375d3f6c683533007f98e1e344866a70d84568ca6df93b09f8c,already_tracked,Preserve existing tracked file and user changes,
Live2D/model-ren-asagiri/art/archive/20260924-old-head-assets/art/shirt_brow_recheck_v003/brows_existing_placement.jpg,64817,1790051496985741700,c7c4f5354fff3bb4c492404fc5d9277d10983271bad90c9c68df59fa7df33588,local_archive,Historical archive excluded by default; no deletion,
Live2D/model-ren-asagiri/art/archive/20260924-old-head-assets/art/shirt_brow_recheck_v003/brow_lid_parts.jpg,44431,1790051496963223500,dc26228485a1c0698fb38cbec499c59232ae4df5d0ecfb11ae53df274f39ad14,local_archive,Historical archive excluded by default; no deletion,
Live2D/model-ren-asagiri/art/archive/20260924-old-head-assets/art/shirt_brow_recheck_v003/collar_actual.jpg,96896,1790051497007249400,59228a920c156fbf98e0071ce9431b4de433519d105dcf25abcebfc495b2d0da,local_archive,Historical archive excluded by default; no deletion,
Live2D/model-ren-asagiri/art/archive/20260924-old-head-assets/art/shirt_brow_recheck_v003/head_shirt.jpg,318384,1790051497002250400,bbf6393992744c53ed614cd369aa2ca57b2440f95d1b44773e120431b2e1ac85,local_archive,Historical archive excluded by default; no deletion,
Live2D/model-ren-asagiri/art/archive/20260924-old-head-assets/art/shirt_brow_recheck_v003/inventory.json,1481,1790051497126874900,31b1a4dc94d3b6132c82fdbe8f3b2f93a461d623dae082bf91588aa357233e4b,already_tracked,Preserve existing tracked file and user changes,
Live2D/model-ren-asagiri/art/archive/20260924-old-head-assets/art/shirt_brow_recheck_v003/placement_check.json,167,1790051497124873600,92b04c40e7a7ffb516d934b7364e5c7ba3a85985c1b70c71568e3177df616ca4,already_tracked,Preserve existing tracked file and user changes,
Live2D/model-ren-asagiri/art/archive/20260924-old-head-assets/art/shirt_brow_recheck_v003/REVIEW.md,1828,1790051530340714600,a8559e675176d6590c34d30a70d75df0bfe8fc905e6ca4541147ff3177fa9557,already_tracked,Preserve existing tracked file and user changes,
Live2D/model-ren-asagiri/art/archive/20260924-old-head-assets/art/shirt_brow_recheck_v003/review.py,4095,1790051495448629600,b66b2fb2e75350927bbbb9243b1c49e7e21cb547f8cf661c0fa9d25174543d3e,already_tracked,Preserve existing tracked file and user changes,
Live2D/model-ren-asagiri/art/archive/20260924-old-head-assets/art/shirt_brow_recheck_v003/source_unchanged.json,108,1790051497127878300,c3de9f0a6a2f79e925cb52570e4f37e2024a0a6a600a1137d17ee9f9ca829c87,already_tracked,Preserve existing tracked file and user changes,
Live2D/model-ren-asagiri/art/archive/20260924-old-head-assets/art/shirt_brow_recheck_v003/source_snapshot/brow_L.png,4957,1789961923328609600,76d43654ae7b2a10781c918fa6c4b4d8f7c80f64f0b8459a7b6bef5a9437bdba,local_archive,Historical archive excluded by default; no deletion,
Live2D/model-ren-asagiri/art/archive/20260924-old-head-assets/art/shirt_brow_recheck_v003/source_snapshot/brow_R.png,5472,1789961923325609700,ed3fac617c38c1a0a7f73bc416b100db94ec545a0ee7f5a1bc8131255ffe8f81,local_archive,Historical archive excluded by default; no deletion,
Live2D/model-ren-asagiri/art/archive/20260924-old-head-assets/art/shirt_brow_recheck_v003/source_snapshot/shirt_torso.png,533495,1790050774276037000,b04c7139d749e5dd2500ca12ed97e78d2c9901cfc56d5374dde3d4268a2971d4,local_archive,Historical archive excluded by default; no deletion,
Live2D/model-ren-asagiri/art/archive/20260924-old-head-assets/art/shirt_brow_recheck_v003/source_snapshot/Upper_eyelid_left.png,20198,1790051288612113100,e8605315566588690c8ac8c02b0e86b8f63c2f1e01e7c23f30351d6a93f2ae01,local_archive,Historical archive excluded by default; no deletion,
Live2D/model-ren-asagiri/art/archive/20260924-old-head-assets/art/shirt_brow_recheck_v003/source_snapshot/Upper_eyelid_right.png,20144,1790051256594622100,86ff3f2b0ff1b0424ad44bc2f4f7ec78995abe46bff5adb5742d00f2a8820746,local_archive,Historical archive excluded by default; no deletion,
Live2D/model-ren-asagiri/art/archive/20260924-old-head-assets/art_assets/eye_parts/blue-left-eyeball.png,251135,1789959373788390500,db74bb53decf3ed8a6935f4ba805b04376bd2e096dd405f848f85204fe03b279,local_archive,Historical archive excluded by default; no deletion,
Live2D/model-ren-asagiri/art/archive/20260924-old-head-assets/art_assets/eye_parts/brown-right-eyeball.png,262578,1789959359949425100,d4786536b1e257869d3b53e2264599c9f8ec1e555d0849374b7478c292b5f60b,local_archive,Historical archive excluded by default; no deletion,
Live2D/model-ren-asagiri/art/archive/20260924-old-head-assets/art_assets/eye_parts/left-eye.png,461336,1789956887928233700,a006e5669a6b4e58f5a62635a38cc51787f6b3dbba68d6035a07cb37a55a26c9,local_archive,Historical archive excluded by default; no deletion,
Live2D/model-ren-asagiri/art/archive/20260924-old-head-assets/art_assets/eye_parts/right-eye.png,478699,1789957148300837700,9cb4862c6e3c6525a79691030c606a2c47144a4208dea7b22cc92824f76d4bc6,local_archive,Historical archive excluded by default; no deletion,
Live2D/model-ren-asagiri/art/archive/20260924-old-head-assets/art_assets/eye_parts/Upper_left_eyelash.png,84501,1789959071081542000,e9a439ab7b4ab5662e638e28203f5f08adb461d916c6f1bb507cba920ce9b584,local_archive,Historical archive excluded by default; no deletion,
Live2D/model-ren-asagiri/art/archive/20260924-old-head-assets/art_assets/eye_parts/Upper_right_eyelash.png,102187,1789959300981325300,8b6eb14fed73bd3541d9fbd7835871915e0cff91f82db31ae2e5b5a784315420,local_archive,Historical archive excluded by default; no deletion,
Live2D/model-ren-asagiri/art/asset_housekeeping_20260922/organization.json,7772,1790077889567212700,a0425af897da92bb824313cf97e9aa0d3d7bbc70435bf85c749e305fd4170b5e,already_tracked,Preserve existing tracked file and user changes,
Live2D/model-ren-asagiri/art/asset_housekeeping_20260922/organize.py,4963,1790077887936548600,c368988ced4cb6d3e5ef752121293194bcc388e1212a6476ae6dd733eb777fa4,already_tracked,Preserve existing tracked file and user changes,
Live2D/model-ren-asagiri/art/asset_housekeeping_20260922/README.md,1909,1790077966066792400,0abf793844e34738cddc09d366177782435dea3cedf09d1125574ed242a8267d,already_tracked,Preserve existing tracked file and user changes,
Live2D/model-ren-asagiri/art/collar_assembly_v002/build.py,3660,1789990627228245800,f15cc3e21ddd15fcfd917ed1647dd42707c85024bd88f029cbee035c1cf296b7,already_tracked,Preserve existing tracked file and user changes,
Live2D/model-ren-asagiri/art/collar_assembly_v002/collar_assembled.png,131530,1789990628954375600,a97446d08389e8aa30391dbebc1ec9a2e1812078849f011d98ee5d6951498dc5,local_generated_or_history,"Existing ignored output; retain locally, not a production source",
Live2D/model-ren-asagiri/art/collar_assembly_v002/collar_comparison.jpg,191544,1789990629023887300,b1729a630e75f646ddfcedbbbd300308dbbe39c73a7ed238fa8560a5f33184a5,local_generated_or_history,"Existing ignored output; retain locally, not a production source",
Live2D/model-ren-asagiri/art/collar_assembly_v002/collar_psd_assembled.png,137383,1789990667351939100,40ad6990aa5a1daa11994fe5386b64ac6ef91537f04876e777981555798e924e,local_generated_or_history,"Existing ignored output; retain locally, not a production source",
Live2D/model-ren-asagiri/art/collar_assembly_v002/collar_psd_preview.png,134347,1789990667368938900,97fd57d5b5072a0b5370879fe6a1a24b4e692a76b15f11f9dc195b23c295e2dd,local_generated_or_history,"Existing ignored output; retain locally, not a production source",
Live2D/model-ren-asagiri/art/collar_assembly_v002/manifest.json,838,1789990628962381200,4ec4a91a49bd22b15bb8f15122aec238ff26fe736a2fbffa7a3cc2db71dd2eba,already_tracked,Preserve existing tracked file and user changes,
Live2D/model-ren-asagiri/art/collar_assembly_v002/psd_tools_verification.json,904,1789990669528563000,b443b683f5b9655a69fc5c2d75c9f07ebddd7a41a74d7471e50075b88abd686c,already_tracked,Preserve existing tracked file and user changes,
Live2D/model-ren-asagiri/art/collar_assembly_v002/psd_verification.json,3023,1789990667411204200,041ca005b51a0ebed8b8c0aada21b6579cc12fbf4c5327874dcc3a4b67394d45,already_tracked,Preserve existing tracked file and user changes,
Live2D/model-ren-asagiri/art/collar_assembly_v002/README.md,1688,1789990743592615600,0dee821832695665ec96e1dc665988be4345a357cb49c6bd7b3c2d47b5cf24be,already_tracked,Preserve existing tracked file and user changes,
Live2D/model-ren-asagiri/art/collar_assembly_v002/Ren_collar_assembly_v002.psd,799113,1789990667333938500,b7e19d07830c683e17e4fc9f834ac97c303fcf7da8951a53bf671dd823341962,local_generated_or_history,"Existing ignored output; retain locally, not a production source",
Live2D/model-ren-asagiri/art/collar_assembly_v002/validation.json,1169,1789990629007887800,f336f43abc77385fbf9e700379263dcb3ea66a04f71a258bc30eb3e744715faf,already_tracked,Preserve existing tracked file and user changes,
Live2D/model-ren-asagiri/art/collar_assembly_v002/parts/collar_L.png,134413,1789990100257858800,61e15e2b564db93c3d20acf2d1ed4cb3e0bc45c7142e95c10116be93b8424e82,local_generated_or_history,"Existing ignored output; retain locally, not a production source",
Live2D/model-ren-asagiri/art/collar_assembly_v002/parts/collar_R.png,121738,1789990138816383000,e40448560d40f6aabd0a3369869c954c3355e2b191d980afd847d5cd693048d8,local_generated_or_history,"Existing ignored output; retain locally, not a production source",
Live2D/model-ren-asagiri/art/collar_assembly_v002/parts/shirt_inside.png,34062,1789990187209058400,1538e014562a97fbadda737aa0a4bbc35e9e9c6d7e9beb42f222ad9987e348c3,local_generated_or_history,"Existing ignored output; retain locally, not a production source",
Live2D/model-ren-asagiri/art/expression_rig/blink_layer_composite.png,102720,1790237255934194000,4696c7253a4c57a26e376762907115f0821f4629270665c7a04169a53ddacfaa,local_generated_or_history,"Existing ignored output; retain locally, not a production source",
Live2D/model-ren-asagiri/art/expression_rig/blink_layer_preview.png,110520,1790237256878408000,7918a2a8d615297ac646fc2b17884fcd077e7aa89d2ad419c986b10a3d8eec16,local_generated_or_history,"Existing ignored output; retain locally, not a production source",
Live2D/model-ren-asagiri/art/expression_rig/blink_manifest.json,649,1790237254911108200,0f8314f274a55d4ffaab1f34666466154c363fe59ecbc08e778634e43e492878,already_tracked,Preserve existing tracked file and user changes,
Live2D/model-ren-asagiri/art/expression_rig/blink_psd_verification.json,2492,1790237257566622400,2b215f67ae5973acdcf9b2d7aae1300c779003a338612cf3566cee5cf786ee00,already_tracked,Preserve existing tracked file and user changes,
Live2D/model-ren-asagiri/art/expression_rig/blink_source_hashes.json,155,1790237254912112500,6f00362fd1ba524bdcc1c514c70c494f7fee0382493d6be45dcd821cef915e94,already_tracked,Preserve existing tracked file and user changes,
Live2D/model-ren-asagiri/art/expression_rig/manifest.json,1099,1790235959499485500,353492aabd00e4477f445624e7c9fd3fbba492af19403d6743cf3084868f6859,already_tracked,Preserve existing tracked file and user changes,
Live2D/model-ren-asagiri/art/expression_rig/mouth_layer_composite.png,105914,1790235962155307600,e5827ca7b682ce45cd87c7623493867c8f80ee2dc1438dc342baca1975929604,local_generated_or_history,"Existing ignored output; retain locally, not a production source",
Live2D/model-ren-asagiri/art/expression_rig/mouth_layer_preview.png,113096,1790235963074675900,eeb37c51a33b9d459cd3860d3c8637f484c2f80cd9fda993ecb5d4f125ad4a22,local_generated_or_history,"Existing ignored output; retain locally, not a production source",
Live2D/model-ren-asagiri/art/expression_rig/mouth_on_current_head.jpg,175417,1790235959623621300,6b16425ad94083f9c0e9172c7e3b39ca542266db1c5e6508ce1c2d778eb6fbb5,git_asset,"Source artwork, edited part, editable project, runtime dependency, or accepted review sample",
Live2D/model-ren-asagiri/art/expression_rig/prepare_blink.py,2410,1790237253185859300,231b40cecc4f6b421570c5d32a7c10a39e9b915b06f3ec64a43d8e0934f79693,already_tracked,Preserve existing tracked file and user changes,
Live2D/model-ren-asagiri/art/expression_rig/prepare_mouth.py,3501,1790235957091891200,94e79f0e68f5ec4499a769ae5493046b57c38a0e3af66b9ce80c56d95a5a40f5,already_tracked,Preserve existing tracked file and user changes,
Live2D/model-ren-asagiri/art/expression_rig/psd_verification.json,4151,1790235963867500400,7a3ec0983a8c636a19d20a79c72dba29a03ebbcb33ed9607c821f4b69f41bf48,already_tracked,Preserve existing tracked file and user changes,
Live2D/model-ren-asagiri/art/expression_rig/Ren_blink_transition.psd,1612994,1790237255120796100,f6eb47c7173d1b2db8dc4448f98353148f496a624b35af28154a7b5ad1ac14fb,git_asset,"Source artwork, edited part, editable project, runtime dependency, or accepted review sample",
Live2D/model-ren-asagiri/art/expression_rig/Ren_mouth_addition.psd,1623557,1790235961352127400,e65083b2f04f74eadda68959bd0bb16fea5b8beb439dee245a4d8a5f455cebdc,git_asset,"Source artwork, edited part, editable project, runtime dependency, or accepted review sample",
Live2D/model-ren-asagiri/art/expression_rig/source_hashes.json,449,1790235959499485500,5c2b68489467c87f41acd1f50c063093267191f1e8844d86942cbee03fe2fc78,already_tracked,Preserve existing tracked file and user changes,
Live2D/model-ren-asagiri/art/expression_rig/parts/eyelash_closed_L.png,5000,1790237254908603200,ab11f59beb8b04b2f5fade1125201352940f47612fbb37e23b140001f4fc28fa,git_asset,"Source artwork, edited part, editable project, runtime dependency, or accepted review sample",
Live2D/model-ren-asagiri/art/expression_rig/parts/eyelash_closed_R.png,4984,1790237254911108200,281b667e704459ee87367585340836f5d98a8354201261fb3dd6ff390c2c6ab0,git_asset,"Source artwork, edited part, editable project, runtime dependency, or accepted review sample",
Live2D/model-ren-asagiri/art/expression_rig/parts/mouth_cavity.png,2672,1790235959475463600,5fb2f0a4c1fb520d93c59181b76208b60daf94c8515eef1594252dac67711cbe,git_asset,"Source artwork, edited part, editable project, runtime dependency, or accepted review sample",
Live2D/model-ren-asagiri/art/expression_rig/parts/mouth_rim_lower.png,3590,1790235959498479500,e163bab1d9596655d213bba104b6a8e3065798af44540dcf5729b055aa710c5b,git_asset,"Source artwork, edited part, editable project, runtime dependency, or accepted review sample",
Live2D/model-ren-asagiri/art/expression_rig/parts/mouth_rim_upper.png,4460,1790235959491467900,a9990773ce8cb9a272a728c1c43075e30de2a920cadeae48b499041009ec4222,git_asset,"Source artwork, edited part, editable project, runtime dependency, or accepted review sample",
Live2D/model-ren-asagiri/art/expression_rig/parts/mouth_teeth_upper.png,3160,1790235959479463700,ca707b19a37894a70022964a84c7093a3c9fd0385adc3237e3ad37c5d76674d5,git_asset,"Source artwork, edited part, editable project, runtime dependency, or accepted review sample",
Live2D/model-ren-asagiri/art/expression_rig/parts/mouth_tongue.png,4070,1790235959483468300,b84a94720e1089a76532d17fe56160721d9fa1852c55c2da083c973813b9133d,git_asset,"Source artwork, edited part, editable project, runtime dependency, or accepted review sample",
Live2D/model-ren-asagiri/art/full_body_side_view/anime-boy/anime-boy-1.png,160557,1790318798269482900,b21ba6ded18e7b44077a69e32c909d3f7fd9f6f8de8e14e5eee097316cbb77ac,git_asset,"Source artwork, edited part, editable project, runtime dependency, or accepted review sample",
Live2D/model-ren-asagiri/art/full_body_side_view/anime-boy/anime-boy-2.png,339606,1790318798281118500,8ef55d4ed1491a5b0e77d7c71ced0bf3c1141d39dc891ee7e9d43e9665a08be4,git_asset,"Source artwork, edited part, editable project, runtime dependency, or accepted review sample",
Live2D/model-ren-asagiri/art/full_body_side_view/anime-boy/anime-boy-3.png,332118,1790318798292182700,af7108555d74e0d142791ae783557e7353718a7760c215c835394de1f6c29911,git_asset,"Source artwork, edited part, editable project, runtime dependency, or accepted review sample",
Live2D/model-ren-asagiri/art/full_body_side_view/anime-boy/anime-boy-4.png,162225,1790318798298184900,584f40c4d29b915b42e74203384fce20d07ec517172dda64eb38980bc1d8534b,git_asset,"Source artwork, edited part, editable project, runtime dependency, or accepted review sample",
Live2D/model-ren-asagiri/art/full_body_side_view/anime-boy/anime-boy-5.png,111164,1790318798304231600,2b375e28d52ac400847811c51c2827f668c7f19888f1a453b42cce6eea8cdd50,git_asset,"Source artwork, edited part, editable project, runtime dependency, or accepted review sample",
Live2D/model-ren-asagiri/art/full_body_side_view/anime-boy/anime-boy-6.png,124425,1790318798309231200,f07869d94f35f1b0960d7c571f5ca2d17a024a75615f89b97cd408867d87492a,git_asset,"Source artwork, edited part, editable project, runtime dependency, or accepted review sample",
Live2D/model-ren-asagiri/art/full_body_side_view/anime-boy/anime-boy-7.png,112476,1790318798314585900,bfdbb1460e5504eb5e14008fb6c0f4e2bc022c80a90a930d5e12972032f98880,git_asset,"Source artwork, edited part, editable project, runtime dependency, or accepted review sample",
Live2D/model-ren-asagiri/art/full_body_side_view/b/b-1.png,2115,1790318798323092700,1ff33bcb1cf3a90a236ecd93a4dc537a20ef18486e095aa2bb9075b6ac262d78,git_asset,"Source artwork, edited part, editable project, runtime dependency, or accepted review sample",
Live2D/model-ren-asagiri/art/full_body_side_view/b/b-2.png,2599,1790318798328093200,5c2868f592996ce2eea83a6726d62a014eb6535e074c2dac34c3718303c08fb6,git_asset,"Source artwork, edited part, editable project, runtime dependency, or accepted review sample",
Live2D/model-ren-asagiri/art/full_body_side_view/black-belt/black-belt-1.png,46906,1790318798337507600,9c1f0cd34b031f55b01449333ed3f5f058901437f6c4e3b6578fd859ed59ab6a,git_asset,"Source artwork, edited part, editable project, runtime dependency, or accepted review sample",
Live2D/model-ren-asagiri/art/full_body_side_view/black-belt/black-belt-2.png,7202,1790318798342013600,6353aa947cb626deaa10575b36bf59c1cca371083d170a3d39b91cd27e709f41,git_asset,"Source artwork, edited part, editable project, runtime dependency, or accepted review sample",
Live2D/model-ren-asagiri/art/full_body_side_view/black-belt/black-belt-3.png,7162,1790318798347013700,c4e828efb07f29ed8f9a33c5e28504f66edc262d73e50d188b81a2339c36edaa,git_asset,"Source artwork, edited part, editable project, runtime dependency, or accepted review sample",
Live2D/model-ren-asagiri/art/full_body_side_view/black-belt/black-belt-4.png,72105,1790318798352523400,ebfe372e057f21d6e585c0e949ac9078affa2485cdf1f24cf9a42e7406a383aa,git_asset,"Source artwork, edited part, editable project, runtime dependency, or accepted review sample",
Live2D/model-ren-asagiri/art/full_body_side_view/black-belt/black-belt-5.png,27008,1790318798357527100,c701ec0a8523f9dbdbd15b026dc17cb139137c63898c97ddf5211f916f11dbc2,git_asset,"Source artwork, edited part, editable project, runtime dependency, or accepted review sample",
Live2D/model-ren-asagiri/art/full_body_side_view/black-loafers/black-loafers-1.png,69676,1790318798368039800,b569406bc7e47ec3173f5eb25aa40ae05fee06ea83ae0d7a3e0842df033757a2,git_asset,"Source artwork, edited part, editable project, runtime dependency, or accepted review sample",
Live2D/model-ren-asagiri/art/full_body_side_view/black-loafers/black-loafers-2.png,51810,1790318798372547500,51302a93a42cda9c18e98f21fb2d44b6a90232a68d3dbe2eb3f76740dc8c1546,git_asset,"Source artwork, edited part, editable project, runtime dependency, or accepted review sample",
Live2D/model-ren-asagiri/art/full_body_side_view/black-loafers/black-loafers-3.png,9692,1790318798377547300,b12cd096be8add0bf790637c86e43c5d7a8b0c6f8f2ca9eed00790347fabccad,git_asset,"Source artwork, edited part, editable project, runtime dependency, or accepted review sample",
Live2D/model-ren-asagiri/art/full_body_side_view/black-loafers/black-loafers-4.png,25311,1790318798382638500,05e5b33be1e6a225f3ee03a36b36085967506aa5d694696ff1f784e997c0db33,git_asset,"Source artwork, edited part, editable project, runtime dependency, or accepted review sample",
Live2D/model-ren-asagiri/art/full_body_side_view/black-loafers/black-loafers-5.png,25472,1790318798387637700,533f12eadf2f087fff97c9dd6135c7d9545afb4d55395ab89a346c4c19cc7460,git_asset,"Source artwork, edited part, editable project, runtime dependency, or accepted review sample",
Live2D/model-ren-asagiri/art/full_body_side_view/black-loafers/black-loafers-6.png,10320,1790318798393152500,14edd0e402d12f5c6b1d37379bb53c7e319f2bd539990e188b86077e9f43c0bd,git_asset,"Source artwork, edited part, editable project, runtime dependency, or accepted review sample",
Live2D/model-ren-asagiri/art/full_body_side_view/blue-eye/blue-eye-1.png,5539,1790318798401657500,85f127227b979022916c66627a5ca481dfd202ba467cccdd92608d38665e5bf9,git_asset,"Source artwork, edited part, editable project, runtime dependency, or accepted review sample",
Live2D/model-ren-asagiri/art/full_body_side_view/blue-eye/blue-eye-2.png,2086,1790318798405660700,7e4d71337f48dda5ef63726a740bd9669a8386d281539762c169768b43b7c4d1,git_asset,"Source artwork, edited part, editable project, runtime dependency, or accepted review sample",
Live2D/model-ren-asagiri/art/full_body_side_view/blue-eye/blue-eye-3.png,2365,1790318798410167400,722f8622313284e3ec3c7a091b5529cc36215d2298ff9e53d8625adb32d41bd9,git_asset,"Source artwork, edited part, editable project, runtime dependency, or accepted review sample",
Live2D/model-ren-asagiri/art/full_body_side_view/blue-eye/blue-eye-4.png,2104,1790318798416172400,fd63869251688e1fdbca25091547a6606126dee66cbaae94eb2d3714a5029c05,git_asset,"Source artwork, edited part, editable project, runtime dependency, or accepted review sample",
Live2D/model-ren-asagiri/art/full_body_side_view/close-up-belt/close-up-belt-1.png,48184,1790318798424364500,03d0491e4c90dd429258ca4cc8083626f382fe2e3a7fd7f776225bc7e29f77de,git_asset,"Source artwork, edited part, editable project, runtime dependency, or accepted review sample",
Live2D/model-ren-asagiri/art/full_body_side_view/close-up-belt/close-up-belt-2.png,7253,1790318798430364000,7c245cdfbe4baa72901f0dc800d4c8b2dd317cdadcf44d4dcaba3b8fb35a7155,git_asset,"Source artwork, edited part, editable project, runtime dependency, or accepted review sample",
Live2D/model-ren-asagiri/art/full_body_side_view/close-up-belt/close-up-belt-3.png,73553,1790318798436461900,191a63a4c3f9d06696a7a299503f123311d529ab724dabc4caf06040e9a298b7,git_asset,"Source artwork, edited part, editable project, runtime dependency, or accepted review sample",
Live2D/model-ren-asagiri/art/full_body_side_view/close-up-belt/close-up-belt-4.png,7175,1790318798441575500,d91a2e9cfd7a20ff3e61c76d40fbc4049b8fcbab1510734b7e70bdbe761f5984,git_asset,"Source artwork, edited part, editable project, runtime dependency, or accepted review sample",
Live2D/model-ren-asagiri/art/full_body_side_view/close-up-belt/close-up-belt-5.png,7723,1790318798445574800,45da07dd72f22dd52fe5cc322117c471d5f8ebc075f09ae3f3bdde587b309e63,git_asset,"Source artwork, edited part, editable project, runtime dependency, or accepted review sample",
Live2D/model-ren-asagiri/art/full_body_side_view/close-up-belt/close-up-belt-6.png,28425,1790318798450080100,d940b726d18aa672bb0ef7dda255d64940060a519f588f684f051baedea35f8d,git_asset,"Source artwork, edited part, editable project, runtime dependency, or accepted review sample",
Live2D/model-ren-asagiri/art/full_body_side_view/close-up-face/close-up-face-1.png,52701,1790318798459088800,7f5f4eccfae583b9af622f794d61532f4d91429fdb63cf136aa49bbc4b36238c,git_asset,"Source artwork, edited part, editable project, runtime dependency, or accepted review sample",
Live2D/model-ren-asagiri/art/full_body_side_view/close-up-face/close-up-face-2.png,20946,1790318798464597600,ba94431b0cb212c1f51e73e92d5f4f3e68919d0936cf87ce115626f7aa00dab1,git_asset,"Source artwork, edited part, editable project, runtime dependency, or accepted review sample",
Live2D/model-ren-asagiri/art/full_body_side_view/close-up-face/close-up-face-3.png,20238,1790318798470100500,8d661fc62f3c319c8ae85717f2f889ad99ffda408473bb68f22593d40030fe9a,git_asset,"Source artwork, edited part, editable project, runtime dependency, or accepted review sample",
Live2D/model-ren-asagiri/art/full_body_side_view/close-up-shirt/close-up-shirt-1.png,150096,1790318798479104600,773e3e1f8b4cd4fcbfe124f67da322fe378633b2a9c05dcb6bddd725a1564aed,git_asset,"Source artwork, edited part, editable project, runtime dependency, or accepted review sample",
Live2D/model-ren-asagiri/art/full_body_side_view/close-up-shirt/close-up-shirt-2.png,71106,1790318798484145500,5fa1ee6a444fccbab69faab0099aa8b99ba25ecae3bbc4ea66608925268c2631,git_asset,"Source artwork, edited part, editable project, runtime dependency, or accepted review sample",
Live2D/model-ren-asagiri/art/full_body_side_view/close-up-shirt/close-up-shirt-3.png,68125,1790318798490372600,40832527614065f30c0cfccb32b7e2b88476ba9cb5155c04816a76f969014752,git_asset,"Source artwork, edited part, editable project, runtime dependency, or accepted review sample",
Live2D/model-ren-asagiri/art/full_body_side_view/close-up-shirt/close-up-shirt-4.png,67088,1790318798495377400,67b795a10a59c5c266fe22de45d197f48bc3435d94f95bd630243312e578828d,git_asset,"Source artwork, edited part, editable project, runtime dependency, or accepted review sample",
Live2D/model-ren-asagiri/art/full_body_side_view/close-up-shirt/close-up-shirt-5.png,25564,1790318798500377300,1b8cfc9ed1882b9af8a9d25e759ad278f2d67f4206117b79e21f26021d35e03d,git_asset,"Source artwork, edited part, editable project, runtime dependency, or accepted review sample",
Live2D/model-ren-asagiri/art/full_body_side_view/close-up-shirt/close-up-shirt-6.png,9654,1790318798504884600,c2e8272c3321538a9c0eefbf2e3067065be4bad456d12b05610dc1d856e1926f,git_asset,"Source artwork, edited part, editable project, runtime dependency, or accepted review sample",
Live2D/model-ren-asagiri/art/full_body_side_view/close-up-shirt/close-up-shirt-7.png,25100,1790318798508884400,221751f6d0c0a58cb40c37e4367bf50647b1401e8ce82500e8ef219590aebe22,git_asset,"Source artwork, edited part, editable project, runtime dependency, or accepted review sample",
Live2D/model-ren-asagiri/art/full_body_side_view/close-up-shoes/close-up-shoes-1.png,69848,1790318798518395600,ea763f14d9b2b16b0a7162d82eb6ba0c5c34c13056a11a5181aaf2c6ae19c42c,git_asset,"Source artwork, edited part, editable project, runtime dependency, or accepted review sample",
Live2D/model-ren-asagiri/art/full_body_side_view/close-up-shoes/close-up-shoes-2.png,52301,1790318798523735100,67583e1f07875514693014849ef865aa1bc1cddac9bd4e4b63b8dcde38896817,git_asset,"Source artwork, edited part, editable project, runtime dependency, or accepted review sample",
Live2D/model-ren-asagiri/art/full_body_side_view/close-up-shoes/close-up-shoes-3.png,9834,1790318798527734900,e864abcbc9311e0baab12eeb175193c44088a15ed24172048001e57f68df1cd7,git_asset,"Source artwork, edited part, editable project, runtime dependency, or accepted review sample",
Live2D/model-ren-asagiri/art/full_body_side_view/close-up-shoes/close-up-shoes-4.png,25123,1790318798533245800,c424921557ec822ac9336cd8b9b622a11a980be03ce91511fad8af242a3a49dc,git_asset,"Source artwork, edited part, editable project, runtime dependency, or accepted review sample",
Live2D/model-ren-asagiri/art/full_body_side_view/close-up-shoes/close-up-shoes-5.png,26012,1790318798537246600,f168a3e47e3f32d2f1cd3427d2e23ddd23af7c9a6f345685b67d35fff99d893f,git_asset,"Source artwork, edited part, editable project, runtime dependency, or accepted review sample",
Live2D/model-ren-asagiri/art/full_body_side_view/close-up-shoes/close-up-shoes-6.png,10337,1790318798542256600,f0200da54415ad8b0fb6b549c9bb5db94f6039cc6a85f25a4c4b63cc010c7342,git_asset,"Source artwork, edited part, editable project, runtime dependency, or accepted review sample",
Live2D/model-ren-asagiri/art/full_body_side_view/dark-socks/dark-socks-1.png,5543,1790318798550261500,85c4e350aaa542d568f9d5fe7884e38f4d743c93b9c2b2c48d65b16a59822b49,git_asset,"Source artwork, edited part, editable project, runtime dependency, or accepted review sample",
Live2D/model-ren-asagiri/art/full_body_side_view/dark-socks/dark-socks-2.png,2299,1790318798554379900,a26ee045ef918052b258352c1e063f1c6ea3645a2efdcd9f21a11fb05096ffd6,git_asset,"Source artwork, edited part, editable project, runtime dependency, or accepted review sample",
Live2D/model-ren-asagiri/art/full_body_side_view/dark-socks/dark-socks-3.png,5732,1790318798559378000,92cffbbb08637491179f92dd3c53740487e64f646eb8b3ef8e70e4a952b01f1b,git_asset,"Source artwork, edited part, editable project, runtime dependency, or accepted review sample",
Live2D/model-ren-asagiri/art/full_body_side_view/dark-socks/dark-socks-4.png,7661,1790318798564565300,5c32cd3057d00361228c296128f026e37d032d4167c82e4ce4e3a04d86793f75,git_asset,"Source artwork, edited part, editable project, runtime dependency, or accepted review sample",
Live2D/model-ren-asagiri/art/full_body_side_view/dark-socks/dark-socks-5.png,2130,1790318798569565500,59d5ee03fc8696f2a9dca8cd874639a70c84a1722433404f9411779451011632,git_asset,"Source artwork, edited part, editable project, runtime dependency, or accepted review sample",
Live2D/model-ren-asagiri/art/full_body_side_view/gray-trousers/gray-trousers-1.png,107135,1790318798578072400,06fda94425baa63c8632ddd6b437f9deb5c284b2840f3e1003d8ca4a167f91e0,git_asset,"Source artwork, edited part, editable project, runtime dependency, or accepted review sample",
Live2D/model-ren-asagiri/art/full_body_side_view/gray-trousers/gray-trousers-2.png,110530,1790318798583591800,61bca4a91dd28cdccef9aac3237ac676e2a5f0ef6c514a3e546ab62eb3196537,git_asset,"Source artwork, edited part, editable project, runtime dependency, or accepted review sample",
Live2D/model-ren-asagiri/art/full_body_side_view/gray-trousers/gray-trousers-3.png,48978,1790318798588587700,97e587f4aa671fb77b85b552eea6e38ce54dda60987b9bccd584a569aca35348,git_asset,"Source artwork, edited part, editable project, runtime dependency, or accepted review sample",
Live2D/model-ren-asagiri/art/full_body_side_view/gray-trousers/gray-trousers-4.png,42054,1790318798593099100,29bd54e1ba18629f4e96bcdeef291f4ca1879a025fd5fef42e50d64f7911d8aa,git_asset,"Source artwork, edited part, editable project, runtime dependency, or accepted review sample",
Live2D/model-ren-asagiri/art/full_body_side_view/gray-trousers/gray-trousers-5.png,42898,1790318798598099400,76e846a3c25b408b95267df3b0414e3c5b3bc681e3cd91744b670ba1ffc7fe7a,git_asset,"Source artwork, edited part, editable project, runtime dependency, or accepted review sample",
Live2D/model-ren-asagiri/art/full_body_side_view/shirt-pocket/shirt-pocket-1.png,20046,1790318798606608900,c167d7eb158790462b64f52336e00565f439ba90b24acc71a7e92d927a333871,git_asset,"Source artwork, edited part, editable project, runtime dependency, or accepted review sample",
Live2D/model-ren-asagiri/art/full_body_side_view/shirt-pocket/shirt-pocket-2.png,4269,1790318798611112400,2264dac45b900f0c5d975768bd4866dca44dc1169e4cc7d6df1d002202d74bc3,git_asset,"Source artwork, edited part, editable project, runtime dependency, or accepted review sample",
Live2D/model-ren-asagiri/art/full_body_side_view/short-dark-blue-hair/short-dark-blue-hair-1.png,87982,1790318798620112900,699cd450b4a6259c717ae2ad079674aec50292c9605312a15433f351150840f5,git_asset,"Source artwork, edited part, editable project, runtime dependency, or accepted review sample",
Live2D/model-ren-asagiri/art/full_body_side_view/short-dark-blue-hair/short-dark-blue-hair-2.png,54109,1790318798624182000,dd0f86212c7906a3db455fba8131eb7bd34b96be123a80d97abb1f47ce9995bb,git_asset,"Source artwork, edited part, editable project, runtime dependency, or accepted review sample",
Live2D/model-ren-asagiri/art/full_body_side_view/short-dark-blue-hair/short-dark-blue-hair-3.png,55982,1790318798630182000,7421a860e40073dcc2027c28c4d453f6700423ac816992e2d6c9219ec6a0c2bb,git_asset,"Source artwork, edited part, editable project, runtime dependency, or accepted review sample",
Live2D/model-ren-asagiri/art/full_body_side_view/silver-belt-buckle/silver-belt-buckle-1.png,15950,1790318798638309300,01635d91ed03ac5353afd7e7253af9ff3cbe2ab6221c9eb31871fd4b54f13191,git_asset,"Source artwork, edited part, editable project, runtime dependency, or accepted review sample",
Live2D/model-ren-asagiri/art/full_body_side_view/silver-belt-buckle/silver-belt-buckle-2.png,14804,1790318798641816200,d462f2b534f25f6c26a60a787e3204ab63078118d39e2bc5ecafc38fa8c3c3cc,git_asset,"Source artwork, edited part, editable project, runtime dependency, or accepted review sample",
Live2D/model-ren-asagiri/art/full_body_side_view/white-short-sleeve-shirt/white-short-sleeve-shirt-1.png,70551,1790318798651331500,1414d80983f0435b3e372bcd4452922633bef974eff35021da1140dba68d1eed,git_asset,"Source artwork, edited part, editable project, runtime dependency, or accepted review sample",
Live2D/model-ren-asagiri/art/full_body_side_view/white-short-sleeve-shirt/white-short-sleeve-shirt-2.png,67823,1790318798655328200,1dd41b03b5956a3402056090bb983938f5a19387d7aa141e2cf18b224f39b1e2,git_asset,"Source artwork, edited part, editable project, runtime dependency, or accepted review sample",
Live2D/model-ren-asagiri/art/full_body_side_view/white-short-sleeve-shirt/white-short-sleeve-shirt-3.png,149609,1790318798661618700,5d5345f0f0d7ba4a80e5b87d96422931df3954321007a4badf018ba7d2ccb8ff,git_asset,"Source artwork, edited part, editable project, runtime dependency, or accepted review sample",
Live2D/model-ren-asagiri/art/full_body_side_view/white-short-sleeve-shirt/white-short-sleeve-shirt-4.png,66527,1790318798666625600,3825f9edbff59ca947f9f82d4e3db048fe7bb6fc89035447b85d9f4eecec7962,git_asset,"Source artwork, edited part, editable project, runtime dependency, or accepted review sample",
Live2D/model-ren-asagiri/art/full_body_side_view/white-short-sleeve-shirt/white-short-sleeve-shirt-5.png,9552,1790318798671129900,d1b76f9ff969489334b72933915b397ae6bc13c0fdf60283adfacfb923ac4cf7,git_asset,"Source artwork, edited part, editable project, runtime dependency, or accepted review sample",
Live2D/model-ren-asagiri/art/full_body_side_view/white-short-sleeve-shirt/white-short-sleeve-shirt-6.png,25398,1790318798676133400,4cb74e0e44392bcfeae847266d74d4f541efde1ce741867a5267264bb7caa8da,git_asset,"Source artwork, edited part, editable project, runtime dependency, or accepted review sample",
Live2D/model-ren-asagiri/art/full_body_side_view/white-short-sleeve-shirt/white-short-sleeve-shirt-7.png,25204,1790318798680132600,ac3a777d6566236df57730d47594570ed76283c74bd14b602b6922770229d4da,git_asset,"Source artwork, edited part, editable project, runtime dependency, or accepted review sample",
Live2D/model-ren-asagiri/art/head/acceptance.json,5208,1790232765923292100,2620db06e14d99a0bdd7502a0be6aa43325e2a065c8d640cf0e9b83a56532cd5,already_tracked,Preserve existing tracked file and user changes,
Live2D/model-ren-asagiri/art/head/assembly.json,27501,1790232765485264600,92d56a5ee78f149e5dc91faba74571da134bc54b571ead48c049822e49b80584,already_tracked,Preserve existing tracked file and user changes,
Live2D/model-ren-asagiri/art/head/README.md,3862,1790311559045431400,5547fb907a0f71d2bda6ea0072460bca1f4c9ead0979ec581b67ec6e2acdd09f,already_tracked,Preserve existing tracked file and user changes,
Live2D/model-ren-asagiri/art/head/render.py,2372,1790226915274107200,8e56499e4d3b7ed5c28f2e81fde85f912e034c276bd96acdb2e147e1def63b0d,already_tracked,Preserve existing tracked file and user changes,
Live2D/model-ren-asagiri/art/head/archive/20260924-before-ear-cleanup/assembly.json,16178,1790222250453271100,bd60410f2b2af0d1777f6af5cadf68924cc122eb74889e74d0ebcc60eb89726e,already_tracked,Preserve existing tracked file and user changes,
Live2D/model-ren-asagiri/art/head/archive/20260924-before-ear-cleanup/README.md,3256,1790222328385026400,1d0f0daaab4ab808ed8e2b8a2452a0085be50a72759304faee23890ace0abd58,already_tracked,Preserve existing tracked file and user changes,
Live2D/model-ren-asagiri/art/head/archive/20260924-before-ear-cleanup/preview/comparison_face_detail.jpg,307152,1790222250439269200,44202c819a8369c65b5e08558be5f7b56336c347990e5c7f142a7eaa973f0aec,local_archive,Historical archive excluded by default; no deletion,
Live2D/model-ren-asagiri/art/head/archive/20260924-before-ear-cleanup/preview/comparison_original.jpg,247311,1790222250415264200,243e9ab396e41fa5d1d4690c7cc02815fe2f6024e7ce0ed6040bf5ca07fc974b,local_archive,Historical archive excluded by default; no deletion,
Live2D/model-ren-asagiri/art/head/archive/20260924-before-ear-cleanup/preview/head_sample.png,702290,1790222250154185800,27ee9b592f9e115580d035a877cd20c8708abe56fae22ec538b9ea05ef953006,local_archive,Historical archive excluded by default; no deletion,
Live2D/model-ren-asagiri/art/head/archive/20260924-before-ear-cleanup/preview/head_sample_gray.png,608641,1790222250202698200,7adab7e5df0c0f9db6d4554384d8353837c235ec0512af4380836c8480bec65d,local_archive,Historical archive excluded by default; no deletion,
Live2D/model-ren-asagiri/art/head/archive/20260924-before-hair-extension-review/acceptance.json,4446,1790223324159249500,3e71e582e5352104b6ca8023d473e390be02e81101e714db9e734264b8e408d7,already_tracked,Preserve existing tracked file and user changes,
Live2D/model-ren-asagiri/art/head/archive/20260924-before-hair-extension-review/assembly.json,19367,1790223324138249700,5de500194f8198e2096b3ed8ab16a096b1a6581dd3d91741a049beb57832095a,already_tracked,Preserve existing tracked file and user changes,
Live2D/model-ren-asagiri/art/head/archive/20260924-before-hair-extension-review/README.md,4321,1790223377820099200,58c53ac776d1647e5f903347945189ac836896c973fba699488bf60daf467809,already_tracked,Preserve existing tracked file and user changes,
Live2D/model-ren-asagiri/art/head/archive/20260924-before-hair-extension-review/parts/face_underfill.png,128342,1790220291733619700,01f1f19bd3d29e79df8e3cd40b4feeaa52a76964f947fd9a041eb829f213e5ee,local_archive,Historical archive excluded by default; no deletion,
Live2D/model-ren-asagiri/art/head/archive/20260924-before-hair-extension-review/parts/hair_back.png,46627,1789979873310281600,eaf39cf624c5db9514a43f90bcf7c7797c97e0032a58fe1e933abae09aa49ff8,local_archive,Historical archive excluded by default; no deletion,
Live2D/model-ren-asagiri/art/head/archive/20260924-before-hair-extension-review/preview/comparison_face_detail.jpg,304073,1790223268415684200,8130a8d67e4969066dd9b7452aa443cde6d395e078a6414812faa1fd37dd753f,local_archive,Historical archive excluded by default; no deletion,
Live2D/model-ren-asagiri/art/head/archive/20260924-before-hair-extension-review/preview/comparison_original.jpg,245974,1790223268391176400,c0c38639b74bb604010aaa40b02ccb9d373446e6fc094da4e082d2f42662cc1c,local_archive,Historical archive excluded by default; no deletion,
Live2D/model-ren-asagiri/art/head/archive/20260924-before-hair-extension-review/preview/head_sample.png,701379,1790223268125205900,2e711af42ba045b5384d23c9ff85ebc60339d6e9a4f07e8a21659dd9744e5802,local_archive,Historical archive excluded by default; no deletion,
Live2D/model-ren-asagiri/art/head/archive/20260924-before-hair-extension-review/preview/head_sample_gray.png,606609,1790223268173208900,72b5d82d89f81a4dd1a98e5e111d9cec3fff4aeec5bbc681d2f5eb1b6f1999ca,local_archive,Historical archive excluded by default; no deletion,
Live2D/model-ren-asagiri/art/head/archive/20260924-before-psd-integration/acceptance.json,5041,1790227239101412300,615ed57c7ee16d4077f77ff07f98ed887965207b86bf5d78c0927d847c4ee800,already_tracked,Preserve existing tracked file and user changes,
Live2D/model-ren-asagiri/art/head/archive/20260924-before-psd-integration/assembly.json,25435,1790227163411200900,ba7c8ca1781bcd88bbddfa70535857a77cb69730848942e288c24649911d17ef,already_tracked,Preserve existing tracked file and user changes,
Live2D/model-ren-asagiri/art/head/archive/20260924-before-psd-integration/README.md,2836,1790227163518754900,96ff5cb3d30acd19148d10023914082751fa7473e087fdb8002167a95e7a65cb,already_tracked,Preserve existing tracked file and user changes,
Live2D/model-ren-asagiri/art/head/archive/20260924-before-psd-integration/preview/comparison_face_detail.jpg,306684,1790226979372760800,1665f024574858fc3be60dd6615c79a7e6d38870680e2fd147a6e772015782b5,local_archive,Historical archive excluded by default; no deletion,
Live2D/model-ren-asagiri/art/head/archive/20260924-before-psd-integration/preview/comparison_original.jpg,248271,1790226979347593000,22f662559484a38d8c6271cf219d49b0dd77fbbddb1484bd5591f379b8261f7e,local_archive,Historical archive excluded by default; no deletion,
Live2D/model-ren-asagiri/art/head/archive/20260924-before-psd-integration/preview/head_sample.png,708097,1790226979094133800,d80867ffc14f1611e90928e73dd51619fc2d8a2600cb47657761cdd2c5a3833c,local_archive,Historical archive excluded by default; no deletion,
Live2D/model-ren-asagiri/art/head/archive/20260924-before-psd-integration/preview/head_sample_gray.png,611096,1790226979142133700,3cea135b5c139823bf7335cf49378dcf904974d0b129f919c65356907bd507eb,local_archive,Historical archive excluded by default; no deletion,
Live2D/model-ren-asagiri/art/head/archive/20260924-before-psd-integration/preview/seam_comparison.jpg,121917,1790227239095413900,8b1c145be1fafce82b21b63c537d0edd3995d23105204036db49121c4f62e22d,local_archive,Historical archive excluded by default; no deletion,
Live2D/model-ren-asagiri/art/head/editor_data/facial_feature.png,201059,1790224909896499300,6dbc3116a8db2ecd610a1e4709399a3a65ec488d0d45a0604f471f2dca2d6cc7,git_asset,"Source artwork, edited part, editable project, runtime dependency, or accepted review sample",
Live2D/model-ren-asagiri/art/head/editor_data/facial_feature.psd,891028,1790224899550636600,cd806586c914be3c9f54f01dd2fbc049de5daa8b1352aa757644bd65231d6015,git_asset,"Source artwork, edited part, editable project, runtime dependency, or accepted review sample",
Live2D/model-ren-asagiri/art/head/editor_data/ren-stand-pony-front-4000x6000.png,4132582,1789956672431504000,edf3b0317f981568b29f04fc1dbaeebae416b164741c2dee2499d0a6116a4817,git_asset,"Source artwork, edited part, editable project, runtime dependency, or accepted review sample",
Live2D/model-ren-asagiri/art/head/expression_sources/manifest.json,2879,1790227163447967000,4df1543ae7abc6ff938bf0fd44a1049fdcfcd9989d47ec6a398723cedd39f567,already_tracked,Preserve existing tracked file and user changes,
Live2D/model-ren-asagiri/art/head/expression_sources/README.md,432,1790226979396267200,f8e2cf26564e42bc01ba7a8833a55f4ebab2ac4132380af69a288e66ca94e85f,already_tracked,Preserve existing tracked file and user changes,
Live2D/model-ren-asagiri/art/head/expression_sources/blink/eyelash_upper_L_original.png,27168,1790047465577620100,eba35c6c2ae813a25d63b795879a37762fa50daa819a44b45b74ab2ea41b49ed,git_asset,"Source artwork, edited part, editable project, runtime dependency, or accepted review sample",
Live2D/model-ren-asagiri/art/head/expression_sources/blink/eyelash_upper_R_original.png,26380,1790047331585104300,32c03f01ee185b03434043db23cf123aa10712335c8503e053e2098437fdf745,git_asset,"Source artwork, edited part, editable project, runtime dependency, or accepted review sample",
Live2D/model-ren-asagiri/art/head/expression_sources/mouth/mouth_cavity.png,4934,1789989192630276400,f845f65ad41dd5049443fae32627404b4d0aa3bc3e5af70c761ee9d1ecaa35e2,git_asset,"Source artwork, edited part, editable project, runtime dependency, or accepted review sample",
Live2D/model-ren-asagiri/art/head/expression_sources/mouth/mouth_rim_lower.png,26556,1790037523523014100,78033b9291e3a7120f88cd525d3977c771ddfdf2d4910018c8d4866657bb1b29,git_asset,"Source artwork, edited part, editable project, runtime dependency, or accepted review sample",
Live2D/model-ren-asagiri/art/head/expression_sources/mouth/mouth_rim_upper.png,29111,1790037580645916700,5fdd579737481dc78d5a2bbcd73ab8ec028f8300c63e472b8a0d003dc8571691,git_asset,"Source artwork, edited part, editable project, runtime dependency, or accepted review sample",
Live2D/model-ren-asagiri/art/head/expression_sources/mouth/mouth_teeth_upper.png,6797,1789989192631276200,5c92a79e2992bf346f0ac3ba49cd07021d778e383806c30dcf3732e16d0d6406,git_asset,"Source artwork, edited part, editable project, runtime dependency, or accepted review sample",
Live2D/model-ren-asagiri/art/head/expression_sources/mouth/mouth_tongue.png,10539,1789989192632275900,aaff8d6a86d6093e5b274016f49d2daa4290100ee50dd6aeab094ff1b6fd277a,git_asset,"Source artwork, edited part, editable project, runtime dependency, or accepted review sample",
Live2D/model-ren-asagiri/art/head/parts/ALT_eyelash_upper_L.png,28943,1790231565587959300,b4bd49d59cfe282575c43642e55d48cc7aaa0989f02b6702dc233511ced2cfce,git_asset,"Source artwork, edited part, editable project, runtime dependency, or accepted review sample",
Live2D/model-ren-asagiri/art/head/parts/ALT_eyelash_upper_R.png,28676,1790231425715730000,b52302092619ee9660571cc9ea59b5324df5e6de4f115e9e5172f6f19b50b1e5,git_asset,"Source artwork, edited part, editable project, runtime dependency, or accepted review sample",
Live2D/model-ren-asagiri/art/head/parts/ALT_iris_L_blue.png,35388,1790068188595695000,f232f20d44def5e10c06f6957c50e74be99f0aae909b04c4b5b97ec180f9bc05,git_asset,"Source artwork, edited part, editable project, runtime dependency, or accepted review sample",
Live2D/model-ren-asagiri/art/head/parts/ALT_iris_R_brown.png,36049,1790068160273267200,1912823fb0bc5d6b2994ec975e1cae61fb1d4ad53905d8d0d9adcfae03b96601,git_asset,"Source artwork, edited part, editable project, runtime dependency, or accepted review sample",
Live2D/model-ren-asagiri/art/head/parts/brow_L.png,21020,1790220147923496200,1d259eb00870a694a6ddba562e9821babc5bf5dcec19c68b0a1f59ecf4d34dfb,git_asset,"Source artwork, edited part, editable project, runtime dependency, or accepted review sample",
Live2D/model-ren-asagiri/art/head/parts/brow_R.png,22773,1790220236269091100,c84aa7bb7869b5bf633d1212296e52795d078f1b48eb856e85f6daf108c9cc74,git_asset,"Source artwork, edited part, editable project, runtime dependency, or accepted review sample",
Live2D/model-ren-asagiri/art/head/parts/ear_L.png,50440,1790222732748358500,2cb6db3af49979627445d582b6af3dc2a6a1a1c17bb0b98270f1091c5222f89b,git_asset,"Source artwork, edited part, editable project, runtime dependency, or accepted review sample",
Live2D/model-ren-asagiri/art/head/parts/ear_R.png,52947,1790222805828501300,ad1332f78fa8f76aa4b88026453c9928674eb2e30881f896d574c49e8ade77cf,git_asset,"Source artwork, edited part, editable project, runtime dependency, or accepted review sample",
Live2D/model-ren-asagiri/art/head/parts/face_underfill.png,130735,1790225031065272900,27ddeb8dec0d6101e9ce05314406e7d8c6bafdaaa2bf0f840189b5e0da54e938,git_asset,"Source artwork, edited part, editable project, runtime dependency, or accepted review sample",
Live2D/model-ren-asagiri/art/head/parts/FILL_eye_white_L.png,22895,1790228079104474300,27bde4022ec8e975fb8651545af27c34822fe6121815522ae7d0b6972b7b8a35,git_asset,"Source artwork, edited part, editable project, runtime dependency, or accepted review sample",
Live2D/model-ren-asagiri/art/head/parts/FILL_eye_white_R.png,22994,1790219580914993500,0b6e3077fb2c2e0d93fa40a988bcced3e66b6949cd9849aaf4a032210ac87a7c,git_asset,"Source artwork, edited part, editable project, runtime dependency, or accepted review sample",
Live2D/model-ren-asagiri/art/head/parts/hair_ahoge.png,47278,1789979436108215900,cf303c03f5fb86555d0d3f87cad1f5bc117dbc13416b1d69fbc784633399a582,git_asset,"Source artwork, edited part, editable project, runtime dependency, or accepted review sample",
Live2D/model-ren-asagiri/art/head/parts/hair_back.png,74692,1790226206865802700,c3a36f296372a2fa0a2d94beca33395a6f0151df3e2cb0ce543ed470eda7921f,git_asset,"Source artwork, edited part, editable project, runtime dependency, or accepted review sample",
Live2D/model-ren-asagiri/art/head/parts/hair_front_C.png,152586,1790043651468308600,8d0f2ea1ec564881d2b2416a5b80e17e490cee4a209b9d051087bfdb5f74940f,git_asset,"Source artwork, edited part, editable project, runtime dependency, or accepted review sample",
Live2D/model-ren-asagiri/art/head/parts/hair_front_L.png,130054,1790045695890464400,9021d9fc6e1bc695209ce0afbea32ebae8901641763a89c27ab6ce9ca3986f94,git_asset,"Source artwork, edited part, editable project, runtime dependency, or accepted review sample",
Live2D/model-ren-asagiri/art/head/parts/hair_front_R.png,127957,1790045367421250700,459f9b5cf6a813b90f74767c02f77b1e3bfce3586aaacc1d4df9bd3c9aae2cab,git_asset,"Source artwork, edited part, editable project, runtime dependency, or accepted review sample",
Live2D/model-ren-asagiri/art/head/parts/hair_side_L.png,175620,1790227947430021300,2c9c9eb42c89f0fea44ba7b5ab01900ebfa1fccd0886630b9d6903cdb53988d3,git_asset,"Source artwork, edited part, editable project, runtime dependency, or accepted review sample",
Live2D/model-ren-asagiri/art/head/parts/hair_side_R.png,169104,1790227993915315700,b79cd49430cb7cf4ab8fe9246cf3e1cf95af726a32bad0ab7916f7326e064493,git_asset,"Source artwork, edited part, editable project, runtime dependency, or accepted review sample",
Live2D/model-ren-asagiri/art/head/parts/lower_eyelid_left.png,23309,1790221378540763300,11046d47e00e1b5930ab23d312dfda4b047ae61e3d548a59f5e4a0587ad24fe5,git_asset,"Source artwork, edited part, editable project, runtime dependency, or accepted review sample",
Live2D/model-ren-asagiri/art/head/parts/lower_eyelid_right.png,22894,1790219056128041000,ffb3942db69111672964c0426051198a3cf6865f7d2fd31bf9b4b3077c064e92,git_asset,"Source artwork, edited part, editable project, runtime dependency, or accepted review sample",
Live2D/model-ren-asagiri/art/head/parts/mouth_closed.png,20671,1790068473338787300,5f0b8bc2594a58b935f2b4929e1c20e72a5ad35e649bc906d6d827ee73f10ca6,git_asset,"Source artwork, edited part, editable project, runtime dependency, or accepted review sample",
Live2D/model-ren-asagiri/art/head/parts/upper_crease_L.png,2502,1790054069243247100,bd9d9b116d0a6346dca7485f5dbae57178a469274fc75d5009a0f71d0fbf0155,git_asset,"Source artwork, edited part, editable project, runtime dependency, or accepted review sample",
Live2D/model-ren-asagiri/art/head/parts/upper_crease_R.png,23706,1790071342499019900,b21b6161eadda172aae5911b7ef47d7a8b40b590907458517b2d8e657cee9390,git_asset,"Source artwork, edited part, editable project, runtime dependency, or accepted review sample",
Live2D/model-ren-asagiri/art/head/parts/archive/face_underfill.png,128342,1790220291733619700,01f1f19bd3d29e79df8e3cd40b4feeaa52a76964f947fd9a041eb829f213e5ee,local_archive,Historical archive excluded by default; no deletion,
Live2D/model-ren-asagiri/art/head/preview/comparison_face_detail.jpg,306623,1790232765896292600,64f6fd392971096fcf8530715046578b49ae39aec8dd1f2e789d0265eecf28d7,git_asset,"Source artwork, edited part, editable project, runtime dependency, or accepted review sample",
Live2D/model-ren-asagiri/art/head/preview/comparison_original.jpg,248213,1790232765872938000,80271fcf582d0b3e1bd31abe44a2c723fe151dce633661686660a2440622e74a,git_asset,"Source artwork, edited part, editable project, runtime dependency, or accepted review sample",
Live2D/model-ren-asagiri/art/head/preview/head_sample.png,708087,1790232765615853200,6dc0f5599fbf806cb2642a9f1860b3bb57deef4d6f36b506434e06a88b7dcf11,git_asset,"Source artwork, edited part, editable project, runtime dependency, or accepted review sample",
Live2D/model-ren-asagiri/art/head/preview/head_sample_gray.png,610987,1790232765665359800,9ca298959fd224741e7c8375b048883178ccb8358cef1fc8fdbfd8f64dd028c4,git_asset,"Source artwork, edited part, editable project, runtime dependency, or accepted review sample",
Live2D/model-ren-asagiri/art/head/preview/seam_comparison.jpg,121917,1790227239095413900,8b1c145be1fafce82b21b63c537d0edd3995d23105204036db49121c4f62e22d,git_asset,"Source artwork, edited part, editable project, runtime dependency, or accepted review sample",
Live2D/model-ren-asagiri/art/head/reference/facial_feature.png,198929,1790221704999774700,01dfe6507a95db1541790c0c3a4c81248803125a98afc6c932df6df0864b2361,git_asset,"Source artwork, edited part, editable project, runtime dependency, or accepted review sample",
Live2D/model-ren-asagiri/art/head/reference/facial_feature.psd,891385,1790221694989831600,3dbb594e7840b6f42a84a15e47d79b5dbe738090f3852ddafdd3074e14daff77,git_asset,"Source artwork, edited part, editable project, runtime dependency, or accepted review sample",
Live2D/model-ren-asagiri/art/head/reference/ren-stand-pony-front-4000x6000.png,4132582,1789956672431504000,edf3b0317f981568b29f04fc1dbaeebae416b164741c2dee2499d0a6116a4817,git_asset,"Source artwork, edited part, editable project, runtime dependency, or accepted review sample",
Live2D/model-ren-asagiri/art/head/reference/ear_surface/ear_L_surface.png,33108,1789964165350958900,4e4dc7002775ecdfe4d4c9aa9e5268d0a7eb3596fa1fcabc6db48c93616618e2,git_asset,"Source artwork, edited part, editable project, runtime dependency, or accepted review sample",
Live2D/model-ren-asagiri/art/head/reference/ear_surface/ear_R_surface.png,31751,1789964408278783100,772c55f7343ba69a4e38182f59af875e968f2885814b85660109e43b8b5c06d7,git_asset,"Source artwork, edited part, editable project, runtime dependency, or accepted review sample",
Live2D/model-ren-asagiri/art/head/work/ear_check_20260924/check.py,3322,1790223406208458900,39303541f2cc6b1412c7569dbded629e7deec7f93112e4ac0c60bd742a587601,already_tracked,Preserve existing tracked file and user changes,
Live2D/model-ren-asagiri/art/head/work/ear_check_20260924/comparison_face_detail.jpg,304073,1790223268415684200,8130a8d67e4969066dd9b7452aa443cde6d395e078a6414812faa1fd37dd753f,local_generated_or_history,"Existing ignored output; retain locally, not a production source",
Live2D/model-ren-asagiri/art/head/work/ear_check_20260924/comparison_original.jpg,245974,1790223268391176400,c0c38639b74bb604010aaa40b02ccb9d373446e6fc094da4e082d2f42662cc1c,local_generated_or_history,"Existing ignored output; retain locally, not a production source",
Live2D/model-ren-asagiri/art/head/work/ear_check_20260924/ears_before_after.jpg,54137,1790223198913852300,b8b1f26a6d8a30f37ccfa1899d331769bba51396f84d7b6cfe85a2834f72dc09,local_generated_or_history,"Existing ignored output; retain locally, not a production source",
Live2D/model-ren-asagiri/art/head/work/ear_check_20260924/ear_overlap_comparison.jpg,218683,1790223268435687000,b5f388df21d28d7b4faf94dfe714f48500e393ecf72b08076428b28e8aef74b8,local_generated_or_history,"Existing ignored output; retain locally, not a production source",
Live2D/model-ren-asagiri/art/head/work/ear_check_20260924/head_sample.png,701379,1790223268125205900,2e711af42ba045b5384d23c9ff85ebc60339d6e9a4f07e8a21659dd9744e5802,local_generated_or_history,"Existing ignored output; retain locally, not a production source",
Live2D/model-ren-asagiri/art/head/work/ear_check_20260924/head_sample_gray.png,606609,1790223268173208900,72b5d82d89f81a4dd1a98e5e111d9cec3fff4aeec5bbc681d2f5eb1b6f1999ca,local_generated_or_history,"Existing ignored output; retain locally, not a production source",
Live2D/model-ren-asagiri/art/head/work/ear_check_20260924/register.py,3201,1790223322517750500,9d51faa3c589903d64629ffc1f6be4401696d0ea8486cedef6626fc1c43d01ac,already_tracked,Preserve existing tracked file and user changes,
Live2D/model-ren-asagiri/art/head/work/ear_check_20260924/review_checks.json,3075,1790223268476684100,d742c65dfcc7df964478729fba49bd1aeccd2bd73600bcd3073f25f4294b8753,already_tracked,Preserve existing tracked file and user changes,
Live2D/model-ren-asagiri/art/head/work/hair_check_20260924/approved_acceptance.json,4945,1790226981170212800,06c28c810a50411f905932fac07f56d99b25fb6395fc6ba24ac25c04ef2d5329,already_tracked,Preserve existing tracked file and user changes,
Live2D/model-ren-asagiri/art/head/work/hair_check_20260924/approved_assembly.json,20354,1790226981170212800,f829a2b8165afeb26f672d9dd0435647a7eb4356b010d0a6599aed0f477f6c22,already_tracked,Preserve existing tracked file and user changes,
Live2D/model-ren-asagiri/art/head/work/hair_check_20260924/archive_plan.json,155934,1790226981151209200,74ce552dd551edfd89d54a75bfd3d9a8d999805fd5c42517dd3102bee89257bb,already_tracked,Preserve existing tracked file and user changes,
Live2D/model-ren-asagiri/art/head/work/hair_check_20260924/candidate_assembly.json,19365,1790226792229335200,de07a535136c83979589cfd0a9017943ac3a785c8d3017e02c4cfb93dd2f9b25,already_tracked,Preserve existing tracked file and user changes,
Live2D/model-ren-asagiri/art/head/work/hair_check_20260924/hair_before_after.png,171683,1790226786155345300,f555fa3064871740be5493ce488041bd748cc8f2aa5e6f8e276f38e5c7530fa6,local_generated_or_history,"Existing ignored output; retain locally, not a production source",
Live2D/model-ren-asagiri/art/head/work/hair_check_20260924/original_position.png,711538,1790226792043762900,7304b7b94042a8f4997dc6b8d0e77893020756993588c6865a59d4c1bcef31f1,local_generated_or_history,"Existing ignored output; retain locally, not a production source",
Live2D/model-ren-asagiri/art/head/work/hair_check_20260924/original_position_gray.png,614039,1790226792091638300,c94aea6053a680704b6353e99641540aeaf729685d4329928af9736726d4963e,local_generated_or_history,"Existing ignored output; retain locally, not a production source",
Live2D/model-ren-asagiri/art/head/work/hair_check_20260924/registered_position.png,708097,1790226792180261500,d80867ffc14f1611e90928e73dd51619fc2d8a2600cb47657761cdd2c5a3833c,local_generated_or_history,"Existing ignored output; retain locally, not a production source",
Live2D/model-ren-asagiri/art/head/work/hair_check_20260924/registered_position_gray.png,611096,1790226792228333000,3cea135b5c139823bf7335cf49378dcf904974d0b129f919c65356907bd507eb,local_generated_or_history,"Existing ignored output; retain locally, not a production source",
Live2D/model-ren-asagiri/art/head/work/hair_check_20260924/seam_comparison.jpg,147075,1790226857183008000,4554258a7097cadeb2b168a8ca33fc2e6db15c6cfadc2827a799cde74575b11b,local_generated_or_history,"Existing ignored output; retain locally, not a production source",
Live2D/model-ren-asagiri/art/head/work/hair_check_20260924/validation.json,847,1790227239108412900,2f29612ebb62d0886d6088e0cddf97549968b78bc7df383bcd71e0aa03e474cd,already_tracked,Preserve existing tracked file and user changes,
Live2D/model-ren-asagiri/art/head/work/hair_check_20260924/final_preview/comparison_face_detail.jpg,306684,1790226979372760800,1665f024574858fc3be60dd6615c79a7e6d38870680e2fd147a6e772015782b5,local_generated_or_history,"Existing ignored output; retain locally, not a production source",
Live2D/model-ren-asagiri/art/head/work/hair_check_20260924/final_preview/comparison_original.jpg,248271,1790226979347593000,22f662559484a38d8c6271cf219d49b0dd77fbbddb1484bd5591f379b8261f7e,local_generated_or_history,"Existing ignored output; retain locally, not a production source",
Live2D/model-ren-asagiri/art/head/work/hair_check_20260924/final_preview/head_sample.png,708097,1790226979094133800,d80867ffc14f1611e90928e73dd51619fc2d8a2600cb47657761cdd2c5a3833c,local_generated_or_history,"Existing ignored output; retain locally, not a production source",
Live2D/model-ren-asagiri/art/head/work/hair_check_20260924/final_preview/head_sample_gray.png,611096,1790226979142133700,3cea135b5c139823bf7335cf49378dcf904974d0b129f919c65356907bd507eb,local_generated_or_history,"Existing ignored output; retain locally, not a production source",
Live2D/model-ren-asagiri/art/head/work/render_current/comparison_face_detail.jpg,306684,1790227182078706800,1665f024574858fc3be60dd6615c79a7e6d38870680e2fd147a6e772015782b5,local_generated_or_history,"Existing ignored output; retain locally, not a production source",
Live2D/model-ren-asagiri/art/head/work/render_current/comparison_original.jpg,248271,1790227182055667400,22f662559484a38d8c6271cf219d49b0dd77fbbddb1484bd5591f379b8261f7e,local_generated_or_history,"Existing ignored output; retain locally, not a production source",
Live2D/model-ren-asagiri/art/head/work/render_current/head_sample.png,708097,1790227181805286700,d80867ffc14f1611e90928e73dd51619fc2d8a2600cb47657761cdd2c5a3833c,local_generated_or_history,"Existing ignored output; retain locally, not a production source",
Live2D/model-ren-asagiri/art/head/work/render_current/head_sample_gray.png,611096,1790227181853294400,3cea135b5c139823bf7335cf49378dcf904974d0b129f919c65356907bd507eb,local_generated_or_history,"Existing ignored output; retain locally, not a production source",
Live2D/model-ren-asagiri/art/head/__pycache__/render.cpython-312.pyc,4971,1790226978962810900,65215cd89c2b6424e39a5e146c94cebc4b91bdd6e025e23f4eed7e4c09a90ea8,local_dependency_or_cache,Existing local environment; do not relocate an imported dependency,
Live2D/model-ren-asagiri/art/head_side_view/blue-eye/blue-eye-1.png,8004,1790320274990181300,4949ced386c1e9f012f1ab9223e85f1ca7d83b09fc70673f1e0f62abd13c2a40,git_asset,"Source artwork, edited part, editable project, runtime dependency, or accepted review sample",
Live2D/model-ren-asagiri/art/head_side_view/blue-eye/blue-eye-2.png,10759,1790320274995689200,2f123b575d352a783d41fb4b29433d624478c2b21877202a1addd805a6379528,git_asset,"Source artwork, edited part, editable project, runtime dependency, or accepted review sample",
Live2D/model-ren-asagiri/art/head_side_view/brown-eye/brown-eye-1.png,9838,1790320275003195800,8e5a5c7cc00b29402a3f0fa87d671ac450dd7932cf3d5caf8ddc0e5c28b75a18,git_asset,"Source artwork, edited part, editable project, runtime dependency, or accepted review sample",
Live2D/model-ren-asagiri/art/head_side_view/brown-eye/brown-eye-2.png,3466,1790320275007702500,f728c17fab72b642ed28676d337152e0c951bd42aa8df1c46a555c2e86b26770,git_asset,"Source artwork, edited part, editable project, runtime dependency, or accepted review sample",
Live2D/model-ren-asagiri/art/head_side_view/dark-blue-hair/dark-blue-hair-1.png,307965,1790320275019212000,f64735783dde885939e521d99f974a22859904e0376a877109c5a7211d803cc0,git_asset,"Source artwork, edited part, editable project, runtime dependency, or accepted review sample",
Live2D/model-ren-asagiri/art/head_side_view/dark-blue-hair/dark-blue-hair-2.png,301819,1790320275025719100,208f33e86d6738df38b7750618a11fab7da4776c82542c21f86e508ede3f0a06,git_asset,"Source artwork, edited part, editable project, runtime dependency, or accepted review sample",
Live2D/model-ren-asagiri/art/head_side_view/person/person-1.png,518506,1790320275036225700,154001ef15cfc59c83bf2c6d099db54b4e0a3e11fe2e8a950679b30d973de47a,git_asset,"Source artwork, edited part, editable project, runtime dependency, or accepted review sample",
Live2D/model-ren-asagiri/art/head_side_view/person/person-2.png,511862,1790320275043228200,2f704ce44c96d33e9e0ba16feeb3173be0b3f122e415445d1e82d8ef135aaa8f,git_asset,"Source artwork, edited part, editable project, runtime dependency, or accepted review sample",
Live2D/model-ren-asagiri/art/head_side_view/white-collared-shirt/white-collared-shirt-1.png,80164,1790320275053735100,adc09bb06239b36bb464539b5bcb2f662a05e52927ef9b527aad63f41a2111d6,git_asset,"Source artwork, edited part, editable project, runtime dependency, or accepted review sample",
Live2D/model-ren-asagiri/art/head_side_view/white-collared-shirt/white-collared-shirt-2.png,80700,1790320275059242700,b7ada48a508bf1e8dbde02f064c151a85d1beeb96097fcebcf4c933fad609865,git_asset,"Source artwork, edited part, editable project, runtime dependency, or accepted review sample",
Live2D/model-ren-asagiri/art/Looking_down/Looking_down (1).png,760917,1790324299271840500,90e93e20cd9f6d24bb03add57128efc6644e198fde7fd71dd451102a0a6c84cf,git_asset,"Source artwork, edited part, editable project, runtime dependency, or accepted review sample",
Live2D/model-ren-asagiri/art/Looking_down/Looking_down (2)-base.png,133529,1790396654584173300,949ff2cc2f26613bcd80827cd49e355dafac8f112b1f54363e53d3181ab1bb68,git_asset,"Source artwork, edited part, editable project, runtime dependency, or accepted review sample",
Live2D/model-ren-asagiri/art/Looking_down/Looking_down (2)-outline.png,49503,1790406299173023200,f83c4ca58f81b609a3da54aecc6ccd1926eabb2da616ed594c20f148bfcac322,git_asset,"Source artwork, edited part, editable project, runtime dependency, or accepted review sample",
Live2D/model-ren-asagiri/art/Looking_down/Looking_down (2)-outline.psd,2103604,1790407977176726700,1c78896bfc8a0ad63ccfdc1f5cb40c7d2e32a9ac6eea514ca5806ad5ff980597,git_asset,"Source artwork, edited part, editable project, runtime dependency, or accepted review sample",
Live2D/model-ren-asagiri/art/Looking_down/Looking_down (2)-Rough.png,423558,1790405818860303600,f20432ba2a9f3bff4036e245358ceaa966c03d5c44b5ec8819d24b22763f7bf6,git_asset,"Source artwork, edited part, editable project, runtime dependency, or accepted review sample",
Live2D/model-ren-asagiri/art/Looking_down/Looking_down (2).png,777463,1790324227050250500,9467b49181bfcd98ca7fcef67c8f8d2072b09d7cc56cc36e862c66e43d2c44dc,git_asset,"Source artwork, edited part, editable project, runtime dependency, or accepted review sample",
Live2D/model-ren-asagiri/art/Looking_down/Looking_down (3).png,733910,1790324395940151200,534d1b1ba6e0ad8991757f9cd186c992ce5ad9a5652eced20203e996a23dd7ad,git_asset,"Source artwork, edited part, editable project, runtime dependency, or accepted review sample",
Live2D/model-ren-asagiri/art/Looking_down/review/LANDMARK_REVIEW.md,6820,1790329563127579900,64c757cda716670a9b25aaf478264fca6f6eec19d6da82b40274e452a3c72618,git_asset,"Source artwork, edited part, editable project, runtime dependency, or accepted review sample",
Live2D/model-ren-asagiri/art/neck_collar_v003/build.py,4305,1789991768580784900,1a35544374d885dea43722ac801f8bdcd5a5b5262d17157ac5d1e5ed61b12de0,already_tracked,Preserve existing tracked file and user changes,
Live2D/model-ren-asagiri/art/neck_collar_v003/context_preview.png,1077987,1789991770588087300,b14ff8de9bccaa55ed58c8dba0198ca5f61a1e6733d27f0b643fd719d5014cc4,local_generated_or_history,"Existing ignored output; retain locally, not a production source",
Live2D/model-ren-asagiri/art/neck_collar_v003/manifest.json,1081,1789991770400720200,81ab1bf248b462cd9a7c501939037a7a869490ab598d34694a833ee396f7aa7f,already_tracked,Preserve existing tracked file and user changes,
Live2D/model-ren-asagiri/art/neck_collar_v003/neck_collar_assembled.png,160979,1789991770400720200,5ab404522dfd218d5d4ba0607abfea4892214533a00b9c60993cc2cfa1509ff3,local_generated_or_history,"Existing ignored output; retain locally, not a production source",
Live2D/model-ren-asagiri/art/neck_collar_v003/neck_collar_psd_assembled.png,169354,1789991835669117100,b7359afe65222667476cd96b802659a5d417c84c580471ec648b3abaa20aa190,local_generated_or_history,"Existing ignored output; retain locally, not a production source",
Live2D/model-ren-asagiri/art/neck_collar_v003/neck_collar_psd_preview.png,164923,1789991835690635400,9d6f14055478169383d2c2b510088dead4d98daef7a053cbbc93ef68c3e12100,local_generated_or_history,"Existing ignored output; retain locally, not a production source",
Live2D/model-ren-asagiri/art/neck_collar_v003/neck_collar_review.png,160885,1789991770426247500,4d35ac7707bfbfc3570a8ced9d8783383e935072825a6b795da8ab6a02796738,local_generated_or_history,"Existing ignored output; retain locally, not a production source",
Live2D/model-ren-asagiri/art/neck_collar_v003/psd_tools_verification.json,905,1789991837882090700,1d16d8e5514854dc94f70f4ed41c21cd206ae6f27fdcbc8bdaaae02842291fb0,already_tracked,Preserve existing tracked file and user changes,
Live2D/model-ren-asagiri/art/neck_collar_v003/psd_verification.json,3567,1789991835750516100,4281302e949632de035c84504a8955f67da29a31ba072d6cb2e85c248191f77b,already_tracked,Preserve existing tracked file and user changes,
Live2D/model-ren-asagiri/art/neck_collar_v003/README.md,1919,1789991837944911600,d69ccadf51455b524ae4f25dded696fbca8b37cfb3f8e1c6ea5a447129a3e323,already_tracked,Preserve existing tracked file and user changes,
Live2D/model-ren-asagiri/art/neck_collar_v003/Ren_neck_collar_v003_review.psd,971514,1789991835646632400,e7eb2bf96b8590959c0b7c3c281d3cdb512dc9e9a8cd38e0d88038f6d2b65e6f,local_generated_or_history,"Existing ignored output; retain locally, not a production source",
Live2D/model-ren-asagiri/art/neck_collar_v003/validation.json,1036,1789991770589088600,72611240d431f756aeb75e813ca3259e213c948e9b519daa0017bc3c9c0b3761,already_tracked,Preserve existing tracked file and user changes,
Live2D/model-ren-asagiri/art/neck_collar_v003/parts/collar_L.png,134413,1789990100257858800,61e15e2b564db93c3d20acf2d1ed4cb3e0bc45c7142e95c10116be93b8424e82,local_generated_or_history,"Existing ignored output; retain locally, not a production source",
Live2D/model-ren-asagiri/art/neck_collar_v003/parts/collar_R.png,121738,1789990138816383000,e40448560d40f6aabd0a3369869c954c3355e2b191d980afd847d5cd693048d8,local_generated_or_history,"Existing ignored output; retain locally, not a production source",
Live2D/model-ren-asagiri/art/neck_collar_v003/parts/neck-clavicle.png,62549,1789991551071455000,e14cf49edea6567d89824621ed06b17376fedac547803e7dafce7f4e08161b0f,local_generated_or_history,"Existing ignored output; retain locally, not a production source",
Live2D/model-ren-asagiri/art/neck_collar_v003/parts/shirt_inside.png,34062,1789990187209058400,1538e014562a97fbadda737aa0a4bbc35e9e9c6d7e9beb42f222ad9987e348c3,local_generated_or_history,"Existing ignored output; retain locally, not a production source",
Live2D/model-ren-asagiri/art/neck_collar_v004/build.py,3907,1789992604837496900,5bfce3ebce432378e8da90f771299063df2eaf2067cb76a0606bb270c8957055,already_tracked,Preserve existing tracked file and user changes,
Live2D/model-ren-asagiri/art/neck_collar_v004/manifest.json,1074,1789992606457127400,3e7e72dd9a8ef858822b37829697f361565909284f9078af804904cfe064c9cd,already_tracked,Preserve existing tracked file and user changes,
Live2D/model-ren-asagiri/art/neck_collar_v004/neck_collar_assembled.png,160464,1789992606457127400,31896f190fe44c1f6d5ab67765c3d0df58b3b1fa4b04db6b11809db62100ff78,local_generated_or_history,"Existing ignored output; retain locally, not a production source",
Live2D/model-ren-asagiri/art/neck_collar_v004/neck_collar_psd_assembled.png,168396,1789992609476808300,1c76632180f8fffb0488c870b5d070da6cd153d833c5f96432bcad6c75dab092,local_generated_or_history,"Existing ignored output; retain locally, not a production source",
Live2D/model-ren-asagiri/art/neck_collar_v004/neck_collar_psd_preview.png,164164,1789992609498810600,88ff1235ab5230eea1e9ff137cad84b6c9988a7dc814a29b0ce03cc328d35fdd,local_generated_or_history,"Existing ignored output; retain locally, not a production source",
Live2D/model-ren-asagiri/art/neck_collar_v004/neck_collar_review.png,159179,1789992606479638900,f82cfa6401360c85a5dea92631320d19f1925ce23bc25c7dc866c10649364c1c,local_generated_or_history,"Existing ignored output; retain locally, not a production source",
Live2D/model-ren-asagiri/art/neck_collar_v004/psd_tools_verification.json,905,1789992611786745000,d937124ea332aea70209f7539eff773d1dea36a419d9420a3adf6dbe7670521e,already_tracked,Preserve existing tracked file and user changes,
Live2D/model-ren-asagiri/art/neck_collar_v004/psd_verification.json,3560,1789992609557811000,acd538efcf97162502bf12ce7ee91f698330994a5140e9d0d98ef2ecb2c0eae4,already_tracked,Preserve existing tracked file and user changes,
Live2D/model-ren-asagiri/art/neck_collar_v004/README.md,1734,1789992656598372400,893a8d2ed0ab8d60cde7a2fdfbf57bd58b1c56a0b8c31339a68de60e20c34c76,already_tracked,Preserve existing tracked file and user changes,
Live2D/model-ren-asagiri/art/neck_collar_v004/Ren_neck_collar_v004.psd,981351,1789992609450761300,58b6be2ca842069704c5370bdf3b6414f87a0e0eee336506d59895719cf76ff3,git_asset,"Source artwork, edited part, editable project, runtime dependency, or accepted review sample",
Live2D/model-ren-asagiri/art/neck_collar_v004/validation.json,1030,1789992606480639300,ee49c92108bc220d989d344ac290dfecb64f6f07a791776bbc62529fdcc99b4a,already_tracked,Preserve existing tracked file and user changes,
Live2D/model-ren-asagiri/art/neck_collar_v004/parts/collar_L.png,134413,1789990100257858800,61e15e2b564db93c3d20acf2d1ed4cb3e0bc45c7142e95c10116be93b8424e82,local_generated_or_history,"Existing ignored output; retain locally, not a production source",
Live2D/model-ren-asagiri/art/neck_collar_v004/parts/collar_R.png,121738,1789990138816383000,e40448560d40f6aabd0a3369869c954c3355e2b191d980afd847d5cd693048d8,local_generated_or_history,"Existing ignored output; retain locally, not a production source",
Live2D/model-ren-asagiri/art/neck_collar_v004/parts/neck-clavicle.png,63831,1789992371743880500,1e77961e89c059d5b3d42f45525ebba61c8e078f7181f9f2139c40b51c0c5192,local_generated_or_history,"Existing ignored output; retain locally, not a production source",
Live2D/model-ren-asagiri/art/neck_collar_v004/parts/shirt_inside.png,34062,1789990187209058400,1538e014562a97fbadda737aa0a4bbc35e9e9c6d7e9beb42f222ad9987e348c3,local_generated_or_history,"Existing ignored output; retain locally, not a production source",
Live2D/model-ren-asagiri/art/processing_v001/delivery_manifest.json,1083,1789962693923316600,e1c0741974fea1f6cbf47951e8d239100d2b68aa9e735e76f072154a40feb292,already_tracked,Preserve existing tracked file and user changes,
Live2D/model-ren-asagiri/art/processing_v001/README.md,5958,1790227163519752100,16e5fb1cbb6be3a320de2129edcacb88e8df48d9df6a8565ccaf687108a2dce8,already_tracked,Preserve existing tracked file and user changes,
Live2D/model-ren-asagiri/art/processing_v001/source_hashes.json,1184,1789961934826754000,c583f4e46b24f677172c1519b06d376441b1022ce44dd5d8343e6844596d68e8,already_tracked,Preserve existing tracked file and user changes,
Live2D/model-ren-asagiri/art/processing_v001/test_report.md,5317,1789962855256284700,0212ccbf6ca98f1a89acb19be0cc16464859edeb775a3a8de484c896f3c23502,already_tracked,Preserve existing tracked file and user changes,
Live2D/model-ren-asagiri/art/processing_v001/validation.json,975,1789961937553848700,b5d42394b4e1f07fa117f5f9d877c184ff61c5518e5838c08ba2fde834ba39ef,already_tracked,Preserve existing tracked file and user changes,
Live2D/model-ren-asagiri/art/processing_v001/back/assembled.png,3428854,1789961934566100900,23b0da73b42c999514e8dfebe7a94d00d00df94653f1bc215189898beead9e03,local_generated_or_history,"Existing ignored output; retain locally, not a production source",
Live2D/model-ren-asagiri/art/processing_v001/back/manifest.json,5239,1789961934823754200,b65e07d83508d0cb5ceb9ec860b184d43d4c435b684d55b34b1255eb74c7ba47,already_tracked,Preserve existing tracked file and user changes,
Live2D/model-ren-asagiri/art/processing_v001/back/preview.jpg,112402,1789961934822753600,9f13e40ecdac9a169cec4f9612447798c986c1756dab4d48afb98f38a9de07f1,local_generated_or_history,"Existing ignored output; retain locally, not a production source",
Live2D/model-ren-asagiri/art/processing_v001/back/psd_tools_verification.json,907,1789962052819460000,f6f7d80c0210da30ba50a5d4f3ae208de6642fc10eb3e3e09df1de2fb03efe77,already_tracked,Preserve existing tracked file and user changes,
Live2D/model-ren-asagiri/art/processing_v001/back/psd_verification.json,13573,1789962011967923500,adbc7297b024de4f6695e89c21885c98d4e456f13191246896757195ca8a2c29,already_tracked,Preserve existing tracked file and user changes,
Live2D/model-ren-asagiri/art/processing_v001/back/Ren_back_parts_v001.png,3663073,1789962009719252000,3a224e0bccb7507d26cd527854f488600ddbefb8ea7c1cc095502b9a4d10109a,local_generated_or_history,"Existing ignored output; retain locally, not a production source",
Live2D/model-ren-asagiri/art/processing_v001/back/Ren_back_parts_v001.psd,23513086,1789962008717865800,d9cd523eeaacaa262aaa1943f321d6d13d41afea31a017ef9ffdbae7f98d28c2,git_asset,"Source artwork, edited part, editable project, runtime dependency, or accepted review sample",
Live2D/model-ren-asagiri/art/processing_v001/back/Ren_back_preview.png,3530788,1789962010835378000,329e35ccdb37be1ad02eeb7052f1d71e1eef8b203b80fa63b8803cb567b2df8b,local_generated_or_history,"Existing ignored output; retain locally, not a production source",
Live2D/model-ren-asagiri/art/processing_v001/back/parts/belt.png,69255,1789961932884281100,0cd600f7d7a43d403db47fcc555b8b2f93d12fb6b0ad9356bad911f8acea4ccd,git_asset,"Source artwork, edited part, editable project, runtime dependency, or accepted review sample",
Live2D/model-ren-asagiri/art/processing_v001/back/parts/collar_back.png,54211,1789961933181942900,297464fdc7a5b6d2b8a29aaf8e59782e507141234fa656a997a88c69f0fd2013,git_asset,"Source artwork, edited part, editable project, runtime dependency, or accepted review sample",
Live2D/model-ren-asagiri/art/processing_v001/back/parts/ear_L.png,29641,1789961933577893900,d2b6980c280eeae15d6261cf18a95a3c3d682478b4df878fe892556862fd3803,git_asset,"Source artwork, edited part, editable project, runtime dependency, or accepted review sample",
Live2D/model-ren-asagiri/art/processing_v001/back/parts/ear_R.png,30733,1789961933608895900,0172b428032fdbb7432415d739401c0511c2858475792135b53755f798fdbe5c,git_asset,"Source artwork, edited part, editable project, runtime dependency, or accepted review sample",
Live2D/model-ren-asagiri/art/processing_v001/back/parts/forearm_L.png,87790,1789961932753231600,9989b580568f673fffd367ded55afc11e8b185271cb1f8dae6284a40ea155255,git_asset,"Source artwork, edited part, editable project, runtime dependency, or accepted review sample",
Live2D/model-ren-asagiri/art/processing_v001/back/parts/forearm_R.png,80106,1789961932787756900,e95093dc115297c566236f64472ef07ceb408c3e93488958132a21aa6f2d995c,git_asset,"Source artwork, edited part, editable project, runtime dependency, or accepted review sample",
Live2D/model-ren-asagiri/art/processing_v001/back/parts/hair_ahoge.png,29325,1789961933798573100,ba127280b7bead799c0352e088575961e3c4776176377fba728cdd83d34d2d30,git_asset,"Source artwork, edited part, editable project, runtime dependency, or accepted review sample",
Live2D/model-ren-asagiri/art/processing_v001/back/parts/hair_back_C.png,305934,1789961933770065400,466cc5fac9bf7fee7fcf1aacd0307d005a70a7aef4147e4ae43dabc0ed47a374,git_asset,"Source artwork, edited part, editable project, runtime dependency, or accepted review sample",
Live2D/model-ren-asagiri/art/processing_v001/back/parts/hair_back_L.png,116110,1789961933676495400,83fc980a5a9c2184c448f2a7f20c841b24595f4592d29889f35fca354f07ff30,git_asset,"Source artwork, edited part, editable project, runtime dependency, or accepted review sample",
Live2D/model-ren-asagiri/art/processing_v001/back/parts/hair_back_R.png,111138,1789961933714515400,9fd56cc59ba2c19a77086d965fbc6bf84f035b30b0deb0bd6a2b2034bb26eda0,git_asset,"Source artwork, edited part, editable project, runtime dependency, or accepted review sample",
Live2D/model-ren-asagiri/art/processing_v001/back/parts/hand_L.png,100450,1789961932686704300,71f75301cf09f4368c31d4a5e210b9da1b024911fc45f17a816531b3e94d0d28,git_asset,"Source artwork, edited part, editable project, runtime dependency, or accepted review sample",
Live2D/model-ren-asagiri/art/processing_v001/back/parts/hand_R.png,102436,1789961932719229000,3f99637c59fb595f30c12958a44364b0a938c629c30dd5eb3050550a0f6eb438,git_asset,"Source artwork, edited part, editable project, runtime dependency, or accepted review sample",
Live2D/model-ren-asagiri/art/processing_v001/back/parts/head_neck_underfill.png,205521,1789961933634985300,d1a97068d06df791f1ec64e1721ebf9a1c61fcba022c2fb36666eab2f239bfee,git_asset,"Source artwork, edited part, editable project, runtime dependency, or accepted review sample",
Live2D/model-ren-asagiri/art/processing_v001/back/parts/shirt_torso.png,467617,1789961933272966200,39e0041ed69c140ddeb87ab43dd4b1cebc9c6bcb5d0a5359cbf422d746ca6883,git_asset,"Source artwork, edited part, editable project, runtime dependency, or accepted review sample",
Live2D/model-ren-asagiri/art/processing_v001/back/parts/shoe_L.png,126769,1789961932616187400,df3f18685272370357700508319fce67aa018973b343bc53068259889ae62c6e,git_asset,"Source artwork, edited part, editable project, runtime dependency, or accepted review sample",
Live2D/model-ren-asagiri/art/processing_v001/back/parts/shoe_R.png,125180,1789961932654191100,389e27756ffccac00760855eef50bb40227f6530ccd05fc8188377975c997939,git_asset,"Source artwork, edited part, editable project, runtime dependency, or accepted review sample",
Live2D/model-ren-asagiri/art/processing_v001/back/parts/sleeve_L.png,69594,1789961933118414300,44b90dfeac7f4976ed9ab7ab6138d41ad94d6a71e339838f7fb4d756c6be132d,git_asset,"Source artwork, edited part, editable project, runtime dependency, or accepted review sample",
Live2D/model-ren-asagiri/art/processing_v001/back/parts/sleeve_R.png,70463,1789961933152418300,826f441d86b72b504982ac5d8f7e19ed1d78fcd636e1b20d7c888acaf72e1c55,git_asset,"Source artwork, edited part, editable project, runtime dependency, or accepted review sample",
Live2D/model-ren-asagiri/art/processing_v001/back/parts/trousers_L.png,501547,1789961932983325200,f3b94b6a9c4181a558673727add5270b352fbb6f75fe5bba44bb795dfa2266d7,git_asset,"Source artwork, edited part, editable project, runtime dependency, or accepted review sample",
Live2D/model-ren-asagiri/art/processing_v001/back/parts/trousers_R.png,507297,1789961933083887800,6d6638aeeb89b7ef983e546a1b67ce7817c731a173928f873a558fa24722d561,git_asset,"Source artwork, edited part, editable project, runtime dependency, or accepted review sample",
Live2D/model-ren-asagiri/art/processing_v001/back/parts/upper_arm_L.png,79374,1789961932819769700,7bfec95b207e5a7f2b36105e803100bc8b62d598e2e47c53bb7a00a2454342fc,git_asset,"Source artwork, edited part, editable project, runtime dependency, or accepted review sample",
Live2D/model-ren-asagiri/art/processing_v001/back/parts/upper_arm_R.png,77951,1789961932851773300,b793454a27eb48ff537c0dd7a40116066b712ff030d541658b95c134e53e38cb,git_asset,"Source artwork, edited part, editable project, runtime dependency, or accepted review sample",
Live2D/model-ren-asagiri/art/processing_v001/front/assembled.png,4290400,1789961925005834400,eb44ba4dca1dadbb4e0fd1acba77464218c82e4cd121d2ecaba2e762fbbf90f0,local_generated_or_history,"Existing ignored output; retain locally, not a production source",
Live2D/model-ren-asagiri/art/processing_v001/front/manifest.json,18710,1790227163517751200,b12f177b1956587fa9cf921c88d7dc3559c4ad20411a1fff6da97645a7baeb06,already_tracked,Preserve existing tracked file and user changes,
Live2D/model-ren-asagiri/art/processing_v001/front/preview.jpg,125435,1789961925927322700,df2c44c3737d9d5a65d0b791a92880ca9e9c14c9492951e0d04f625e8497a13e,local_generated_or_history,"Existing ignored output; retain locally, not a production source",
Live2D/model-ren-asagiri/art/processing_v001/front/psd_tools_verification.json,906,1789962008169703300,c151b4fb25fed274e5651469d5a33df4d159269204c3661983347ea4ad5dc565,already_tracked,Preserve existing tracked file and user changes,
Live2D/model-ren-asagiri/art/processing_v001/front/psd_verification.json,29886,1789961941685788400,33c5439462a9716514dc563268ababd3e7c596526840267d5eb00f0f20bb90df,already_tracked,Preserve existing tracked file and user changes,
Live2D/model-ren-asagiri/art/processing_v001/front/Ren_front_parts_v001.png,4307249,1789961939279465400,0859fd16d07397f25a6ded460b2eb019d2b71f79c76be1bf3308b1246ef7bdc2,local_generated_or_history,"Existing ignored output; retain locally, not a production source",
Live2D/model-ren-asagiri/art/processing_v001/front/Ren_front_parts_v001.psd,25279393,1789961938186872500,d2d02d109e6aa7be7c4166eaa434e5296c66c9b3a028f9b45f73418e8a29f920,git_asset,"Source artwork, edited part, editable project, runtime dependency, or accepted review sample",
Live2D/model-ren-asagiri/art/processing_v001/front/Ren_front_preview.png,4181961,1789961940449194700,03c7ccf89ecf8464f3e9c6e663a3d56604f728b92d68756af554f3f6ff4114d2,local_generated_or_history,"Existing ignored output; retain locally, not a production source",
Live2D/model-ren-asagiri/art/processing_v001/front/parts/belt.png,124884,1789968152246374500,8d1c1aec294d5809174342259886bbf17dca3bf91a21c12168e7566d621f11b6,git_asset,"Source artwork, edited part, editable project, runtime dependency, or accepted review sample",
Live2D/model-ren-asagiri/art/processing_v001/front/parts/collar_L&R.psd,852409,1789990024470659500,f15ea4dd1a2faa5a96d69f2d57ec43d965cff8da3ddfa3847fdad921639d42cc,git_asset,"Source artwork, edited part, editable project, runtime dependency, or accepted review sample",
Live2D/model-ren-asagiri/art/processing_v001/front/parts/collar_L.png,134413,1789990100257858800,61e15e2b564db93c3d20acf2d1ed4cb3e0bc45c7142e95c10116be93b8424e82,git_asset,"Source artwork, edited part, editable project, runtime dependency, or accepted review sample",
Live2D/model-ren-asagiri/art/processing_v001/front/parts/collar_R.png,121738,1789990138816383000,e40448560d40f6aabd0a3369869c954c3355e2b191d980afd847d5cd693048d8,git_asset,"Source artwork, edited part, editable project, runtime dependency, or accepted review sample",
Live2D/model-ren-asagiri/art/processing_v001/front/parts/forearm_L.png,88142,1789961921273784300,3d6c383eb20781ed5de51231740d6b495c65520a36d061600ecd3e66923174e2,git_asset,"Source artwork, edited part, editable project, runtime dependency, or accepted review sample",
Live2D/model-ren-asagiri/art/processing_v001/front/parts/forearm_R.png,89740,1789961921236034700,e266a37f17a146f2449cdd48c8a2ba188136916c68ed7de1b1017b80270cecec,git_asset,"Source artwork, edited part, editable project, runtime dependency, or accepted review sample",
Live2D/model-ren-asagiri/art/processing_v001/front/parts/hand_L.png,112556,1789961921192306700,85cc0ae6bdd7e6a0ed76c7a216041d60632d684b49b78162d5515510b9156bf3,git_asset,"Source artwork, edited part, editable project, runtime dependency, or accepted review sample",
Live2D/model-ren-asagiri/art/processing_v001/front/parts/hand_R.png,109748,1789961921157288300,6f99fa8182ccd7519cfbd63c5dd8c3288e5dfffd0d414d9628a354205c32dd8e,git_asset,"Source artwork, edited part, editable project, runtime dependency, or accepted review sample",
Live2D/model-ren-asagiri/art/processing_v001/front/parts/neck-clavicle-2.psd,240102,1789988495675514700,ee82e17c24de21ab518b7665fa3cae872457d02f72e52d4286855e4f7348bed0,git_asset,"Source artwork, edited part, editable project, runtime dependency, or accepted review sample",
Live2D/model-ren-asagiri/art/processing_v001/front/parts/neck-clavicle.png,63831,1789992371743880500,1e77961e89c059d5b3d42f45525ebba61c8e078f7181f9f2139c40b51c0c5192,git_asset,"Source artwork, edited part, editable project, runtime dependency, or accepted review sample",
Live2D/model-ren-asagiri/art/processing_v001/front/parts/shirt_inside.png,34023,1790032820116255200,3740c1dde2c402583a9df205e497575672a2ebbd86ce92e6af5d019e6816ea63,git_asset,"Source artwork, edited part, editable project, runtime dependency, or accepted review sample",
Live2D/model-ren-asagiri/art/processing_v001/front/parts/shirt_torso.png,533495,1790050774276037000,b04c7139d749e5dd2500ca12ed97e78d2c9901cfc56d5374dde3d4268a2971d4,git_asset,"Source artwork, edited part, editable project, runtime dependency, or accepted review sample",
Live2D/model-ren-asagiri/art/processing_v001/front/parts/shirt_torso.psd,5462714,1790050677469663800,8781645bd8b2f4a79eb11b32a269c82562216ce33a02d4a0e0b332a51a5954d0,git_asset,"Source artwork, edited part, editable project, runtime dependency, or accepted review sample",
Live2D/model-ren-asagiri/art/processing_v001/front/parts/shoe_L.png,207623,1789982994112012800,b895a66cb0d2725e94c71363a27b86def78f26e2fc7befaa18cc55eeb33fc8ab,git_asset,"Source artwork, edited part, editable project, runtime dependency, or accepted review sample",
Live2D/model-ren-asagiri/art/processing_v001/front/parts/shoe_R.png,195490,1789961921071739900,6f91f35c28747d8f17edeb1c419cbf47778380beca0320623b55a863b0ea82a2,git_asset,"Source artwork, edited part, editable project, runtime dependency, or accepted review sample",
Live2D/model-ren-asagiri/art/processing_v001/front/parts/sleeve_L.png,81696,1789961921660712700,0d4032af34c93f20197616d05b6ccd1ac37c27d2b5c81d908d445325c8a32514,git_asset,"Source artwork, edited part, editable project, runtime dependency, or accepted review sample",
Live2D/model-ren-asagiri/art/processing_v001/front/parts/sleeve_R.png,75050,1789961921626211100,aa8c091a1a3af21775549658127d206d18893de22302eb040146b0b668e34b12,git_asset,"Source artwork, edited part, editable project, runtime dependency, or accepted review sample",
Live2D/model-ren-asagiri/art/processing_v001/front/parts/trousers_L.png,562427,1789961921592208000,c85e42207f1967c05962ca973b663077291bac1cc8643b83fa8d408d881ff0ac,git_asset,"Source artwork, edited part, editable project, runtime dependency, or accepted review sample",
Live2D/model-ren-asagiri/art/processing_v001/front/parts/trousers_R.png,590215,1789961921492112600,ba3472592fb0d373e0b795fbeb6eeb50b2f846697b5e21a3581e98ee919e0730,git_asset,"Source artwork, edited part, editable project, runtime dependency, or accepted review sample",
Live2D/model-ren-asagiri/art/processing_v001/front/parts/upper_arm_L.png,79132,1789961921348811400,62cd4d4dfc429ba127d81ce902d40588e4f72f7b3fe2e82f6b7151643e39b920,git_asset,"Source artwork, edited part, editable project, runtime dependency, or accepted review sample",
Live2D/model-ren-asagiri/art/processing_v001/front/parts/upper_arm_R.png,79134,1789961921314809400,5c17080f87c446e781d3ddc127afae19705e97289f1b1134dd4f179bde534d2b,git_asset,"Source artwork, edited part, editable project, runtime dependency, or accepted review sample",
Live2D/model-ren-asagiri/art/processing_v001/front/parts/buckup/collar_L.png,65765,1789961921721869800,430a58a9f95e3f891f43ef1b0e23ff94bd49070f9741a3bef21a0423fefea05f,local_archive,Historical archive excluded by default; no deletion,
Live2D/model-ren-asagiri/art/processing_v001/front/parts/buckup/collar_R.png,59945,1789961921689838200,dc97497a09c4c93a6fcf65baee7160fd987abe8a8b894a2eeeba1cf2f589983a,local_archive,Historical archive excluded by default; no deletion,
Live2D/model-ren-asagiri/art/processing_v001/front/parts/buckup/neck.png,86699,1789961921755873100,c187bc8752b747c5a37f54b7c118922ad425ba273b81692319895bf4e1abf695,local_archive,Historical archive excluded by default; no deletion,
Live2D/model-ren-asagiri/art/processing_v001/front/parts/buckup/shirt_torso.png,522495,1790049127766522000,c3b15b62bca9ec09c3a64f3473d939217031a69161f362465a781097bc8d4889,local_archive,Historical archive excluded by default; no deletion,
Live2D/model-ren-asagiri/art/processing_v001/inspection/back_1000.png,452335,1789960529337923800,50a99a67644aaa98a83202a6a3c196b8fec74c5a94a79b795f0243e7e504f1c0,local_generated_or_history,"Existing ignored output; retain locally, not a production source",
Live2D/model-ren-asagiri/art/processing_v001/inspection/back_assembled_head.png,663114,1789961934634842100,a53ac7877b76eaf1834daf75e90ddbacf07c5539ff8eddd2789d4f42a85e6865,local_generated_or_history,"Existing ignored output; retain locally, not a production source",
Live2D/model-ren-asagiri/art/processing_v001/inspection/back_head.png,667721,1789960528136835200,e28b8d7cbf0ac97ca2162ea90a6c08de71fadf9a3afe65cec07fc381572c6e46,local_generated_or_history,"Existing ignored output; retain locally, not a production source",
Live2D/model-ren-asagiri/art/processing_v001/inspection/back_nohair_head.png,304181,1789960528448475200,9e68b4980b325b967fe5dde3f8d92d37429f2c79e00b7fba464322cb0ea770ae,local_generated_or_history,"Existing ignored output; retain locally, not a production source",
Live2D/model-ren-asagiri/art/processing_v001/inspection/front_1000.png,518584,1789960528995556000,f5062f6a7a77a090026fb8984ee2397d927412b2abc88ae0fae7b95e47e98ccd,local_generated_or_history,"Existing ignored output; retain locally, not a production source",
Live2D/model-ren-asagiri/art/processing_v001/inspection/front_assembled_head.png,948291,1789961925082857200,a80d92e4c1a5c0dc39d4e930f751917dfdbdb2b5565157a1e9e61ec3c37389ba,local_generated_or_history,"Existing ignored output; retain locally, not a production source",
Live2D/model-ren-asagiri/art/processing_v001/inspection/front_eye_candidates.png,965631,1789961925569235800,751419b20a814796cc86dd2cf9c0b364252c77eba0d61768b1eae5c7883240d8,local_generated_or_history,"Existing ignored output; retain locally, not a production source",
Live2D/model-ren-asagiri/art/processing_v001/inspection/front_hair_mask.png,11854,1789961924070659500,ce25fd6d4209957b0d1c187118c99fb642b17553c2d98b026b3b9430c5e2ebc5,local_generated_or_history,"Existing ignored output; retain locally, not a production source",
Live2D/model-ren-asagiri/art/processing_v001/inspection/front_head.png,951426,1789960527937434800,4db93f09e5afd1df9443170db9e2bbcb936f2a979366c126536625937748841e,local_generated_or_history,"Existing ignored output; retain locally, not a production source",
Live2D/model-ren-asagiri/art/processing_v001/inspection/front_open_mouth.png,976106,1789961925332646500,df8ce13e2791cd10b35a2add272489dc7b8804494a5c61e1c1c62046f32face9,local_generated_or_history,"Existing ignored output; retain locally, not a production source",
Live2D/model-ren-asagiri/art/processing_v001/inspection/front_under_hair.png,583247,1789961925748954400,33364fee4e4d0d83e5f652046d9424289c1e40c6bd9d0c1c78bc329ab7a0e4a1,local_generated_or_history,"Existing ignored output; retain locally, not a production source",
Live2D/model-ren-asagiri/art/processing_v001/inspection/laugh_head.png,932612,1789960528637057800,906bdab21b41a4518b55d78bae4c56d0dcd25313a689623e84ad142e0146dbf3,local_generated_or_history,"Existing ignored output; retain locally, not a production source",
Live2D/model-ren-asagiri/art/processing_v001/inspection/nohair_head.png,450538,1789960528297424700,1f5d7b32cb0dfc09d9dca8ef61b4ebf142df426dab086489d6c5c8429d732e44,local_generated_or_history,"Existing ignored output; retain locally, not a production source",
Live2D/model-ren-asagiri/art/processing_v001/tools/.gitignore,20,1789961699787898000,2e9660b86bde9de726e5ffbee72fced12822ef29f5ac626e68aee04fa023acfc,already_tracked,Preserve existing tracked file and user changes,
Live2D/model-ren-asagiri/art/processing_v001/tools/build_all.ps1,1489,1789961911823430200,2bc80004106667962e9f941f73151ed6e18eb1e117a2d74564a12341651c4035,already_tracked,Preserve existing tracked file and user changes,
Live2D/model-ren-asagiri/art/processing_v001/tools/prepare_ren.py,17154,1789961833962457500,a2e759c15d6f869a5eb2f7a2f6168d0dd308435b8b0fca8507953c800c2f04a4,already_tracked,Preserve existing tracked file and user changes,
Live2D/model-ren-asagiri/art/processing_v001/tools/validate_artifacts.py,2138,1789961699786898200,92e9afc32479ab6334729fddd58d6aceb465acd891bd04dd005c9cdd73b579d3,already_tracked,Preserve existing tracked file and user changes,
Live2D/model-ren-asagiri/art/processing_v001/tools/pylib/cv2/config-3.py,748,1789960633465730000,de28c7b5213cca148f09469916584611b3d66c1c8c432880259d6a3a92380213,local_dependency_or_cache,Existing local environment; do not relocate an imported dependency,
Live2D/model-ren-asagiri/art/processing_v001/tools/pylib/cv2/config.py,123,1789960633466730500,6c6367abce55995ae4a8d3c199420ec53afab287cb17dfc2f430378af75dd301,local_dependency_or_cache,Existing local environment; do not relocate an imported dependency,
Live2D/model-ren-asagiri/art/processing_v001/tools/pylib/cv2/cv2.pyd,85848064,1789960633717687900,eefedf6ee006a84bbc7d3df5ec66046429b8c95dbfd5f8f8f98c5772b91d6d48,local_dependency_or_cache,Existing local environment; do not relocate an imported dependency,
Live2D/model-ren-asagiri/art/processing_v001/tools/pylib/cv2/LICENSE-3RD-PARTY.txt,183251,1789960633463730300,c1d60169b55cee56452b227c2fd2a7b9ddda3dd3741065f1c6201072be73fadb,local_dependency_or_cache,Existing local environment; do not relocate an imported dependency,
Live2D/model-ren-asagiri/art/processing_v001/tools/pylib/cv2/LICENSE.txt,1090,1789960633464730400,edef0fac1eb08d29d34563f724742e078da2513e196133a12c6ad9ff01e26107,local_dependency_or_cache,Existing local environment; do not relocate an imported dependency,
Live2D/model-ren-asagiri/art/processing_v001/tools/pylib/cv2/load_config_py2.py,157,1789960633718687600,7b4cdd4d8c2054c883d7a45a7c15abecf468bf9afc20391f1ece69e9d18b4897,local_dependency_or_cache,Existing local environment; do not relocate an imported dependency,
Live2D/model-ren-asagiri/art/processing_v001/tools/pylib/cv2/load_config_py3.py,253,1789960633719687700,074dfaf20ac94f2ca3815393de3a394944470334c51a85b9521f452e0e17bb85,local_dependency_or_cache,Existing local environment; do not relocate an imported dependency,
Live2D/model-ren-asagiri/art/processing_v001/tools/pylib/cv2/opencv_videoio_ffmpeg500_64.dll,30876160,1789960633829209600,7aabff029d1fa47cf56ede4dbbe05dc62da3208f07cd16471d4c966a33f9aa31,local_dependency_or_cache,Existing local environment; do not relocate an imported dependency,
Live2D/model-ren-asagiri/art/processing_v001/tools/pylib/cv2/py.typed,0,1789960633830210500,e3b0c44298fc1c149afbf4c8996fb92427ae41e4649b934ca495991b7852b855,local_dependency_or_cache,Existing local environment; do not relocate an imported dependency,
Live2D/model-ren-asagiri/art/processing_v001/tools/pylib/cv2/version.py,95,1789960633830210500,35ef3f10a64d3f848953eeb74082e59255e2c8fc035b6df02690bc8e678bf125,local_dependency_or_cache,Existing local environment; do not relocate an imported dependency,
Live2D/model-ren-asagiri/art/processing_v001/tools/pylib/cv2/__init__.py,6811,1789960633464730400,674817e87409bc589608ef9f4dd4c1a49f600b5e85ca8b106b3b0a9eab5c46cc,local_dependency_or_cache,Existing local environment; do not relocate an imported dependency,
Live2D/model-ren-asagiri/art/processing_v001/tools/pylib/cv2/__init__.pyi,343778,1789960633465730000,407b1b8a6613d9b5016782d367c3f5b48391481ca7666f1bd29d48d70f03d590,local_dependency_or_cache,Existing local environment; do not relocate an imported dependency,
Live2D/model-ren-asagiri/art/processing_v001/tools/pylib/cv2/aruco/__init__.pyi,16608,1789960633832212000,e80f0bd03a5a40e37abd6cde9845eec3298197025a32b723ce29d8416b11ffee,local_dependency_or_cache,Existing local environment; do not relocate an imported dependency,
Live2D/model-ren-asagiri/art/processing_v001/tools/pylib/cv2/barcode/__init__.pyi,1507,1789960633833211400,4ac9ee68ae1204dbb9ce4fd7724f0fa46b2eaa851c331b74fcb06e7a76eb1638,local_dependency_or_cache,Existing local environment; do not relocate an imported dependency,
Live2D/model-ren-asagiri/art/processing_v001/tools/pylib/cv2/ccm/__init__.pyi,6311,1789960633833211400,31c0827a78dadc8ffee0c8582a71e9e35609a4aea5538bd8eb3199700177675d,local_dependency_or_cache,Existing local environment; do not relocate an imported dependency,
Live2D/model-ren-asagiri/art/processing_v001/tools/pylib/cv2/cuda/__init__.pyi,16718,1789960633834210700,99e446beb5449b1f759efed52fe5fdc519dca3bc0c28adfdcc466981b65ce467,local_dependency_or_cache,Existing local environment; do not relocate an imported dependency,
Live2D/model-ren-asagiri/art/processing_v001/tools/pylib/cv2/data/__init__.py,73,1789960633835210800,f4ce16721ed7f623a4dcc443ba600d1856db610cb2c3d53c13a8ca028cc68f6d,local_dependency_or_cache,Existing local environment; do not relocate an imported dependency,
Live2D/model-ren-asagiri/art/processing_v001/tools/pylib/cv2/data/__pycache__/__init__.cpython-312.pyc,410,1789983339246101300,a90db4703614e6ad2323451667f0a76fb840ca7edfffdd7fb55af8c45bfa8689,local_dependency_or_cache,Existing local environment; do not relocate an imported dependency,
Live2D/model-ren-asagiri/art/processing_v001/tools/pylib/cv2/data/__pycache__/__init__.cpython-313.pyc,386,1789960633878677700,5234487a66ad98b264d541fb6340c2f6b3b4d20ddd6429206176f04bd72d904a,local_dependency_or_cache,Existing local environment; do not relocate an imported dependency,
Live2D/model-ren-asagiri/art/processing_v001/tools/pylib/cv2/detail/__init__.pyi,20636,1789960633836210800,0a72f31298801d6cc3f82a28816d73d10894f109a06a496fb3beb894a2431ab6,local_dependency_or_cache,Existing local environment; do not relocate an imported dependency,
Live2D/model-ren-asagiri/art/processing_v001/tools/pylib/cv2/dnn/__init__.pyi,29910,1789960633836210800,6fc9375e9e8b7a2ce56bef8ce971f791a0f84286e10040735f8346376c9d7157,local_dependency_or_cache,Existing local environment; do not relocate an imported dependency,
Live2D/model-ren-asagiri/art/processing_v001/tools/pylib/cv2/Error/__init__.pyi,4194,1789960633831211100,bd035f0064888b41ecfe43bd285577cd9bfddb4284043719a5d3859e69199038,local_dependency_or_cache,Existing local environment; do not relocate an imported dependency,
Live2D/model-ren-asagiri/art/processing_v001/tools/pylib/cv2/fisheye/__init__.pyi,9713,1789960633837211100,fe8ef760874770dbd80cc364e875df1d8400d473aea255fa305b9b1576c111e2,local_dependency_or_cache,Existing local environment; do not relocate an imported dependency,
Live2D/model-ren-asagiri/art/processing_v001/tools/pylib/cv2/flann/__init__.pyi,2809,1789960633838215200,274dc05cfac2e1c5eb15cf3383663c16380a41e074ed31d0dd679f3f478f68ce,local_dependency_or_cache,Existing local environment; do not relocate an imported dependency,
Live2D/model-ren-asagiri/art/processing_v001/tools/pylib/cv2/instr/__init__.pyi,461,1789960633838215200,0f3bd641c3aa6a69eb96ef5af3797f9b8e8c6f630005169e888020a02014813b,local_dependency_or_cache,Existing local environment; do not relocate an imported dependency,
Live2D/model-ren-asagiri/art/processing_v001/tools/pylib/cv2/ipp/__init__.pyi,237,1789960633839215200,9ee338e8b811340573c33fcdd7b7a42b333e516622325e9fd16bcc4fa63044ea,local_dependency_or_cache,Existing local environment; do not relocate an imported dependency,
Live2D/model-ren-asagiri/art/processing_v001/tools/pylib/cv2/mat_wrapper/__init__.py,1164,1789960633840214800,c44707ea1c76f35518ae572b6c1989d76c2ada7e850432e41805dfe112d4e306,local_dependency_or_cache,Existing local environment; do not relocate an imported dependency,
Live2D/model-ren-asagiri/art/processing_v001/tools/pylib/cv2/mat_wrapper/__pycache__/__init__.cpython-312.pyc,1968,1789983339252094100,8c9530dc941ea20fd3c8aa5d8deca8d5439d9deeaf3f27489e9150087a066558,local_dependency_or_cache,Existing local environment; do not relocate an imported dependency,
Live2D/model-ren-asagiri/art/processing_v001/tools/pylib/cv2/mat_wrapper/__pycache__/__init__.cpython-313.pyc,2004,1789960633896273200,445ac8371c50514cb7bfb00609b4e2765255696ee18784011b31855d07b1b62b,local_dependency_or_cache,Existing local environment; do not relocate an imported dependency,
Live2D/model-ren-asagiri/art/processing_v001/tools/pylib/cv2/mcc/__init__.pyi,3511,1789960633841214400,6ab62056238570d97e33263c7bbc7ca0539fc2fb679e7361939fc7104bf6421a,local_dependency_or_cache,Existing local environment; do not relocate an imported dependency,
Live2D/model-ren-asagiri/art/processing_v001/tools/pylib/cv2/misc/version.py,95,1789960633842214900,c93a418793fcb15b9b4316c0741b8336740e490e94f3b7d1ebe8cd5f6f23815c,local_dependency_or_cache,Existing local environment; do not relocate an imported dependency,
Live2D/model-ren-asagiri/art/processing_v001/tools/pylib/cv2/misc/__init__.py,38,1789960633841214400,495bd79594cce174673e372c85c4dd8f4ffdf2b3a73fd4623955b0d55de0d462,local_dependency_or_cache,Existing local environment; do not relocate an imported dependency,
Live2D/model-ren-asagiri/art/processing_v001/tools/pylib/cv2/misc/__pycache__/version.cpython-312.pyc,415,1789983339264095600,7980050afa74481637fc8849e990c949e1932f5ba4347607510355e3a0a8b6f8,local_dependency_or_cache,Existing local environment; do not relocate an imported dependency,
Live2D/model-ren-asagiri/art/processing_v001/tools/pylib/cv2/misc/__pycache__/version.cpython-313.pyc,391,1789960633905280200,d92802ddaa30d0310ca553bd12852f6b43ebe1db623711a2e52d9bf8b69b6f99,local_dependency_or_cache,Existing local environment; do not relocate an imported dependency,
Live2D/model-ren-asagiri/art/processing_v001/tools/pylib/cv2/misc/__pycache__/__init__.cpython-312.pyc,257,1789983339258093700,3905907d6cf3a8a638c678c0de63958d07ed478f3aa08696dc9dbabd168c9dcc,local_dependency_or_cache,Existing local environment; do not relocate an imported dependency,
Live2D/model-ren-asagiri/art/processing_v001/tools/pylib/cv2/misc/__pycache__/__init__.cpython-313.pyc,233,1789960633900274700,957776b81cbbd95b56ad6051ed824a074b9f516bd5aced61c4f0c7ba3c98379b,local_dependency_or_cache,Existing local environment; do not relocate an imported dependency,
Live2D/model-ren-asagiri/art/processing_v001/tools/pylib/cv2/ocl/__init__.pyi,5779,1789960633842214900,db5c5b6acbb9e81acb3eeaa47de20055ed60096072ce0e278012f929ce044e70,local_dependency_or_cache,Existing local environment; do not relocate an imported dependency,
Live2D/model-ren-asagiri/art/processing_v001/tools/pylib/cv2/ogl/__init__.pyi,1523,1789960633843379400,04cd2096945fb3533a6c31624c774749a50501a453a33909371357bc192f729b,local_dependency_or_cache,Existing local environment; do not relocate an imported dependency,
Live2D/model-ren-asagiri/art/processing_v001/tools/pylib/cv2/parallel/__init__.pyi,135,1789960633844196100,3f20a1904cd896b1ebe54b2041e87d161f04e375e3511734b98f08b772072777,local_dependency_or_cache,Existing local environment; do not relocate an imported dependency,
Live2D/model-ren-asagiri/art/processing_v001/tools/pylib/cv2/samples/__init__.pyi,336,1789960633844196100,1e7ad25bafdd80bf6c624c82676ab1d92a0b36b034e68688e2d0924b88b64ce4,local_dependency_or_cache,Existing local environment; do not relocate an imported dependency,
Live2D/model-ren-asagiri/art/processing_v001/tools/pylib/cv2/segmentation/__init__.pyi,1778,1789960633845211600,96f6651e4a7be4a0a28ed90d66edc790e987f7fa4de9e9b3159d1ee36d5b2762,local_dependency_or_cache,Existing local environment; do not relocate an imported dependency,
Live2D/model-ren-asagiri/art/processing_v001/tools/pylib/cv2/typing/__init__.py,4465,1789960633846216600,93bdb90220682cc3e68e1c5936cf35daab953d4558a6be4fb51bcc5c74da5b38,local_dependency_or_cache,Existing local environment; do not relocate an imported dependency,
Live2D/model-ren-asagiri/art/processing_v001/tools/pylib/cv2/typing/__pycache__/__init__.cpython-312.pyc,4657,1789983339273094600,13a2c7d29d53e92382f5a02b5dc46ec0947ca4fb3768c40bd190fa7bdee93235,local_dependency_or_cache,Existing local environment; do not relocate an imported dependency,
Live2D/model-ren-asagiri/art/processing_v001/tools/pylib/cv2/typing/__pycache__/__init__.cpython-313.pyc,4673,1789960633911273600,0d6619b2cfb12c30322a0e5a6a57b5dcfb848f65d968e0e731fe79bba4f89ab8,local_dependency_or_cache,Existing local environment; do not relocate an imported dependency,
Live2D/model-ren-asagiri/art/processing_v001/tools/pylib/cv2/utils/__init__.py,344,1789960633847216100,2b16990b35b569af1ca7239dc10f7b24ec62f27a46626b1e2f1271d2e1aa3554,local_dependency_or_cache,Existing local environment; do not relocate an imported dependency,
Live2D/model-ren-asagiri/art/processing_v001/tools/pylib/cv2/utils/__init__.pyi,3743,1789960633847216100,9fdad43d4e3026b6b890227fabbddcec03d087ca2f98465c0aeabb4a8c3f550d,local_dependency_or_cache,Existing local environment; do not relocate an imported dependency,
Live2D/model-ren-asagiri/art/processing_v001/tools/pylib/cv2/utils/fs/__init__.pyi,93,1789960633848215500,04fc0beb9e3adfa90fe24f7953840fa7ba0c65c809d900c862b6fd17c87873b2,local_dependency_or_cache,Existing local environment; do not relocate an imported dependency,
Live2D/model-ren-asagiri/art/processing_v001/tools/pylib/cv2/utils/logging/__init__.pyi,527,1789960633849215200,051135c7ebc8ea9dd01fc5fe0244eeae47273b8ef2a4a86af15b211b423be3a2,local_dependency_or_cache,Existing local environment; do not relocate an imported dependency,
Live2D/model-ren-asagiri/art/processing_v001/tools/pylib/cv2/utils/nested/__init__.pyi,604,1789960633849215200,bb7a2ca9079e927758f7ffb1c4ad4f003e3875765a18b621c9f78561b5789e90,local_dependency_or_cache,Existing local environment; do not relocate an imported dependency,
Live2D/model-ren-asagiri/art/processing_v001/tools/pylib/cv2/utils/__pycache__/__init__.cpython-312.pyc,659,1789983339281094600,161451cc2d711335dec6fe7492b733c7e2926a205d6385c17a4d4e0d2ac961ec,local_dependency_or_cache,Existing local environment; do not relocate an imported dependency,
Live2D/model-ren-asagiri/art/processing_v001/tools/pylib/cv2/utils/__pycache__/__init__.cpython-313.pyc,635,1789960633917280800,9a58e83c17bac369dccd07ca5b8394597acf6d5ad5ece1d81c55dee99ee87c58,local_dependency_or_cache,Existing local environment; do not relocate an imported dependency,
Live2D/model-ren-asagiri/art/processing_v001/tools/pylib/cv2/videoio_registry/__init__.pyi,993,1789960633850463800,fd9647d8549824db8e5a00d22d34df50c932727618cd766e7e3ca0f479a540dc,local_dependency_or_cache,Existing local environment; do not relocate an imported dependency,
Live2D/model-ren-asagiri/art/processing_v001/tools/pylib/cv2/__pycache__/config-3.cpython-313.pyc,1293,1789960633869174800,dbabc016a3175ef69f083769547bd1669a5b1aa3518cf6fcca72032c1d474cab,local_dependency_or_cache,Existing local environment; do not relocate an imported dependency,
Live2D/model-ren-asagiri/art/processing_v001/tools/pylib/cv2/__pycache__/config.cpython-313.pyc,421,1789960633874172400,3cab1a8449c8d5704de254c59c1ebcdfb4833089a869ae4b73ddd969e40a0cf5,local_dependency_or_cache,Existing local environment; do not relocate an imported dependency,
Live2D/model-ren-asagiri/art/processing_v001/tools/pylib/cv2/__pycache__/load_config_py2.cpython-313.pyc,473,1789960633884694000,124d7a0d23bf289f798ceae869f9360021311e8241781776f41231f45f9c46a1,local_dependency_or_cache,Existing local environment; do not relocate an imported dependency,
Live2D/model-ren-asagiri/art/processing_v001/tools/pylib/cv2/__pycache__/load_config_py3.cpython-312.pyc,713,1789983339199581700,f50de076a699d0d6ac2231044e73fef47944c6c48a245a24f6d9bc1cfd532e47,local_dependency_or_cache,Existing local environment; do not relocate an imported dependency,
Live2D/model-ren-asagiri/art/processing_v001/tools/pylib/cv2/__pycache__/load_config_py3.cpython-313.pyc,697,1789960633890213200,928a7cebed538b88d2c80db464ab55d9ad17c13e5e64e63e37a5279e44c9dd4c,local_dependency_or_cache,Existing local environment; do not relocate an imported dependency,
Live2D/model-ren-asagiri/art/processing_v001/tools/pylib/cv2/__pycache__/version.cpython-312.pyc,309,1789983339211580800,857fe2b8ce1b082916f53c4328ba47ec6b31193e5d3b48d4d0de14e5dfdbce50,local_dependency_or_cache,Existing local environment; do not relocate an imported dependency,
Live2D/model-ren-asagiri/art/processing_v001/tools/pylib/cv2/__pycache__/version.cpython-313.pyc,285,1789960633922200800,0f47bf334c68eef7f9b66f01b2778b2b7ba3ed77affbfb422880dd8aeadd43e1,local_dependency_or_cache,Existing local environment; do not relocate an imported dependency,
Live2D/model-ren-asagiri/art/processing_v001/tools/pylib/cv2/__pycache__/__init__.cpython-312.pyc,9629,1789983339188068800,6b431cf588e8af96ce22c03f9b2e599fd19f50aa6c9f6b628fb230642cbde0b8,local_dependency_or_cache,Existing local environment; do not relocate an imported dependency,
Live2D/model-ren-asagiri/art/processing_v001/tools/pylib/cv2/__pycache__/__init__.cpython-313.pyc,9953,1789960633863168600,12907bb0ac538d2326f0ed04934246461f015e1eb4f3603ee6f82f6f04c773bc,local_dependency_or_cache,Existing local environment; do not relocate an imported dependency,
Live2D/model-ren-asagiri/art/processing_v001/tools/pylib/opencv_python_headless-5.0.0.93.dist-info/INSTALLER,4,1789960633923201500,ceebae7b8927a3227e5303cf5e0f1f7b34bb542ad7250ac03fbcde36ec2f1508,local_dependency_or_cache,Existing local environment; do not relocate an imported dependency,
Live2D/model-ren-asagiri/art/processing_v001/tools/pylib/opencv_python_headless-5.0.0.93.dist-info/LICENSE-3RD-PARTY.txt,183251,1789960633851467700,c1d60169b55cee56452b227c2fd2a7b9ddda3dd3741065f1c6201072be73fadb,local_dependency_or_cache,Existing local environment; do not relocate an imported dependency,
Live2D/model-ren-asagiri/art/processing_v001/tools/pylib/opencv_python_headless-5.0.0.93.dist-info/LICENSE.txt,1090,1789960633851467700,edef0fac1eb08d29d34563f724742e078da2513e196133a12c6ad9ff01e26107,local_dependency_or_cache,Existing local environment; do not relocate an imported dependency,
Live2D/model-ren-asagiri/art/processing_v001/tools/pylib/opencv_python_headless-5.0.0.93.dist-info/METADATA,20059,1789960633851467700,5e8fb8a066deaddf9337c649463dd7657920f64567ce23ded4b82b3a23ae1bae,local_dependency_or_cache,Existing local environment; do not relocate an imported dependency,
Live2D/model-ren-asagiri/art/processing_v001/tools/pylib/opencv_python_headless-5.0.0.93.dist-info/RECORD,4570,1789960633930719900,9937d3a95ebd0ce83703c357d7e231a24085f88dc9612a3fe587caff52839719,local_dependency_or_cache,Existing local environment; do not relocate an imported dependency,
Live2D/model-ren-asagiri/art/processing_v001/tools/pylib/opencv_python_headless-5.0.0.93.dist-info/REQUESTED,0,1789960633928713000,e3b0c44298fc1c149afbf4c8996fb92427ae41e4649b934ca495991b7852b855,local_dependency_or_cache,Existing local environment; do not relocate an imported dependency,
Live2D/model-ren-asagiri/art/processing_v001/tools/pylib/opencv_python_headless-5.0.0.93.dist-info/top_level.txt,4,1789960633853095800,498f2fadffec60e83df4e3fd7ae873eeadfaa4fcbfd952b9bdb784597c304a87,local_dependency_or_cache,Existing local environment; do not relocate an imported dependency,
Live2D/model-ren-asagiri/art/processing_v001/tools/pylib/opencv_python_headless-5.0.0.93.dist-info/WHEEL,94,1789960633853095800,ee1dadc9761cd36148a1e2cb6009d4c081305d9b669bee21eacd2ee6d05ce607,local_dependency_or_cache,Existing local environment; do not relocate an imported dependency,
Live2D/model-ren-asagiri/art/psd_front/independent_verification.json,2485,1790232629931879200,95986912eb8e84d0aec6fdafaf2a3f1fe2981968677fed0f1346cb877fd1ccad,already_tracked,Preserve existing tracked file and user changes,
Live2D/model-ren-asagiri/art/psd_front/manifest.json,16219,1790232496098369200,7ba51b4cebc152a9deb26de4a31b7d43aa240930c5e45e2ddf8e974c5270d5f0,already_tracked,Preserve existing tracked file and user changes,
Live2D/model-ren-asagiri/art/psd_front/prepare.py,4963,1790232494335316200,b7da7ba30fb2bb004246037696049c9c1cd76ec4e55def16540d55ff7e9cefbd,already_tracked,Preserve existing tracked file and user changes,
Live2D/model-ren-asagiri/art/psd_front/psd_verification.json,23748,1790232559015064900,db46e585efd4bb51b81d7accbd663020d36df66ae560bf2427214697dc1fc6bb,already_tracked,Preserve existing tracked file and user changes,
Live2D/model-ren-asagiri/art/psd_front/README.md,3053,1790311411134920700,f90b1d47b7d92cd5eb73d6b54fd325cbe8e640b85831ca6d050c46a3d417dc27,already_tracked,Preserve existing tracked file and user changes,
Live2D/model-ren-asagiri/art/psd_front/Ren_front.png,4166841,1790232556221936600,1eb3d2aa1f1b9e4e09e2d2c7b124387f1518eeed8682c7b066391e68265698f8,git_asset,"Source artwork, edited part, editable project, runtime dependency, or accepted review sample",
Live2D/model-ren-asagiri/art/psd_front/Ren_front.psd,24410237,1790232555180795200,aa5d90854ac47f4d5d27b7ca1f3955e18a5cdcc0c430bf846b7f08b574c94d44,git_asset,"Source artwork, edited part, editable project, runtime dependency, or accepted review sample",
Live2D/model-ren-asagiri/art/psd_front/Ren_front_preview.png,4040015,1790232557499474900,4951d223fa0fded0784ad3be793fa0993b1f46157c4ecf03284505fbcd5f811d,local_generated_or_history,"Existing ignored output; retain locally, not a production source",
Live2D/model-ren-asagiri/art/psd_front/verify.py,3242,1790232605686805100,c7c4f732d262e758cbe925b6cb4b0f8a55ec6f564cb975cc1d3def70d74962f6,already_tracked,Preserve existing tracked file and user changes,
Live2D/model-ren-asagiri/art/psd_front/review/comparison_original.jpg,287798,1790232497777933400,878c99a2b6f3294a632785d202e30b72a4b7e2bc64f9536a3996a967c342e284,local_generated_or_history,"Existing ignored output; retain locally, not a production source",
Live2D/model-ren-asagiri/art/psd_front/review/connection_check.json,268,1790232671043674900,cf7d97f2243a3e910bb5466c46a6034f23681ea2e9e1c77a15c42b1c4297b304,already_tracked,Preserve existing tracked file and user changes,
Live2D/model-ren-asagiri/art/psd_front/review/eyes.png,178570,1790232497431928500,3fede9113a991597b5c55fb00d8452c609ebcc905d124d1bebf1485edad5b135,local_generated_or_history,"Existing ignored output; retain locally, not a production source",
Live2D/model-ren-asagiri/art/psd_front/review/fullbody.jpg,119929,1790232497268089100,bc356368a69f0ece958f568fd3efe13ea75e1861e8de4a6565914015ae64023f,local_generated_or_history,"Existing ignored output; retain locally, not a production source",
Live2D/model-ren-asagiri/art/psd_front/review/head_neck.png,936640,1790232497386907200,c1f4cdf066cf44384cdfb88c77fea715802efcc68a6000a6ea96a20142dce582,local_generated_or_history,"Existing ignored output; retain locally, not a production source",
Live2D/model-ren-asagiri/art/psd_front/review/neck_collar.png,250867,1790232497417910900,71e61c45524a1ccf5cd4a2e7b5bdd0dbf2a158b91442b19deb1ee1596fd18234,local_generated_or_history,"Existing ignored output; retain locally, not a production source",
Live2D/model-ren-asagiri/art/psd_front/review/psd_readback_head_neck.png,937761,1790232629914371400,108dbba53021cbdbd3e3904dd57f903bab7d463c5c6c7b952c5e86c5b2c43b3e,local_generated_or_history,"Existing ignored output; retain locally, not a production source",
Live2D/model-ren-asagiri/art/psd_front/review/python_composite.png,4125726,1790232496919277700,dedc743a6ae29d020956e9b791fd07dcae10621f1db4036dd2c60ac0a75d1d76,local_generated_or_history,"Existing ignored output; retain locally, not a production source",
Live2D/model-ren-asagiri/art/psd_front/review/white_latest.png,45210,1790232403026139900,167142270a6009c232b0d09aad55c716d92742276e3f355804a708bef3cfc788,local_generated_or_history,"Existing ignored output; retain locally, not a production source",
Live2D/model-ren-asagiri/art/psd_front/review/white_old.png,44351,1790232403017064000,423df2658dc0390e0ca53f58d0efc1cb442118a97e2f7ae37dc98ac9384c065e,local_generated_or_history,"Existing ignored output; retain locally, not a production source",
Live2D/model-ren-asagiri/art/side_view_review/REVIEW.md,7027,1790321086543568300,c894a8adc14ab6b47e6a214166c6622b13bc3d9d2a271698761f96ff4a882eb3,git_document_or_project,"Production documentation, reusable template, or distinct voice project",
Live2D/model-ren-asagiri/art_assets/ren-stand-pony-back-4000x6000.png,3347781,1789953938872510300,7130b9fd3b0d7202d890cdabc0aec1519109e5dcb2a03d177170309d80db1916,git_asset,"Source artwork, edited part, editable project, runtime dependency, or accepted review sample",
Live2D/model-ren-asagiri/art_assets/ren-stand-pony-back-nohair-4000x6000.png,3639486,1789907185631000000,2cea428a3e4e5e39a9d0ce2b63876d27f7b1a4b28e67fd8e1d00790b4c73eea9,git_asset,"Source artwork, edited part, editable project, runtime dependency, or accepted review sample",
Live2D/model-ren-asagiri/art_assets/ren-stand-pony-front-4000x6000.png,4132582,1789956672431504000,edf3b0317f981568b29f04fc1dbaeebae416b164741c2dee2499d0a6116a4817,git_asset,"Source artwork, edited part, editable project, runtime dependency, or accepted review sample",
Live2D/model-ren-asagiri/art_assets/ren-stand-pony-laugh-4000x6000.png,4658708,1789907450328000000,79508e185fb97855e8cfefe50022147c0390713841f7c3d16b0d6be34edd9cd8,git_asset,"Source artwork, edited part, editable project, runtime dependency, or accepted review sample",
Live2D/model-ren-asagiri/art_assets/ren-stand-pony-nohair-4000x6000.png,4147887,1789906803926000000,e0ef1b441938a3018a37ed39ee38182d8a14f43c83cecc96b5ea510ab34db956,git_asset,"Source artwork, edited part, editable project, runtime dependency, or accepted review sample",
Live2D/model-ren-asagiri/latest_preview/comparison_original.jpg,287798,1790232497777933400,878c99a2b6f3294a632785d202e30b72a4b7e2bc64f9536a3996a967c342e284,already_tracked,Preserve existing tracked file and user changes,
Live2D/model-ren-asagiri/latest_preview/eyes.png,178570,1790232497431928500,3fede9113a991597b5c55fb00d8452c609ebcc905d124d1bebf1485edad5b135,already_tracked,Preserve existing tracked file and user changes,
Live2D/model-ren-asagiri/latest_preview/head_neck_hair_review.jpg,744738,1790248201625223000,9c70f1fdbd73b7e05af90bc976e2c6f0548d2db1cc19ee9ab80a76cdd23826a3,already_tracked,Preserve existing tracked file and user changes,
Live2D/model-ren-asagiri/latest_preview/head_sample.png,708097,1790226979094133800,d80867ffc14f1611e90928e73dd51619fc2d8a2600cb47657761cdd2c5a3833c,already_tracked,Preserve existing tracked file and user changes,
Live2D/model-ren-asagiri/latest_preview/python_composite.png,4125726,1790232496919277700,dedc743a6ae29d020956e9b791fd07dcae10621f1db4036dd2c60ac0a75d1d76,already_tracked,Preserve existing tracked file and user changes,
Live2D/model-ren-asagiri/latest_preview/Ren_head_neck_hair.gif,8925686,1790248632748657800,590fe989ce477feb4ec81f353c9cc42c0e7d9f929ffdc7191715e778eb1f51f2,already_tracked,Preserve existing tracked file and user changes,
Live2D/model-ren-asagiri/model/basic_expression/README.md,4370,1790311559046432700,f67e683a6dcfc4bd51d715835ae6e1ef5b895ca5b0c081d023317e82cdae515d,already_tracked,Preserve existing tracked file and user changes,
Live2D/model-ren-asagiri/model/basic_expression/render_preview.py,5195,1790239704968910600,fd4ebe9441e8f28e75398e98ca3eeae3a30eb895ae9222e82255b205e89090e5,already_tracked,Preserve existing tracked file and user changes,
Live2D/model-ren-asagiri/model/basic_expression/Ren_front.cmo3,9814689,1790239410079496800,293e779ee860359b50420b26b0da97f1fa1795db49affb7157cb92dbdf6bf221,already_tracked,Preserve existing tracked file and user changes,
Live2D/model-ren-asagiri/model/basic_expression/verification.json,10613,1790240248326707400,fbabdf585b102b0508e8fe1e63d75a5bd5f3d904844bec09c18d983a93b951eb,already_tracked,Preserve existing tracked file and user changes,
Live2D/model-ren-asagiri/model/basic_expression/verify_delivery.py,2439,1790240246046459100,f28746b58d2da690ac693b29b824306d89df5476351e18effcc279af915281b9,already_tracked,Preserve existing tracked file and user changes,
Live2D/model-ren-asagiri/model/basic_expression/preview/case_00.png,151857,1790240096395502600,cf511bec16ed1d39eab7df26e2ca7fbaf3e4ff6bfebb6c33219342862a10cab5,archive_generated_frame,Re-renderable individual frame; keep contact sheets and motion samples,Live2D/archive/20260928-generated-previews/model-ren-asagiri/model/basic_expression/preview/case_00.png
Live2D/model-ren-asagiri/model/basic_expression/preview/case_01.png,151297,1790240096482517200,3607529452c3a4eed794258b6b4cccfbe5b0f9d3043f4083d8e0d9ced45caae3,archive_generated_frame,Re-renderable individual frame; keep contact sheets and motion samples,Live2D/archive/20260928-generated-previews/model-ren-asagiri/model/basic_expression/preview/case_01.png
Live2D/model-ren-asagiri/model/basic_expression/preview/case_02.png,150144,1790240096568534200,2c6bfecdfc33eee9cc960909c60b11b4356d10da0e2139eced755dab56d7cd1c,archive_generated_frame,Re-renderable individual frame; keep contact sheets and motion samples,Live2D/archive/20260928-generated-previews/model-ren-asagiri/model/basic_expression/preview/case_02.png
Live2D/model-ren-asagiri/model/basic_expression/preview/case_03.png,148650,1790240096654102300,4fc4d02d785cdbf7fa2aec1e645c5b1f584b04aa821d656ef416e4bba2658199,archive_generated_frame,Re-renderable individual frame; keep contact sheets and motion samples,Live2D/archive/20260928-generated-previews/model-ren-asagiri/model/basic_expression/preview/case_03.png
Live2D/model-ren-asagiri/model/basic_expression/preview/case_04.png,147248,1790240096741115900,344fcfe951bb2f599cd6be5d010373784c46b579b452cdf3ee660c2116c9eb75,archive_generated_frame,Re-renderable individual frame; keep contact sheets and motion samples,Live2D/archive/20260928-generated-previews/model-ren-asagiri/model/basic_expression/preview/case_04.png
Live2D/model-ren-asagiri/model/basic_expression/preview/case_05.png,149615,1790240096822759000,99db0a7fa8b61df1265ec93462511da6516ad0ef7fb491ecb00b9776d93c7ba0,archive_generated_frame,Re-renderable individual frame; keep contact sheets and motion samples,Live2D/archive/20260928-generated-previews/model-ren-asagiri/model/basic_expression/preview/case_05.png
Live2D/model-ren-asagiri/model/basic_expression/preview/case_06.png,149671,1790240096903263500,21cb69e6116f53e446cb565d27c28020e52e2ffa205de66907ec99f3b4130e91,archive_generated_frame,Re-renderable individual frame; keep contact sheets and motion samples,Live2D/archive/20260928-generated-previews/model-ren-asagiri/model/basic_expression/preview/case_06.png
Live2D/model-ren-asagiri/model/basic_expression/preview/case_07.png,151681,1790240096982664700,0a3a3b664aa702a873432e5388c78b41028b0b6da01c480adf061796f01bc4bb,archive_generated_frame,Re-renderable individual frame; keep contact sheets and motion samples,Live2D/archive/20260928-generated-previews/model-ren-asagiri/model/basic_expression/preview/case_07.png
Live2D/model-ren-asagiri/model/basic_expression/preview/case_08.png,152063,1790240097062778700,e178578108e82e883d41317a2e3951455ff4c9ae980b9b4369a601be54a62878,archive_generated_frame,Re-renderable individual frame; keep contact sheets and motion samples,Live2D/archive/20260928-generated-previews/model-ren-asagiri/model/basic_expression/preview/case_08.png
Live2D/model-ren-asagiri/model/basic_expression/preview/case_09.png,152593,1790240097146007500,29b70234cd62578b571e09cdca17e4584b221d8377fd9c576e48ee0dd5be2354,archive_generated_frame,Re-renderable individual frame; keep contact sheets and motion samples,Live2D/archive/20260928-generated-previews/model-ren-asagiri/model/basic_expression/preview/case_09.png
Live2D/model-ren-asagiri/model/basic_expression/preview/case_10.png,153050,1790240097226153500,82f49a5e798e3de2e7b40d81ecdd251779e6752617ee30d4b0c555b30e19cf8e,archive_generated_frame,Re-renderable individual frame; keep contact sheets and motion samples,Live2D/archive/20260928-generated-previews/model-ren-asagiri/model/basic_expression/preview/case_10.png
Live2D/model-ren-asagiri/model/basic_expression/preview/case_11.png,153416,1790240097313134100,bc3b81568dfa7a38baff1f95d31f6cca441c9efd882e4a09ac44f1e8a795310e,archive_generated_frame,Re-renderable individual frame; keep contact sheets and motion samples,Live2D/archive/20260928-generated-previews/model-ren-asagiri/model/basic_expression/preview/case_11.png
Live2D/model-ren-asagiri/model/basic_expression/preview/expression_review.jpg,729165,1790240097328245400,f29b1aa8495ae63c53774bacd9cf2497e8a4fd13889b8efeace52e2a77a215ff,git_asset,"Source artwork, edited part, editable project, runtime dependency, or accepted review sample",
Live2D/model-ren-asagiri/model/basic_expression/preview/neutral_full.jpg,175950,1790240096299267200,c11438f93f9255bbe1b52a68c7716d36a3b709d605eea8631cdde63a7c03b883,local_generated_or_history,"Existing ignored output; retain locally, not a production source",
Live2D/model-ren-asagiri/model/basic_expression/preview/neutral_full.png,676516,1790240096283758000,78732f56158f69b68600c6337664a7d27e0d5dc414b1adbea144a8bae4415db3,git_asset,"Source artwork, edited part, editable project, runtime dependency, or accepted review sample",
Live2D/model-ren-asagiri/model/basic_expression/preview/parameter_curve.json,8649,1790240133958289000,1785928dfbe96b9b1726a342d75c468839811091096d59067dcca95ffafd4f20,already_tracked,Preserve existing tracked file and user changes,
Live2D/model-ren-asagiri/model/basic_expression/preview/Ren_blink_mouth.gif,11022444,1790240133957287500,52a85254203fd52dc66024f0f537d1734307b5db0ec735bd2527a2eeb26e1347,git_asset,"Source artwork, edited part, editable project, runtime dependency, or accepted review sample",
Live2D/model-ren-asagiri/model/basic_expression/preview/Ren_blink_mouth.mp4,165927,1790240125149631700,0f257bb59fb6f6b44ab19a172aa79976fa255030ccd97d1283f58b566366e424,git_asset,"Source artwork, edited part, editable project, runtime dependency, or accepted review sample",
Live2D/model-ren-asagiri/model/basic_expression/preview/verification.json,4400,1790240133969287300,d7459e553954ea0b0ad467c1a7c2550f00e7c917d6f60a432a6b663496b7bbe9,already_tracked,Preserve existing tracked file and user changes,
Live2D/model-ren-asagiri/model/basic_expression/runtime/Ren_front.cdi3.json,2354,1790240063399114900,795fe649836f904747d00d1d470a0b31779d0d93ea949a9c29bfbdda056c44c1,already_tracked,Preserve existing tracked file and user changes,
Live2D/model-ren-asagiri/model/basic_expression/runtime/Ren_front.moc3,90176,1790240063397113100,53740c87b91763d408cd1ad0a5d3544f4b757b7e50a0e391c98fefa07b0b4d8f,already_tracked,Preserve existing tracked file and user changes,
Live2D/model-ren-asagiri/model/basic_expression/runtime/Ren_front.model3.json,164,1790240063400117300,3c6bdf0ea9b08e9a151eb4758fa5c2ef7d2f957ec54748932433a57568955e67,already_tracked,Preserve existing tracked file and user changes,
Live2D/model-ren-asagiri/model/basic_expression/runtime/Ren_front.2048/texture_00.png,2950970,1790240063399114900,846be881fc3ee75bd68c6b7af572e83674e7b740acb2146367238d8b57700c32,git_asset,"Source artwork, edited part, editable project, runtime dependency, or accepted review sample",
Live2D/model-ren-asagiri/model/head_angles/compare_reference.py,1954,1790338100788442800,5d7a9896ae857d77d10bbe0c0a56d50f77a10b58115ba724cf3fd1ac54b605ea,git_experiment,"Unaccepted contour/angle experiment, code and comparison evidence",
Live2D/model-ren-asagiri/model/head_angles/diagnose_tilted_reference_regression.py,8923,1790385766838115000,231b252e202f15d3612fa36a0a335161888363f69a8b57f6cd1157ec02b2b54f,git_experiment,"Unaccepted contour/angle experiment, code and comparison evidence",
Live2D/model-ren-asagiri/model/head_angles/input_snapshot.json,22255,1790321030570706900,55f3960c145855c264860af8f2a528dff0c30a218c46d89222debcf5b852c6e6,git_experiment,"Unaccepted contour/angle experiment, code and comparison evidence",
Live2D/model-ren-asagiri/model/head_angles/README.md,7030,1790410410815506800,673b969ec780a6b6c220ea02eee94241d2df4012c8509da7ccebb912a5bda596,git_experiment,"Unaccepted contour/angle experiment, code and comparison evidence",
Live2D/model-ren-asagiri/model/head_angles/reference_fit_inputs.json,9286,1790329206824423500,e3ca264e3b9e97baeb8bca34c98991d433515ac0235b031dfaf8f270364218e6,git_experiment,"Unaccepted contour/angle experiment, code and comparison evidence",
Live2D/model-ren-asagiri/model/head_angles/reference_oblique_comparison.py,4909,1790385668926048500,25b27591ec5927e1ad24d622365b0ca39ca6f9b3ef7561dd84060d1282e6c2bd,git_experiment,"Unaccepted contour/angle experiment, code and comparison evidence",
Live2D/model-ren-asagiri/model/head_angles/render_preview.py,23697,1790385900842465500,7012ca97ab1a402172e3216d4bc43587360b323d2f3681559741dcdb38b882b8,git_experiment,"Unaccepted contour/angle experiment, code and comparison evidence",
Live2D/model-ren-asagiri/model/head_angles/Ren_front.cmo3,12476226,1790385179575300700,b2921512c53f0a5d926b13353f5edce79b69c737c76b2048da44917783a00ea7,git_experiment,"Unaccepted contour/angle experiment, code and comparison evidence",
Live2D/model-ren-asagiri/model/head_angles/test_report.md,17762,1790386340774092100,aebb6fa9df3cd91f6057b2be716736b92966b27c965e6f5e478b7a7dd6410911,git_experiment,"Unaccepted contour/angle experiment, code and comparison evidence",
Live2D/model-ren-asagiri/model/head_angles/tilted_reference_inputs.json,298,1790383496355902800,fbea7425a39f4d25c29746a3344f9910859c3db0de093f4ebc72e2a680f6b99a,git_experiment,"Unaccepted contour/angle experiment, code and comparison evidence",
Live2D/model-ren-asagiri/model/head_angles/verification.json,79653,1790386295817512000,e325841adb947f46cc7166e82ffdfe421227bf38d30116fdb4863606b91becfe,git_experiment,"Unaccepted contour/angle experiment, code and comparison evidence",
Live2D/model-ren-asagiri/model/head_angles/verify_delivery.py,10110,1790386283532039500,30a6980d6f7a5868dcf89de25000444419f5886ae0661f35aa246dc3f036cb1a,git_experiment,"Unaccepted contour/angle experiment, code and comparison evidence",
Live2D/model-ren-asagiri/model/head_angles/archive/before_contour_direction_20260925/README.md,5929,1790335224953765000,f427eaa0b4371e0bd89350b3be87c12a9d669a30ec013bea89d2f166972e391e,git_experiment,Rollback or runtime dependency for retained failure evidence; not accepted production,
Live2D/model-ren-asagiri/model/head_angles/archive/before_contour_direction_20260925/render_preview.py,13915,1790334948237069400,d7fc5823f138f13a17861ae6eec2681d35880702b0303cf81184828d967f45bc,local_archive,Historical archive excluded by default; no deletion,
Live2D/model-ren-asagiri/model/head_angles/archive/before_contour_direction_20260925/Ren_front.cmo3,9858203,1790334829721828200,944b8fce2ee2381040f10e41824b464fe7bede3aaf6d231a395071022ca0c7d1,git_experiment,Rollback or runtime dependency for retained failure evidence; not accepted production,
Live2D/model-ren-asagiri/model/head_angles/archive/before_contour_direction_20260925/test_report.md,8196,1790335283206970200,b36aeb7464e3c8c9221e6c901c9ff3cbbb939eb327132c4c3fc4f202bc0c8471,local_archive,Historical archive excluded by default; no deletion,
Live2D/model-ren-asagiri/model/head_angles/archive/before_contour_direction_20260925/verification.json,33899,1790334899356532900,ac80e860f5e159884cf66a7ab516c610c3abfde9c33d8488e53fe9ced45e9078,git_experiment,Rollback or runtime dependency for retained failure evidence; not accepted production,
Live2D/model-ren-asagiri/model/head_angles/archive/before_contour_direction_20260925/verify_delivery.py,7096,1790334643693250100,cc3e20ae48d3a6423e0d286a628af963b635a2bbe9717162a3b11e0ef064d77e,local_archive,Historical archive excluded by default; no deletion,
Live2D/model-ren-asagiri/model/head_angles/archive/before_contour_direction_20260925/preview/animation_review.jpg,683044,1790334899343022000,b17cd7890c5d3dab34ceab45bc711bf9bcc518669d8007e8ea91c521fc2d3f34,local_archive,Historical archive excluded by default; no deletion,
Live2D/model-ren-asagiri/model/head_angles/archive/before_contour_direction_20260925/preview/baseline_neutral.png,676518,1790334788282598700,f5ba4d0ec6c1912d1775d329ad7687bd29e649637372d6da9680eaf0508e7424,local_archive,Historical archive excluded by default; no deletion,
Live2D/model-ren-asagiri/model/head_angles/archive/before_contour_direction_20260925/preview/case_00.png,191442,1790334788449559500,f04d34adea702fe9d62c4de84f707a0061b2dbee87965d923abf784bb25a5c63,local_archive,Historical archive excluded by default; no deletion,
Live2D/model-ren-asagiri/model/head_angles/archive/before_contour_direction_20260925/preview/case_01.png,185610,1790334788593488000,97c3e41fe91ea523d6606eb004b9549819d805430bf205d6fee35ac825180b84,git_experiment,Rollback or runtime dependency for retained failure evidence; not accepted production,
Live2D/model-ren-asagiri/model/head_angles/archive/before_contour_direction_20260925/preview/case_02.png,191394,1790334788734116900,efee6f50c2101ac4e5dd4f9beb6dd96f14f5af09456ccc56382f65352d42a1ba,local_archive,Historical archive excluded by default; no deletion,
Live2D/model-ren-asagiri/model/head_angles/archive/before_contour_direction_20260925/preview/case_03.png,185165,1790334788875626900,372b992d48e1af35834f3f3d2b27575018ea6ff69c13c2470cd2d80bc3ae0c49,git_experiment,Rollback or runtime dependency for retained failure evidence; not accepted production,
Live2D/model-ren-asagiri/model/head_angles/archive/before_contour_direction_20260925/preview/case_04.png,185627,1790334789016753400,88bee499e803f7cb0551792c0749f62e54a1d64f5ef927f2394da45f0402aef5,local_archive,Historical archive excluded by default; no deletion,
Live2D/model-ren-asagiri/model/head_angles/archive/before_contour_direction_20260925/preview/case_05.png,185195,1790334789157919600,ecfeb97233abf831577c4c8a46241b2a3cfddaf28e60b0747195b17ce0f95bb4,local_archive,Historical archive excluded by default; no deletion,
Live2D/model-ren-asagiri/model/head_angles/archive/before_contour_direction_20260925/preview/case_06.png,184735,1790334789298776400,dc372694a1dc3fa3ae3598611ace0b6795884991122193036d81fc12feeadc96,local_archive,Historical archive excluded by default; no deletion,
Live2D/model-ren-asagiri/model/head_angles/archive/before_contour_direction_20260925/preview/case_07.png,190539,1790334789445694900,a6f6bcff56afc71c753e8ebc60f54b89c6f66dad009ceed242a355f6f4d544f5,local_archive,Historical archive excluded by default; no deletion,
Live2D/model-ren-asagiri/model/head_angles/archive/before_contour_direction_20260925/preview/case_08.png,184612,1790334789585873200,a199e643b8259c9366218c5174d1bae4d168a01c1a377e9378d15ccf8ab5ed73,local_archive,Historical archive excluded by default; no deletion,
Live2D/model-ren-asagiri/model/head_angles/archive/before_contour_direction_20260925/preview/case_09.png,180876,1790334789722671100,e9cb070063c4eaa41e82deb3e8fc4a7bdfe48ca8ab72e6ee65b7d21b2c9bc396,local_archive,Historical archive excluded by default; no deletion,
Live2D/model-ren-asagiri/model/head_angles/archive/before_contour_direction_20260925/preview/case_10.png,192089,1790334789870178400,075b4c0e7a86db2f19aa505f59c28bc5441a433d597a8c116cdbab0c09b7903e,local_archive,Historical archive excluded by default; no deletion,
Live2D/model-ren-asagiri/model/head_angles/archive/before_contour_direction_20260925/preview/case_11.png,185760,1790334790009845900,59d7d79bf38faafece5913294a89b6f427a6be685be49e503d7be6751eb98e4b,local_archive,Historical archive excluded by default; no deletion,
Live2D/model-ren-asagiri/model/head_angles/archive/before_contour_direction_20260925/preview/case_12.png,192355,1790334790147980700,312110d2066e3e8b394665d3f2c85f582d4c0b3c2163b196ec4787f4d8a49c91,local_archive,Historical archive excluded by default; no deletion,
Live2D/model-ren-asagiri/model/head_angles/archive/before_contour_direction_20260925/preview/case_13.png,193373,1790334790290914300,305baf07a33a327607a3114162134a7a4a084c3b3f4843a7b6b6559e05a5c1e8,local_archive,Historical archive excluded by default; no deletion,
Live2D/model-ren-asagiri/model/head_angles/archive/before_contour_direction_20260925/preview/case_14.png,192941,1790334790454128200,8905aec7e2b2b36789e94dd26ed9ce5cdee9b35445e61803d3b6a9a166171c7d,local_archive,Historical archive excluded by default; no deletion,
Live2D/model-ren-asagiri/model/head_angles/archive/before_contour_direction_20260925/preview/case_15.png,191086,1790334790618873800,496a08fa657a2ece8375f60aa53fb17b275b2155020377197310d4895cdadc99,local_archive,Historical archive excluded by default; no deletion,
Live2D/model-ren-asagiri/model/head_angles/archive/before_contour_direction_20260925/preview/head_angles_review.jpg,824260,1790334790691628800,b6afdc0f65b0252dd76b16ea9d5f5cde398d7a139f3e7222eaf81c7eaf462bcb,local_archive,Historical archive excluded by default; no deletion,
Live2D/model-ren-asagiri/model/head_angles/archive/before_contour_direction_20260925/preview/neutral_comparison.jpg,107190,1790334790698137000,99826de7f84f9aec61eb4616cb68a43a80d81b712f237c51c46c5c8707ecf467,local_archive,Historical archive excluded by default; no deletion,
Live2D/model-ren-asagiri/model/head_angles/archive/before_contour_direction_20260925/preview/neutral_full.png,676517,1790334788151980400,96d85f7fc26e3a848c6351d0152b211eb6d24be62d5034edb48584c44ecb074e,local_archive,Historical archive excluded by default; no deletion,
Live2D/model-ren-asagiri/model/head_angles/archive/before_contour_direction_20260925/preview/oblique_contour_comparison.jpg,314355,1790334791664565600,63668ba9ad434e2dbad9c9c4aa555a17f651a61f5ddfb3a622e481d0f08c2e36,local_archive,Historical archive excluded by default; no deletion,
Live2D/model-ren-asagiri/model/head_angles/archive/before_contour_direction_20260925/preview/parameter_curve.json,160835,1790334850253066500,719f94d527cb920f4e2f5b4ab3a356afe0f6b3defb0059ce34e936dc0d1e3004,local_archive,Historical archive excluded by default; no deletion,
Live2D/model-ren-asagiri/model/head_angles/archive/before_contour_direction_20260925/preview/reference_fit_comparison.jpg,313764,1790334791186811700,9a9165885e950e9be97e9c1dd817e469bf246f47cf8dd15e2a5e3d7678f7825a,local_archive,Historical archive excluded by default; no deletion,
Live2D/model-ren-asagiri/model/head_angles/archive/before_contour_direction_20260925/preview/render_oblique.log,4623,1790334850310061500,f6cb26ef9c0e154ec2f6000c8ff8421c335b88ef367e6f22bb379e631f64ed68,local_archive,Historical archive excluded by default; no deletion,
Live2D/model-ren-asagiri/model/head_angles/archive/before_contour_direction_20260925/preview/Ren_head_angles.gif,8495864,1790334836194634500,ffd4d10bb5d408e8c81c621df4e85c6de5b7f2775f81011279cd3d6ec203b6f8,local_archive,Historical archive excluded by default; no deletion,
Live2D/model-ren-asagiri/model/head_angles/archive/before_contour_direction_20260925/preview/Ren_head_angles.mp4,613118,1790334834611286200,0560d9b5e29665d73bc2855366523581d620e106faf4a7ed7f16b222274a3f10,local_archive,Historical archive excluded by default; no deletion,
Live2D/model-ren-asagiri/model/head_angles/archive/before_contour_direction_20260925/preview/verification.json,18440,1790334949959733400,e0ff5d5af635ccbe1e0da5739464491dd82e7c40733e5112566b75847eed5ab4,git_experiment,Rollback or runtime dependency for retained failure evidence; not accepted production,
Live2D/model-ren-asagiri/model/head_angles/archive/before_contour_direction_20260925/runtime/Ren_front.cdi3.json,2354,1790334755985524000,795fe649836f904747d00d1d470a0b31779d0d93ea949a9c29bfbdda056c44c1,git_experiment,Rollback or runtime dependency for retained failure evidence; not accepted production,
Live2D/model-ren-asagiri/model/head_angles/archive/before_contour_direction_20260925/runtime/Ren_front.moc3,112704,1790334755983524400,944628c8c95480efe176754e76f05a6decf126be8c49a8a72317c4cfc95eb58d,git_experiment,Rollback or runtime dependency for retained failure evidence; not accepted production,
Live2D/model-ren-asagiri/model/head_angles/archive/before_contour_direction_20260925/runtime/Ren_front.model3.json,291,1790334755986570300,16921c6c2d69ceee1f2fb29bf27e78bafe7534d9f4fc9a84eda98409ed6af640,git_experiment,Rollback or runtime dependency for retained failure evidence; not accepted production,
Live2D/model-ren-asagiri/model/head_angles/archive/before_contour_direction_20260925/runtime/Ren_front.physics3.json,3349,1790334755985524000,0d91c3647cce05513d27ee5c20c12c25e838a67a7255263ca6bb25d1a6b84df9,git_experiment,Rollback or runtime dependency for retained failure evidence; not accepted production,
Live2D/model-ren-asagiri/model/head_angles/archive/before_contour_direction_20260925/runtime/Ren_front.2048/texture_00.png,2950970,1790334755984524200,846be881fc3ee75bd68c6b7af572e83674e7b740acb2146367238d8b57700c32,git_experiment,Rollback or runtime dependency for retained failure evidence; not accepted production,
Live2D/model-ren-asagiri/model/head_angles/archive/before_oblique_contour_20260925/README.md,4545,1790331451643383800,711679926b6e98faaa4feba517d4723f92ca0bcecb90b9eee565510373692247,git_experiment,Rollback or runtime dependency for retained failure evidence; not accepted production,
Live2D/model-ren-asagiri/model/head_angles/archive/before_oblique_contour_20260925/render_preview.py,12506,1790331200067008500,22debf4e96ee3684e3d5af5c24d548e45a9d668682ce4a9e0f9c5d939e6f9ab8,local_archive,Historical archive excluded by default; no deletion,
Live2D/model-ren-asagiri/model/head_angles/archive/before_oblique_contour_20260925/Ren_front.cmo3,9853838,1790330803105670000,56bddfd1bc889dd8af33def466515af09d65e2fdbf62d18e27215757247d1c0a,git_experiment,Rollback or runtime dependency for retained failure evidence; not accepted production,
Live2D/model-ren-asagiri/model/head_angles/archive/before_oblique_contour_20260925/test_report.md,3870,1790331451644384400,97bcd73d3b8cd7d94b139b9ccd36500e2f117460013160453ddde3a5dbd910b5,local_archive,Historical archive excluded by default; no deletion,
Live2D/model-ren-asagiri/model/head_angles/archive/before_oblique_contour_20260925/verification.json,25861,1790331318319034000,beb72679cbf9fe8cfc30fa215eb3fd30db32921aebb634855f2d4082a6ead63c,git_experiment,Rollback or runtime dependency for retained failure evidence; not accepted production,
Live2D/model-ren-asagiri/model/head_angles/archive/before_oblique_contour_20260925/verify_delivery.py,6394,1790331315661970000,cb7a261da55ae66a72792745ac4945b832c5cb4281acebd0caf4a91d4f765e3d,local_archive,Historical archive excluded by default; no deletion,
Live2D/model-ren-asagiri/model/head_angles/archive/before_oblique_contour_20260925/preview/animation_review.jpg,685996,1790331318305017300,100f27405cc55677f82ea72bd858ab5e724e8dd32c1aeeb4570acad4e12e115d,local_archive,Historical archive excluded by default; no deletion,
Live2D/model-ren-asagiri/model/head_angles/archive/before_oblique_contour_20260925/preview/baseline_neutral.png,676518,1790331202422602800,f5ba4d0ec6c1912d1775d329ad7687bd29e649637372d6da9680eaf0508e7424,local_archive,Historical archive excluded by default; no deletion,
Live2D/model-ren-asagiri/model/head_angles/archive/before_oblique_contour_20260925/preview/case_00.png,191442,1790331202553071600,ee70bdfeefe52fc022dff5eded73812487667784dce077c6382d167c3d730711,local_archive,Historical archive excluded by default; no deletion,
Live2D/model-ren-asagiri/model/head_angles/archive/before_oblique_contour_20260925/preview/case_01.png,184462,1790331202665424600,db8d1239fe3966b1b545692585e85f1f101026c171a23b786c9817c244c01ea8,git_experiment,Rollback or runtime dependency for retained failure evidence; not accepted production,
Live2D/model-ren-asagiri/model/head_angles/archive/before_oblique_contour_20260925/preview/case_02.png,191401,1790331202775362800,7688d3c6103014f7be1983faf52a4b814c6bd19760c400a819b7f26621460dec,local_archive,Historical archive excluded by default; no deletion,
Live2D/model-ren-asagiri/model/head_angles/archive/before_oblique_contour_20260925/preview/case_03.png,184516,1790331202883576800,1bccf5d58642e2f71f591628a6a16faf3ba714172a46201d33cc6650068de62e,git_experiment,Rollback or runtime dependency for retained failure evidence; not accepted production,
Live2D/model-ren-asagiri/model/head_angles/archive/before_oblique_contour_20260925/preview/case_04.png,184402,1790331202991831800,53fd0ed5618c60df8355b81178c7d3921227c6c001b845ab0dfadff2eb72c984,local_archive,Historical archive excluded by default; no deletion,
Live2D/model-ren-asagiri/model/head_angles/archive/before_oblique_contour_20260925/preview/case_05.png,184557,1790331203100396900,9f84db119fd7dd9f45edca9ebe31b464d0bb68d67222ef208b9ee18fecc4537b,local_archive,Historical archive excluded by default; no deletion,
Live2D/model-ren-asagiri/model/head_angles/archive/before_oblique_contour_20260925/preview/case_06.png,183626,1790331203212401400,a8c65a9f27779a1fc9de0172460c6f7db63fceadf87763c14d263583e3626232,local_archive,Historical archive excluded by default; no deletion,
Live2D/model-ren-asagiri/model/head_angles/archive/before_oblique_contour_20260925/preview/case_07.png,190537,1790331203323338400,bcb645024675b1c7b92f25b34af2708290869e6004bf69c28e5ae53335c2be02,local_archive,Historical archive excluded by default; no deletion,
Live2D/model-ren-asagiri/model/head_angles/archive/before_oblique_contour_20260925/preview/case_08.png,183921,1790331203434985000,191879b58f1c6e3932836a731745eb34262cf23c5ec3ef4a239c4b9bcfc379cb,local_archive,Historical archive excluded by default; no deletion,
Live2D/model-ren-asagiri/model/head_angles/archive/before_oblique_contour_20260925/preview/case_09.png,180277,1790331203543595300,186ca9b33a56dcaa850172087d63489c36e61b32489b96b7119787915b927fcf,local_archive,Historical archive excluded by default; no deletion,
Live2D/model-ren-asagiri/model/head_angles/archive/before_oblique_contour_20260925/preview/case_10.png,192093,1790331203652783500,60fc56086a7773b0d39603978dd206563b5de3ae13cae56c045d48c6cb0484f0,local_archive,Historical archive excluded by default; no deletion,
Live2D/model-ren-asagiri/model/head_angles/archive/before_oblique_contour_20260925/preview/case_11.png,184548,1790331203769680900,d6b4a4c123a5d5a507ee8b6a4b03f45b987d0775a024694193e872be9bf3abe9,local_archive,Historical archive excluded by default; no deletion,
Live2D/model-ren-asagiri/model/head_angles/archive/before_oblique_contour_20260925/preview/case_12.png,192361,1790331203879530500,acd5f99715c268f904d2dc41a071a30eb26cf8dfbd8ea85d08da5a75772204ea,local_archive,Historical archive excluded by default; no deletion,
Live2D/model-ren-asagiri/model/head_angles/archive/before_oblique_contour_20260925/preview/case_13.png,193372,1790331203989445300,527c0c7345f0b373d317a978e05ff9cd4195f2d7a8f34805e33859caadded135,local_archive,Historical archive excluded by default; no deletion,
Live2D/model-ren-asagiri/model/head_angles/archive/before_oblique_contour_20260925/preview/case_14.png,192933,1790331204099110300,e1340bcb6e258e5ea2ba0480eb4266fe5372da547da36248aa5a9200c0fccbca,local_archive,Historical archive excluded by default; no deletion,
Live2D/model-ren-asagiri/model/head_angles/archive/before_oblique_contour_20260925/preview/case_15.png,191087,1790331204206881500,47fa3ceb61b040d426b2edf0afeb497bcf9b5e1e6b1d55ea186e053f21e19409,local_archive,Historical archive excluded by default; no deletion,
Live2D/model-ren-asagiri/model/head_angles/archive/before_oblique_contour_20260925/preview/head_angles_review.jpg,823130,1790331204265178800,df322d63887a3f50805b4929199cfbf83260f124ac8f171a116866289c71d803,local_archive,Historical archive excluded by default; no deletion,
Live2D/model-ren-asagiri/model/head_angles/archive/before_oblique_contour_20260925/preview/neutral_comparison.jpg,107190,1790331204270419900,4e1539a51ec946731d1e5de3d317e9693f028276cebcdcf65c17492341114635,local_archive,Historical archive excluded by default; no deletion,
Live2D/model-ren-asagiri/model/head_angles/archive/before_oblique_contour_20260925/preview/neutral_full.png,676516,1790331202305303200,2af0c139067ef30d8ea3bc32d32ab62ecc64c2d3502817979e09ec075d9937db,local_archive,Historical archive excluded by default; no deletion,
Live2D/model-ren-asagiri/model/head_angles/archive/before_oblique_contour_20260925/preview/parameter_curve.json,160835,1790331245813950300,719f94d527cb920f4e2f5b4ab3a356afe0f6b3defb0059ce34e936dc0d1e3004,local_archive,Historical archive excluded by default; no deletion,
Live2D/model-ren-asagiri/model/head_angles/archive/before_oblique_contour_20260925/preview/reference_fit_comparison.jpg,313416,1790331204592249900,360acdb0ddc6056642b011a9ce6205afcdc75fcdaca4b0626e446611632c5c3f,local_archive,Historical archive excluded by default; no deletion,
Live2D/model-ren-asagiri/model/head_angles/archive/before_oblique_contour_20260925/preview/Ren_head_angles.gif,8517052,1790331231801174400,3057099ea09840e1f1f10436d36ba3f4456943e0e4d57e8e6f3e3149db5d5590,local_archive,Historical archive excluded by default; no deletion,
Live2D/model-ren-asagiri/model/head_angles/archive/before_oblique_contour_20260925/preview/Ren_head_angles.mp4,606907,1790331230272714700,38a2d8cc969c0914dab62f7b5fc1bde9d45438d43e65828dc558845ce2eda794,local_archive,Historical archive excluded by default; no deletion,
Live2D/model-ren-asagiri/model/head_angles/archive/before_oblique_contour_20260925/preview/verification.json,10646,1790331245814950600,6989debac237bb62e54e8cb058ae4bc1a2bc94351e493b9419893b390dc0385c,git_experiment,Rollback or runtime dependency for retained failure evidence; not accepted production,
Live2D/model-ren-asagiri/model/head_angles/archive/before_oblique_contour_20260925/runtime/Ren_front.cdi3.json,2354,1790330752984864500,795fe649836f904747d00d1d470a0b31779d0d93ea949a9c29bfbdda056c44c1,git_experiment,Rollback or runtime dependency for retained failure evidence; not accepted production,
Live2D/model-ren-asagiri/model/head_angles/archive/before_oblique_contour_20260925/runtime/Ren_front.moc3,108096,1790330752982866300,1b58ace867c0287e2dd9398ae13520d64098dc730e17a4932387f61ed615e4db,git_experiment,Rollback or runtime dependency for retained failure evidence; not accepted production,
Live2D/model-ren-asagiri/model/head_angles/archive/before_oblique_contour_20260925/runtime/Ren_front.model3.json,291,1790330752985863500,16921c6c2d69ceee1f2fb29bf27e78bafe7534d9f4fc9a84eda98409ed6af640,git_experiment,Rollback or runtime dependency for retained failure evidence; not accepted production,
Live2D/model-ren-asagiri/model/head_angles/archive/before_oblique_contour_20260925/runtime/Ren_front.physics3.json,3349,1790330752984864500,0d91c3647cce05513d27ee5c20c12c25e838a67a7255263ca6bb25d1a6b84df9,git_experiment,Rollback or runtime dependency for retained failure evidence; not accepted production,
Live2D/model-ren-asagiri/model/head_angles/archive/before_oblique_contour_20260925/runtime/Ren_front.2048/texture_00.png,2950970,1790330752984864500,846be881fc3ee75bd68c6b7af572e83674e7b740acb2146367238d8b57700c32,git_experiment,Rollback or runtime dependency for retained failure evidence; not accepted production,
Live2D/model-ren-asagiri/model/head_angles/archive/before_reference_fit_20260925/README.md,3588,1790323320492534500,ea1a6fd5fc1551693c2972e51a78307571ea3b94b280ef8031947dc5a299e7fe,git_experiment,Rollback or runtime dependency for retained failure evidence; not accepted production,
Live2D/model-ren-asagiri/model/head_angles/archive/before_reference_fit_20260925/render_preview.py,9376,1790322948924013000,4d6cf6b0b68b9b6d0cca61f1bd18d7ff50c131d46add1eba76aff93c1f8e9284,local_archive,Historical archive excluded by default; no deletion,
Live2D/model-ren-asagiri/model/head_angles/archive/before_reference_fit_20260925/Ren_front.cmo3,9848202,1790323121280888700,0f108fe11253da8dee00394c42171c12bb4150d3cd580248eabf883b4d73a28a,git_experiment,Rollback or runtime dependency for retained failure evidence; not accepted production,
Live2D/model-ren-asagiri/model/head_angles/archive/before_reference_fit_20260925/test_report.md,1962,1790323320493534100,b976278ddd670c5de5cc03619ffa1f88c023d461f20f7347eaebabb9c05821b3,local_archive,Historical archive excluded by default; no deletion,
Live2D/model-ren-asagiri/model/head_angles/archive/before_reference_fit_20260925/verification.json,17649,1790323322798103200,e0b3b06c603cb25064c84b5f9baabdcebb6738ca6c248da1d4493056bcfc74d6,git_experiment,Rollback or runtime dependency for retained failure evidence; not accepted production,
Live2D/model-ren-asagiri/model/head_angles/archive/before_reference_fit_20260925/verify_delivery.py,4622,1790323087412735100,7139f593ec4c1e5b97fd944d1c3cababc3f8239402d1ce640314e014272567c8,local_archive,Historical archive excluded by default; no deletion,
Live2D/model-ren-asagiri/model/head_angles/archive/before_reference_fit_20260925/preview/animation_review.jpg,683046,1790323322782082100,533934c9b0ed4eb9182b60557c36fa06f5c8ba29ab92c16c47c68b0df15504d9,local_archive,Historical archive excluded by default; no deletion,
Live2D/model-ren-asagiri/model/head_angles/archive/before_reference_fit_20260925/preview/baseline_neutral.png,676518,1790322952813687700,f5ba4d0ec6c1912d1775d329ad7687bd29e649637372d6da9680eaf0508e7424,local_archive,Historical archive excluded by default; no deletion,
Live2D/model-ren-asagiri/model/head_angles/archive/before_reference_fit_20260925/preview/case_00.png,191442,1790322952980558200,cad448db870effdff98a7e234f1ca284b35dcc96078d5c7e85bbe6460ae8181b,local_archive,Historical archive excluded by default; no deletion,
Live2D/model-ren-asagiri/model/head_angles/archive/before_reference_fit_20260925/preview/case_01.png,187099,1790322953159840700,b26b702dd836333c2a464070f39529199d6461266923f65e6dc0352c58b54c9a,git_experiment,Rollback or runtime dependency for retained failure evidence; not accepted production,
Live2D/model-ren-asagiri/model/head_angles/archive/before_reference_fit_20260925/preview/case_02.png,189948,1790322953297580300,8ac1b0ffcc3d497cb4b0eb73aa26a3ca45fb1b444335841b79ecf5b311d1100b,local_archive,Historical archive excluded by default; no deletion,
Live2D/model-ren-asagiri/model/head_angles/archive/before_reference_fit_20260925/preview/case_03.png,186654,1790322953441620200,d5b214c1dc47e11ca72ec5c3907e01bbd3618c21e5a5d03038913a31ecac310b,git_experiment,Rollback or runtime dependency for retained failure evidence; not accepted production,
Live2D/model-ren-asagiri/model/head_angles/archive/before_reference_fit_20260925/preview/case_04.png,187735,1790322953579414900,bad7854fc08d2aed85ad7f36c8e270167dd5d1c3758b87bc6fc4ce80035b2c0d,local_archive,Historical archive excluded by default; no deletion,
Live2D/model-ren-asagiri/model/head_angles/archive/before_reference_fit_20260925/preview/case_05.png,187456,1790322953721652500,727e439a77a5f1c1d3e0cb47db9a468933b577c014b7b98ed5ef9334ff4f3bd0,local_archive,Historical archive excluded by default; no deletion,
Live2D/model-ren-asagiri/model/head_angles/archive/before_reference_fit_20260925/preview/case_06.png,186887,1790322953875570000,f204e3d202f89b7f48b1e249935215cbe9c336a1c712ac44e10d6ccbe998ec9f,local_archive,Historical archive excluded by default; no deletion,
Live2D/model-ren-asagiri/model/head_angles/archive/before_reference_fit_20260925/preview/case_07.png,190533,1790322954027358500,32e6f86c2c6a676a6d4026d4b1beb90d921bc54150307ac32d1c14d6fbba42e0,local_archive,Historical archive excluded by default; no deletion,
Live2D/model-ren-asagiri/model/head_angles/archive/before_reference_fit_20260925/preview/case_08.png,187110,1790322954179536700,5d9cb85944f55d2a3db1a59859b4c99b16d9f619c4be166bf9b72dea43c1c7b0,local_archive,Historical archive excluded by default; no deletion,
Live2D/model-ren-asagiri/model/head_angles/archive/before_reference_fit_20260925/preview/case_09.png,182914,1790322954324967700,0909052c0eb63b5a52e1b4b6cbeecb82bcd001c4b86b3ae41fdabb0d8093f2c4,local_archive,Historical archive excluded by default; no deletion,
Live2D/model-ren-asagiri/model/head_angles/archive/before_reference_fit_20260925/preview/case_10.png,190412,1790322954475143100,1e41a350dd4d223b135e138849754529b059b202e46e5d8108f9f1d2e2d024a4,local_archive,Historical archive excluded by default; no deletion,
Live2D/model-ren-asagiri/model/head_angles/archive/before_reference_fit_20260925/preview/case_11.png,188030,1790322954637390700,1eedada47621ff04775dfb8bf088e8542843514153f44621de94e1fbc46860d3,local_archive,Historical archive excluded by default; no deletion,
Live2D/model-ren-asagiri/model/head_angles/archive/before_reference_fit_20260925/preview/case_12.png,192360,1790322954782921300,6482f330ebab83904e0f892804fa5d08ecf7f8d8dafd07564d1600eb0604d565,local_archive,Historical archive excluded by default; no deletion,
Live2D/model-ren-asagiri/model/head_angles/archive/before_reference_fit_20260925/preview/case_13.png,193372,1790322954929312700,527c0c7345f0b373d317a978e05ff9cd4195f2d7a8f34805e33859caadded135,local_archive,Historical archive excluded by default; no deletion,
Live2D/model-ren-asagiri/model/head_angles/archive/before_reference_fit_20260925/preview/case_14.png,192933,1790322955080787900,e1340bcb6e258e5ea2ba0480eb4266fe5372da547da36248aa5a9200c0fccbca,local_archive,Historical archive excluded by default; no deletion,
Live2D/model-ren-asagiri/model/head_angles/archive/before_reference_fit_20260925/preview/case_15.png,191088,1790322955226524000,5ee76aee905816d9829d5a10db1edabc14a11d0f570d10e530affc514db8207b,local_archive,Historical archive excluded by default; no deletion,
Live2D/model-ren-asagiri/model/head_angles/archive/before_reference_fit_20260925/preview/head_angles_review.jpg,828551,1790322955301785700,da965f109dd73a862687e0b591fe12d8315a62878d3646661de1ccc17ac7645c,local_archive,Historical archive excluded by default; no deletion,
Live2D/model-ren-asagiri/model/head_angles/archive/before_reference_fit_20260925/preview/neutral_comparison.jpg,107167,1790322955307300900,9ce7b5ef36aa738d07f6feea058cdca8e1c634b3d6a38b79785f5d115033e8ab,local_archive,Historical archive excluded by default; no deletion,
Live2D/model-ren-asagiri/model/head_angles/archive/before_reference_fit_20260925/preview/neutral_full.png,676510,1790322952671618200,b33e6a90aeeea7f237b55cbeea56b6b29f4395bf3cbc92784c0b1b97643dc2bc,local_archive,Historical archive excluded by default; no deletion,
Live2D/model-ren-asagiri/model/head_angles/archive/before_reference_fit_20260925/preview/parameter_curve.json,165761,1790322981440783300,29c8632f37c017be4066d36133eae545cbf749a53040aedcec49b4effc1e6f7a,local_archive,Historical archive excluded by default; no deletion,
Live2D/model-ren-asagiri/model/head_angles/archive/before_reference_fit_20260925/preview/Ren_head_angles.gif,8522588,1790322981429876400,e54296be9ec469a2ca7068af95aa35e62d54bcf1268503aeade35458ac7fecdc,local_archive,Historical archive excluded by default; no deletion,
Live2D/model-ren-asagiri/model/head_angles/archive/before_reference_fit_20260925/preview/Ren_head_angles.mp4,588314,1790322979826701400,027c3d7767276487afed2cca709d5613f8637e8a495d9326d4d951715869e88e,local_archive,Historical archive excluded by default; no deletion,
Live2D/model-ren-asagiri/model/head_angles/archive/before_reference_fit_20260925/preview/verification.json,9593,1790322981441783900,c50b9f0ccc97f24fc043f11a7e8f7a1fd85c1a65eb43f451365b251eadba330f,git_experiment,Rollback or runtime dependency for retained failure evidence; not accepted production,
Live2D/model-ren-asagiri/model/head_angles/archive/before_reference_fit_20260925/runtime/Ren_front.cdi3.json,2354,1790322892556134700,795fe649836f904747d00d1d470a0b31779d0d93ea949a9c29bfbdda056c44c1,git_experiment,Rollback or runtime dependency for retained failure evidence; not accepted production,
Live2D/model-ren-asagiri/model/head_angles/archive/before_reference_fit_20260925/runtime/Ren_front.moc3,103488,1790322892554136600,acb75ca562125afea151144bf5fd739f9fff11f0eb6c452ef0d42832821ee3f5,git_experiment,Rollback or runtime dependency for retained failure evidence; not accepted production,
Live2D/model-ren-asagiri/model/head_angles/archive/before_reference_fit_20260925/runtime/Ren_front.model3.json,291,1790322892556134700,16921c6c2d69ceee1f2fb29bf27e78bafe7534d9f4fc9a84eda98409ed6af640,git_experiment,Rollback or runtime dependency for retained failure evidence; not accepted production,
Live2D/model-ren-asagiri/model/head_angles/archive/before_reference_fit_20260925/runtime/Ren_front.physics3.json,3349,1790322892556134700,0d91c3647cce05513d27ee5c20c12c25e838a67a7255263ca6bb25d1a6b84df9,git_experiment,Rollback or runtime dependency for retained failure evidence; not accepted production,
Live2D/model-ren-asagiri/model/head_angles/archive/before_reference_fit_20260925/runtime/Ren_front.2048/texture_00.png,2950970,1790322892555135300,846be881fc3ee75bd68c6b7af572e83674e7b740acb2146367238d8b57700c32,git_experiment,Rollback or runtime dependency for retained failure evidence; not accepted production,
Live2D/model-ren-asagiri/model/head_angles/archive/before_tilted_reference_20260926/compare_reference.py,1954,1790338100788442800,5d7a9896ae857d77d10bbe0c0a56d50f77a10b58115ba724cf3fd1ac54b605ea,local_archive,Historical archive excluded by default; no deletion,
Live2D/model-ren-asagiri/model/head_angles/archive/before_tilted_reference_20260926/README.md,7280,1790338598897574500,e1d9ceba1fe735c754cc8c1625101a44b7131d2c52adeba2c84c16bc342c808c,git_experiment,Rollback or runtime dependency for retained failure evidence; not accepted production,
Live2D/model-ren-asagiri/model/head_angles/archive/before_tilted_reference_20260926/render_preview.py,14646,1790336686417763100,686be203a72216eead97f99be94f51a61dfb8029edac1a11c3590f942d2948ca,local_archive,Historical archive excluded by default; no deletion,
Live2D/model-ren-asagiri/model/head_angles/archive/before_tilted_reference_20260926/Ren_front.cmo3,9861146,1790339649545212800,04442b93fe9db4c523299af07ed356a7da7856f8457cbc20d0fa270127d032ce,git_experiment,Rollback or runtime dependency for retained failure evidence; not accepted production,
Live2D/model-ren-asagiri/model/head_angles/archive/before_tilted_reference_20260926/test_report.md,12449,1790338598897574500,f3343fc8564e5833f0e4bcce08c9a184dbf3d67c93e9320287fc7eb94e9d5384,local_archive,Historical archive excluded by default; no deletion,
Live2D/model-ren-asagiri/model/head_angles/archive/before_tilted_reference_20260926/verification.json,34142,1790338265308663200,97916bb053d85954a3054b6f00bb6e790b477997f7a73bc933c4fdfb304b9b86,git_experiment,Rollback or runtime dependency for retained failure evidence; not accepted production,
Live2D/model-ren-asagiri/model/head_angles/archive/before_tilted_reference_20260926/verify_delivery.py,7498,1790338100789443000,54f9b994b65db0c574c0904a2765d07a39d03eaab9623597c02f36b84efe72ca,local_archive,Historical archive excluded by default; no deletion,
Live2D/model-ren-asagiri/model/head_angles/archive/before_tilted_reference_20260926/preview/animation_review.jpg,682804,1790338265291136500,35e48de7536e970a94369b830482cdd41b957018ec51d9109887b5aa3a096ef2,local_archive,Historical archive excluded by default; no deletion,
Live2D/model-ren-asagiri/model/head_angles/archive/before_tilted_reference_20260926/preview/baseline_neutral.png,676518,1790338122745882700,f5ba4d0ec6c1912d1775d329ad7687bd29e649637372d6da9680eaf0508e7424,local_archive,Historical archive excluded by default; no deletion,
Live2D/model-ren-asagiri/model/head_angles/archive/before_tilted_reference_20260926/preview/case_00.png,191442,1790338122904395000,f04d34adea702fe9d62c4de84f707a0061b2dbee87965d923abf784bb25a5c63,local_archive,Historical archive excluded by default; no deletion,
Live2D/model-ren-asagiri/model/head_angles/archive/before_tilted_reference_20260926/preview/case_01.png,185643,1790338123082479000,b1d7d8efe3b493ce6befa2a6ffc2d53bd5a6b9f677bd0a3c2b532e74f4f097c2,git_experiment,Rollback or runtime dependency for retained failure evidence; not accepted production,
Live2D/model-ren-asagiri/model/head_angles/archive/before_tilted_reference_20260926/preview/case_02.png,191394,1790338123228608900,efee6f50c2101ac4e5dd4f9beb6dd96f14f5af09456ccc56382f65352d42a1ba,local_archive,Historical archive excluded by default; no deletion,
Live2D/model-ren-asagiri/model/head_angles/archive/before_tilted_reference_20260926/preview/case_03.png,185359,1790338123419716300,48d1f387539840b22cf8d54439270bcadc8e976e55c3a5d8e964bbef6acdf3f5,git_experiment,Rollback or runtime dependency for retained failure evidence; not accepted production,
Live2D/model-ren-asagiri/model/head_angles/archive/before_tilted_reference_20260926/preview/case_04.png,185323,1790338123572316100,2b071467001960283ca04d5c9e820c04f64777016fe9c4e8538bd0407c0b1061,local_archive,Historical archive excluded by default; no deletion,
Live2D/model-ren-asagiri/model/head_angles/archive/before_tilted_reference_20260926/preview/case_05.png,185191,1790338123730072800,8a854eb48175b44ac50eaaa12d644b51c61a583f3f3106c55b292a79feb16c2a,local_archive,Historical archive excluded by default; no deletion,
Live2D/model-ren-asagiri/model/head_angles/archive/before_tilted_reference_20260926/preview/case_06.png,184345,1790338123911854500,7ed5e7ceac115bc69dc115aa1b007ce23c312bb02f01992946ccb88c3e65a337,local_archive,Historical archive excluded by default; no deletion,
Live2D/model-ren-asagiri/model/head_angles/archive/before_tilted_reference_20260926/preview/case_07.png,190539,1790338124122750800,a6f6bcff56afc71c753e8ebc60f54b89c6f66dad009ceed242a355f6f4d544f5,local_archive,Historical archive excluded by default; no deletion,
Live2D/model-ren-asagiri/model/head_angles/archive/before_tilted_reference_20260926/preview/case_08.png,184540,1790338124267160300,a92537ae5bc23889231c7d15f2931a9f5171ceae8b30f948ba5fe069c9253949,local_archive,Historical archive excluded by default; no deletion,
Live2D/model-ren-asagiri/model/head_angles/archive/before_tilted_reference_20260926/preview/case_09.png,180847,1790338124427530900,527165b8872bd7d133ad5eedbb9c62689d5d62a59c20270f7059cf339ab24de6,local_archive,Historical archive excluded by default; no deletion,
Live2D/model-ren-asagiri/model/head_angles/archive/before_tilted_reference_20260926/preview/case_10.png,192089,1790338124602122200,96413910ce452b7c364dddf38ae2e1b1e1b749eeef1a690ba036346b6dc5c827,local_archive,Historical archive excluded by default; no deletion,
Live2D/model-ren-asagiri/model/head_angles/archive/before_tilted_reference_20260926/preview/case_11.png,185317,1790338124765061500,66236af09f20886d74e1016190d5bfadb8691dd74f9c899bbbe95d2c1cbcacc9,local_archive,Historical archive excluded by default; no deletion,
Live2D/model-ren-asagiri/model/head_angles/archive/before_tilted_reference_20260926/preview/case_12.png,192354,1790338124921149900,63ad39fdfe27204a564081ea068c6f36dc2310c52d02933ed29a2f29554b1234,local_archive,Historical archive excluded by default; no deletion,
Live2D/model-ren-asagiri/model/head_angles/archive/before_tilted_reference_20260926/preview/case_13.png,193373,1790338125086308000,305baf07a33a327607a3114162134a7a4a084c3b3f4843a7b6b6559e05a5c1e8,local_archive,Historical archive excluded by default; no deletion,
Live2D/model-ren-asagiri/model/head_angles/archive/before_tilted_reference_20260926/preview/case_14.png,192941,1790338125239521400,8905aec7e2b2b36789e94dd26ed9ce5cdee9b35445e61803d3b6a9a166171c7d,local_archive,Historical archive excluded by default; no deletion,
Live2D/model-ren-asagiri/model/head_angles/archive/before_tilted_reference_20260926/preview/case_15.png,191086,1790338125409627700,496a08fa657a2ece8375f60aa53fb17b275b2155020377197310d4895cdadc99,local_archive,Historical archive excluded by default; no deletion,
Live2D/model-ren-asagiri/model/head_angles/archive/before_tilted_reference_20260926/preview/contour_direction_comparison.jpg,314885,1790338127053419300,c9789388c949fefd0a5c95dd1d0c87532cc657a585baf15a257dcbef8a60e38a,local_archive,Historical archive excluded by default; no deletion,
Live2D/model-ren-asagiri/model/head_angles/archive/before_tilted_reference_20260926/preview/head_angles_review.jpg,823639,1790338125491034200,9fb48fad5f97ef9472f70e36e9e453ba6ccd13a7c4dac4f496aae8d8fc6906d2,local_archive,Historical archive excluded by default; no deletion,
Live2D/model-ren-asagiri/model/head_angles/archive/before_tilted_reference_20260926/preview/neutral_comparison.jpg,107190,1790338125498525600,99826de7f84f9aec61eb4616cb68a43a80d81b712f237c51c46c5c8707ecf467,local_archive,Historical archive excluded by default; no deletion,
Live2D/model-ren-asagiri/model/head_angles/archive/before_tilted_reference_20260926/preview/neutral_full.png,676517,1790338122609341800,96d85f7fc26e3a848c6351d0152b211eb6d24be62d5034edb48584c44ecb074e,local_archive,Historical archive excluded by default; no deletion,
Live2D/model-ren-asagiri/model/head_angles/archive/before_tilted_reference_20260926/preview/oblique_contour_comparison.jpg,314229,1790338126555557900,3a0962e564871158ae1bf3f13492e1df860081bfa982fe01c8bbbf1d56a64e4f,local_archive,Historical archive excluded by default; no deletion,
Live2D/model-ren-asagiri/model/head_angles/archive/before_tilted_reference_20260926/preview/parameter_curve.json,160835,1790338187259992200,719f94d527cb920f4e2f5b4ab3a356afe0f6b3defb0059ce34e936dc0d1e3004,local_archive,Historical archive excluded by default; no deletion,
Live2D/model-ren-asagiri/model/head_angles/archive/before_tilted_reference_20260926/preview/reference_alignment.json,620,1790338201476748300,9ec9054ceec4fc4b28d613d2a427a5d9b27bc42610e587e5658648f7be745c86,local_archive,Historical archive excluded by default; no deletion,
Live2D/model-ren-asagiri/model/head_angles/archive/before_tilted_reference_20260926/preview/reference_contour_comparison.jpg,173365,1790338201476748300,eb0c14c665992a2211d87f983a0fdfc3600a23bd8f9073b39bb2c60eb4ee841e,local_archive,Historical archive excluded by default; no deletion,
Live2D/model-ren-asagiri/model/head_angles/archive/before_tilted_reference_20260926/preview/reference_fit_comparison.jpg,313580,1790338126022434400,e570bc13866587070eb6422fa5339acbba65db00470145c8af123b0b7e75efae,local_archive,Historical archive excluded by default; no deletion,
Live2D/model-ren-asagiri/model/head_angles/archive/before_tilted_reference_20260926/preview/render.log,5164,1790338187307279300,a604b53289b6d717739c3c16da7769927ac56efea266d86839827fc09b7ad30b,local_archive,Historical archive excluded by default; no deletion,
Live2D/model-ren-asagiri/model/head_angles/archive/before_tilted_reference_20260926/preview/render_oblique.log,4623,1790334850310061500,f6cb26ef9c0e154ec2f6000c8ff8421c335b88ef367e6f22bb379e631f64ed68,local_archive,Historical archive excluded by default; no deletion,
Live2D/model-ren-asagiri/model/head_angles/archive/before_tilted_reference_20260926/preview/Ren_head_angles.gif,8417571,1790338172240792000,18ad6f2ee7c740adf341583b9e8d7d18a608b599971b0b5ce92cf5048e3de0e5,local_archive,Historical archive excluded by default; no deletion,
Live2D/model-ren-asagiri/model/head_angles/archive/before_tilted_reference_20260926/preview/Ren_head_angles.mp4,614824,1790338170587748400,214905363eba25b225afd311005f82830d46e587f1b47e024dfbb630621f323d,local_archive,Historical archive excluded by default; no deletion,
Live2D/model-ren-asagiri/model/head_angles/archive/before_tilted_reference_20260926/preview/verification.json,18440,1790338187259992200,a7121fe64e5c5ac292d012cad8311857d5d09c1331d5af53ebdc746d02b21ec1,git_experiment,Rollback or runtime dependency for retained failure evidence; not accepted production,
Live2D/model-ren-asagiri/model/head_angles/archive/before_tilted_reference_20260926/runtime/Ren_front.cdi3.json,2354,1790338064393500500,795fe649836f904747d00d1d470a0b31779d0d93ea949a9c29bfbdda056c44c1,git_experiment,Rollback or runtime dependency for retained failure evidence; not accepted production,
Live2D/model-ren-asagiri/model/head_angles/archive/before_tilted_reference_20260926/runtime/Ren_front.moc3,113728,1790338064390494600,3e9af4352dbe2fad02115fab69a241eea29f8ad006abb97fcb320e0705dfffa9,git_experiment,Rollback or runtime dependency for retained failure evidence; not accepted production,
Live2D/model-ren-asagiri/model/head_angles/archive/before_tilted_reference_20260926/runtime/Ren_front.model3.json,291,1790338064393500500,16921c6c2d69ceee1f2fb29bf27e78bafe7534d9f4fc9a84eda98409ed6af640,git_experiment,Rollback or runtime dependency for retained failure evidence; not accepted production,
Live2D/model-ren-asagiri/model/head_angles/archive/before_tilted_reference_20260926/runtime/Ren_front.physics3.json,3349,1790338064393500500,0d91c3647cce05513d27ee5c20c12c25e838a67a7255263ca6bb25d1a6b84df9,git_experiment,Rollback or runtime dependency for retained failure evidence; not accepted production,
Live2D/model-ren-asagiri/model/head_angles/archive/before_tilted_reference_20260926/runtime/Ren_front.2048/texture_00.png,2950970,1790338064392502100,846be881fc3ee75bd68c6b7af572e83674e7b740acb2146367238d8b57700c32,git_experiment,Rollback or runtime dependency for retained failure evidence; not accepted production,
Live2D/model-ren-asagiri/model/head_angles/preview/animation_review.jpg,680931,1790386295802510900,098028042bb07bf0f098a1104e7e18b0656abf4a624fe2577dad602503ab6e1c,git_experiment,"Unaccepted contour/angle experiment, code and comparison evidence",
Live2D/model-ren-asagiri/model/head_angles/preview/baseline_neutral.png,676518,1790385910117242900,f5ba4d0ec6c1912d1775d329ad7687bd29e649637372d6da9680eaf0508e7424,git_experiment,"Unaccepted contour/angle experiment, code and comparison evidence",
Live2D/model-ren-asagiri/model/head_angles/preview/before_tilted_reference_case_01.png,185643,1790385910437204900,b1d7d8efe3b493ce6befa2a6ffc2d53bd5a6b9f677bd0a3c2b532e74f4f097c2,git_experiment,"Unaccepted contour/angle experiment, code and comparison evidence",
Live2D/model-ren-asagiri/model/head_angles/preview/before_tilted_reference_case_03.png,185359,1790385910731275000,48d1f387539840b22cf8d54439270bcadc8e976e55c3a5d8e964bbef6acdf3f5,git_experiment,"Unaccepted contour/angle experiment, code and comparison evidence",
Live2D/model-ren-asagiri/model/head_angles/preview/case_00.png,191434,1790385910253791600,9bb879dbdc7dec3f5af0d62021f4c02d76f0ce41f8096a3352ccbc3e15f4e304,git_experiment,Direct or globbed input to retained verifier; preserve full case set,
Live2D/model-ren-asagiri/model/head_angles/preview/case_01.png,189085,1790385910369201500,5a792ce62f8111dfbf64e6c46341cdbc6f0fa2bf1ba4fe317c7ea34c5199144d,git_experiment,Direct input to retained comparison scripts,
Live2D/model-ren-asagiri/model/head_angles/preview/case_01_unrotated_reference_overlay_50.png,220153,1790385674762739800,4eee898a05c1f57c99b59540bf167a9a4088c907b9ea7e319630e916dfdb5abe,git_experiment,"Unaccepted contour/angle experiment, code and comparison evidence",
Live2D/model-ren-asagiri/model/head_angles/preview/case_02.png,191391,1790385910551252300,844f0694b361ac838c2f41850bb926952bd5cf9b1d920b2379159ee4d83eb2bb,git_experiment,Direct or globbed input to retained verifier; preserve full case set,
Live2D/model-ren-asagiri/model/head_angles/preview/case_03.png,187887,1790385910665762900,592b0a5774b2208d57971e93a6d6eebd23078921f327b22ec19a47b0711ca648,git_experiment,Direct input to retained comparison scripts,
Live2D/model-ren-asagiri/model/head_angles/preview/case_03_mirrored_geometry_reference_overlay_50.png,219967,1790385674798247000,f9687eb1d3b3ee14f4762ef71a00f560b75dea39786389d1eb56fc970e1e546c,git_experiment,"Unaccepted contour/angle experiment, code and comparison evidence",
Live2D/model-ren-asagiri/model/head_angles/preview/case_03_unrotated_reference_overlay_50.png,234539,1790385441244512300,98b453b779812043590575a332526d909275a35f15533e15ee4313ac7e3481a7,git_experiment,"Unaccepted contour/angle experiment, code and comparison evidence",
Live2D/model-ren-asagiri/model/head_angles/preview/case_04.png,185324,1790385910848794400,2082f28f471aaa698383a7cbb7fd4aec8a94277e5f83c1a405afdfafa3918380,git_experiment,Direct or globbed input to retained verifier; preserve full case set,
Live2D/model-ren-asagiri/model/head_angles/preview/case_05.png,185199,1790385910966107500,cdaa56b36c10b758333910f9fff36f5bcef1265989b5e03850a04f7508e1433c,git_experiment,Direct or globbed input to retained verifier; preserve full case set,
Live2D/model-ren-asagiri/model/head_angles/preview/case_06.png,184342,1790385911081119600,3151ed1066629576330ae7e9ab610b56af44d0c2f443c9c2ab98c0ad14d2af66,git_experiment,Direct or globbed input to retained verifier; preserve full case set,
Live2D/model-ren-asagiri/model/head_angles/preview/case_07.png,190532,1790385911195541600,65abc2e094a624dd30f9875f883975119a2d41c1330cd1f346da7dda6a8297df,git_experiment,Direct or globbed input to retained verifier; preserve full case set,
Live2D/model-ren-asagiri/model/head_angles/preview/case_08.png,184532,1790385911309062100,fe614c0d3c862664b2bfc63193d6c2e108c0621af0c5cf2b65188f044c81ceb4,git_experiment,Direct or globbed input to retained verifier; preserve full case set,
Live2D/model-ren-asagiri/model/head_angles/preview/case_09.png,180859,1790385911422576500,dba35b4fa50dfb44f3cd0ecefa780d975008b1818451ab8da13a3b186e442d8f,git_experiment,Direct or globbed input to retained verifier; preserve full case set,
Live2D/model-ren-asagiri/model/head_angles/preview/case_10.png,192082,1790385911536596500,4a23eb5377875832dd1ca29107a5caf074b10b0aedeabe4b36dc136097db2559,git_experiment,Direct or globbed input to retained verifier; preserve full case set,
Live2D/model-ren-asagiri/model/head_angles/preview/case_11.png,185315,1790385911649819200,554d522dd17472efc9d38b76dbe8c4c127c22693e03440483501da56ba2434fa,git_experiment,Direct or globbed input to retained verifier; preserve full case set,
Live2D/model-ren-asagiri/model/head_angles/preview/case_12.png,192355,1790385911764339900,92d829c7ae293626e5549ea118652a50aa5b1ec301fe35d915fcebbe7bfa534a,git_experiment,Direct or globbed input to retained verifier; preserve full case set,
Live2D/model-ren-asagiri/model/head_angles/preview/case_13.png,193345,1790385911880360600,0232701d4d4d7ccc425fdaabf6c519e5e1770d7fd05e6db4b208badb42c985ef,git_experiment,Direct or globbed input to retained verifier; preserve full case set,
Live2D/model-ren-asagiri/model/head_angles/preview/case_14.png,192953,1790385911996661100,17755b79c68c9698cf1c3014d7643a19c75d953d92bf2cec2627a724d7c4f00b,git_experiment,Direct or globbed input to retained verifier; preserve full case set,
Live2D/model-ren-asagiri/model/head_angles/preview/case_15.png,191098,1790385912140262500,08a4da4dcfb6e232716b03d4cd83a717463f2ebd85d7308d0129347d23fb451b,git_experiment,Direct or globbed input to retained verifier; preserve full case set,
Live2D/model-ren-asagiri/model/head_angles/preview/contour_direction_comparison.jpg,315235,1790385914202598800,6956d2cbbda87d72077cb8e034176b8da75cea75757a70b882255bdff797c165,git_experiment,"Unaccepted contour/angle experiment, code and comparison evidence",
Live2D/model-ren-asagiri/model/head_angles/preview/head_angles_review.jpg,824115,1790385912232275700,f3b33ecb2d004f1dbe7690f76d2e512b5b5c77afe1080b8d33b90fa91da63f26,git_experiment,"Unaccepted contour/angle experiment, code and comparison evidence",
Live2D/model-ren-asagiri/model/head_angles/preview/neutral_comparison.jpg,107184,1790385912847642200,1416cf2802ec366d45cfc4abfc4727192a74c2e54ee18a01403d21708ac8c9c8,git_experiment,"Unaccepted contour/angle experiment, code and comparison evidence",
Live2D/model-ren-asagiri/model/head_angles/preview/neutral_full.png,676514,1790385910002228100,100f43203b883d084dccaf3985c135214badf9b7d8aa25de16d205d258a66558,git_experiment,"Unaccepted contour/angle experiment, code and comparison evidence",
Live2D/model-ren-asagiri/model/head_angles/preview/oblique_contour_comparison.jpg,314648,1790385913762890700,1564ea83a155543672bcd42c2616f5368ae2288d763cca92cf37abf130d519c8,git_experiment,"Unaccepted contour/angle experiment, code and comparison evidence",
Live2D/model-ren-asagiri/model/head_angles/preview/oblique_endpoint_expression_contact_sheet.jpg,419304,1790385912841646700,c78cb46f902fb69e7475dd4a9e1f27c70f7ff77a73bcbcc7fe178cd3a938b98c,git_experiment,"Unaccepted contour/angle experiment, code and comparison evidence",
Live2D/model-ren-asagiri/model/head_angles/preview/parameter_curve.json,160824,1790385990739185100,7398a1c8b9ef2b3dee00a4a83b488dd372f1e43254a9d9b205c99f20211596ff,git_experiment,"Unaccepted contour/angle experiment, code and comparison evidence",
Live2D/model-ren-asagiri/model/head_angles/preview/reference_alignment.json,620,1790338201476748300,9ec9054ceec4fc4b28d613d2a427a5d9b27bc42610e587e5658648f7be745c86,git_experiment,"Unaccepted contour/angle experiment, code and comparison evidence",
Live2D/model-ren-asagiri/model/head_angles/preview/reference_contour_comparison.jpg,173365,1790338201476748300,eb0c14c665992a2211d87f983a0fdfc3600a23bd8f9073b39bb2c60eb4ee841e,git_experiment,"Unaccepted contour/angle experiment, code and comparison evidence",
Live2D/model-ren-asagiri/model/head_angles/preview/reference_fit_comparison.jpg,314004,1790385913303668200,baed9c74f1f58b8cb5a3ef7585eae5d06fa1985d864e83c6f33267f9fc109a47,git_experiment,"Unaccepted contour/angle experiment, code and comparison evidence",
Live2D/model-ren-asagiri/model/head_angles/preview/render.log,5164,1790338187307279300,a604b53289b6d717739c3c16da7769927ac56efea266d86839827fc09b7ad30b,archive_generated_log,Superseded render console log; structured verification retained,Live2D/archive/20260928-generated-previews/model-ren-asagiri/model/head_angles/preview/render.log
Live2D/model-ren-asagiri/model/head_angles/preview/render_oblique.log,4623,1790334850310061500,f6cb26ef9c0e154ec2f6000c8ff8421c335b88ef367e6f22bb379e631f64ed68,archive_generated_log,Superseded render console log; structured verification retained,Live2D/archive/20260928-generated-previews/model-ren-asagiri/model/head_angles/preview/render_oblique.log
Live2D/model-ren-asagiri/model/head_angles/preview/Ren_head_angles.gif,8715368,1790385978337894100,b3994884022e347b14c6b162a0b5e1256937c4deeb6d2e58c9b3019df39d7f22,git_experiment,"Unaccepted contour/angle experiment, code and comparison evidence",
Live2D/model-ren-asagiri/model/head_angles/preview/Ren_head_angles.mp4,632780,1790385976783022600,f507718c2b19f62ad823efe4099cdbbabdb120dbe134e913f340a197d24dcf5b,git_experiment,"Unaccepted contour/angle experiment, code and comparison evidence",
Live2D/model-ren-asagiri/model/head_angles/preview/tilted_reference_before_current_comparison.jpg,418224,1790385674815251300,44033cafc12bad1084d94309fb118ee35afe61141c66aafaeafe6877cce46177,git_experiment,"Unaccepted contour/angle experiment, code and comparison evidence",
Live2D/model-ren-asagiri/model/head_angles/preview/tilted_reference_comparison.json,817,1790385674816249700,06bae526a8445506e5adb88eeea647fbce4a9a7634e0280aadec3b9825ff25e7,git_experiment,"Unaccepted contour/angle experiment, code and comparison evidence",
Live2D/model-ren-asagiri/model/head_angles/preview/today_baseline_pixel_diagnosis.json,32738,1790385782891672500,452e84cae0f003417c37abfe49007d0a3cc38b4e454cb15bbf7fa2ff2da2b4d8,git_experiment,"Unaccepted contour/angle experiment, code and comparison evidence",
Live2D/model-ren-asagiri/model/head_angles/preview/today_baseline_regression_failure.json,42798,1790385741272576200,b3997fcdaad90a9aac66465424da8355b14030ff03a422fd1ccc89fcd56f14bf,git_experiment,"Unaccepted contour/angle experiment, code and comparison evidence",
Live2D/model-ren-asagiri/model/head_angles/preview/today_baseline_x0_y-6_blink_aa_exception_20x.png,5962,1790385781334559000,e60eeb5001d3653dffb0a8823d8980eca331c536e192b322c1224d97bee8733a,git_experiment,"Unaccepted contour/angle experiment, code and comparison evidence",
Live2D/model-ren-asagiri/model/head_angles/preview/verification.json,62404,1790385990740183700,37555c82a681219eeb310b0eeedae52636f022452f0e4ec2e088ac132e670207,git_experiment,"Unaccepted contour/angle experiment, code and comparison evidence",
Live2D/model-ren-asagiri/model/head_angles/reference_overlay/build_reference_overlay.py,6817,1790383770480753000,1428b939efe97adc575e1c71b628457d69e4915d6514a715c56e176edaeea7d4,git_experiment,"Unaccepted contour/angle experiment, code and comparison evidence",
Live2D/model-ren-asagiri/model/head_angles/reference_overlay/build_reference_overlay_psd.js,3961,1790383656534207700,4e89b36ee29d814b403830200f338e6dc7582b52e9bed5ab7c4f62a89b0191b1,git_experiment,"Unaccepted contour/angle experiment, code and comparison evidence",
Live2D/model-ren-asagiri/model/head_angles/reference_overlay/case_01_reference_crop_comparison.png,315425,1790383780546750400,17633deab497a9b2b583be984c024bb1731c931f8a51d97ebefcdb51fb330148,git_experiment,"Unaccepted contour/angle experiment, code and comparison evidence",
Live2D/model-ren-asagiri/model/head_angles/reference_overlay/IMPLEMENTATION_NOTES.md,2864,1790385340226730400,f7cd6d31b9f1a3de4ab31be162587e1a82c41d2eb01d322c7fecac2fdaaa1738,git_experiment,"Unaccepted contour/angle experiment, code and comparison evidence",
Live2D/model-ren-asagiri/model/head_angles/reference_overlay/NEXT_PARTS_PREPARATION.md,2459,1790385427954507200,c4cd259b119077218955f2b6ec5bb96726608aa56b3212600757329736d5b5d5,git_experiment,"Unaccepted contour/angle experiment, code and comparison evidence",
Live2D/model-ren-asagiri/model/head_angles/reference_overlay/oblique_nod_reference_overlay.psd,5491986,1790383780874215500,382233bd1bd48cbe09ac2324ff7a4833333cf03c7b9fca0f90a5d17ffc44baaa,git_experiment,"Unaccepted contour/angle experiment, code and comparison evidence",
Live2D/model-ren-asagiri/model/head_angles/reference_overlay/psd_readback_verification.json,877,1790383780998784200,c8fe2ded8e6ccee7a127a42dac0c6f2fa0d5ac843c43903cb41f86cb21dfcf6c,git_experiment,"Unaccepted contour/angle experiment, code and comparison evidence",
Live2D/model-ren-asagiri/model/head_angles/reference_overlay/reference_left_case_01_crop.png,142164,1790383780520599900,f6e078313403feb623facd977cfe7362c061c58fdad65b1a5bb249328349e083,git_experiment,"Unaccepted contour/angle experiment, code and comparison evidence",
Live2D/model-ren-asagiri/model/head_angles/reference_overlay/reference_left_fullcanvas.png,1174502,1790383780315373100,5396624b26bd9773c5b6f755dd4971c6359240d2ec0b4b01492650a020f4f99c,git_experiment,"Unaccepted contour/angle experiment, code and comparison evidence",
Live2D/model-ren-asagiri/model/head_angles/reference_overlay/reference_left_scaled.png,1012797,1790383780050396200,6000c693170c01c97d0d9ab77172b51da6435ecf28f53abfd5738086f028b8db,git_experiment,"Unaccepted contour/angle experiment, code and comparison evidence",
Live2D/model-ren-asagiri/model/head_angles/reference_overlay/reference_overlay_manifest.json,5457,1790383780998784200,17b76b7a6f894e1a5ce1de23340a4afc5736aab3b6f26f9b176743f7c5242e7d,git_experiment,"Unaccepted contour/angle experiment, code and comparison evidence",
Live2D/model-ren-asagiri/model/head_angles/reference_overlay/reference_right_mirrored_geometry_guide_fullcanvas.png,1173007,1790383780499926900,456c0bc195abb9be9ee22a9c77644fc5b68c62eac02394f9751ad3d7269cf42d,git_experiment,"Unaccepted contour/angle experiment, code and comparison evidence",
Live2D/model-ren-asagiri/model/head_angles/reference_overlay/reference_right_mirrored_geometry_guide_scaled.png,1011671,1790383780130397800,f60f2fd92586b56baaf6d0e6e143fdf72f892ecafd0960b6632e6fc6529301a4,git_experiment,"Unaccepted contour/angle experiment, code and comparison evidence",
Live2D/model-ren-asagiri/model/head_angles/reference_overlay/source_landmarks_numbered.png,591678,1790383780601197200,56e960a73fc320e2e3b4176abba705acc4483c8543e8d3d15f572a44a79d36b7,git_experiment,"Unaccepted contour/angle experiment, code and comparison evidence",
Live2D/model-ren-asagiri/model/head_angles/runtime/Ren_front.cdi3.json,2428,1790385128792409300,dada9e7d808200697ce0a61e4efc745651e2a1f728c7a20cf76f3fd521885609,git_experiment,"Unaccepted contour/angle experiment, code and comparison evidence",
Live2D/model-ren-asagiri/model/head_angles/runtime/Ren_front.moc3,116096,1790385128790407800,c092ef79d0d855bab277ac497f5c1e4f7011eb43d0696e7a8deb15c3d2b0395a,git_experiment,"Unaccepted contour/angle experiment, code and comparison evidence",
Live2D/model-ren-asagiri/model/head_angles/runtime/Ren_front.model3.json,291,1790385128792409300,16921c6c2d69ceee1f2fb29bf27e78bafe7534d9f4fc9a84eda98409ed6af640,git_experiment,"Unaccepted contour/angle experiment, code and comparison evidence",
Live2D/model-ren-asagiri/model/head_angles/runtime/Ren_front.physics3.json,3349,1790385128791410100,0d91c3647cce05513d27ee5c20c12c25e838a67a7255263ca6bb25d1a6b84df9,git_experiment,"Unaccepted contour/angle experiment, code and comparison evidence",
Live2D/model-ren-asagiri/model/head_angles/runtime/Ren_front.2048/texture_00.png,2950970,1790385128791410100,846be881fc3ee75bd68c6b7af572e83674e7b740acb2146367238d8b57700c32,git_experiment,"Unaccepted contour/angle experiment, code and comparison evidence",
Live2D/model-ren-asagiri/model/head_angles/single_endpoint/finalize_validation.py,5514,1790396072111379800,387d2259399b3d72d95600a4a234a54a79dc6e47587f6e59962ba4fd95c8f0b5,git_experiment,"Unaccepted contour/angle experiment, code and comparison evidence",
Live2D/model-ren-asagiri/model/head_angles/single_endpoint/input_snapshot.json,855,1790388565318929500,66b5910bda742ae27a8acba7a349948db2d151b0d0ef8737d307c8132bd0ebb9,git_experiment,"Unaccepted contour/angle experiment, code and comparison evidence",
Live2D/model-ren-asagiri/model/head_angles/single_endpoint/make_review_sheet.py,1382,1790390729314207600,f8d9efab90d80dc9f866e5baa2270ec54b3ce39963e0fc8da5cb857286f089bd,git_experiment,"Unaccepted contour/angle experiment, code and comparison evidence",
Live2D/model-ren-asagiri/model/head_angles/single_endpoint/outline_retrace_status.json,7439,1790410410825506800,8da47d547077efd270b07fa6adcfe02a0b6d455d0b98ecd47ddb9c09aa095197,git_experiment,"Unaccepted contour/angle experiment, code and comparison evidence",
Live2D/model-ren-asagiri/model/head_angles/single_endpoint/preservation_report.json,6357,1790395284151451400,f4a8ef2d860a95de11dc81706db505a0024f7a5a40421c7a711b7b2191d1b348,git_experiment,"Unaccepted contour/angle experiment, code and comparison evidence",
Live2D/model-ren-asagiri/model/head_angles/single_endpoint/README.md,6922,1790410410816509200,8ad933f43819cce823c1011599b471b84cd1784163e7d284ad2515867c9d0071,git_experiment,"Unaccepted contour/angle experiment, code and comparison evidence",
Live2D/model-ren-asagiri/model/head_angles/single_endpoint/render_face_underfill_contour_check.py,12102,1790390071771441300,d82093628c9eb59041b41a1a36e0ed52beb251157ab6d40f4e817bb45f0f63c2,git_experiment,"Unaccepted contour/angle experiment, code and comparison evidence",
Live2D/model-ren-asagiri/model/head_angles/single_endpoint/Ren_face_endpoint.cmo3,13540527,1790410014035482000,c0129317f65bb389d6a9a229f35a6ccb7f881072d38df07c053433f9f8a3a41c,git_experiment,"Unaccepted contour/angle experiment, code and comparison evidence",
Live2D/model-ren-asagiri/model/head_angles/single_endpoint/test_report.md,8616,1790410410820506500,cab506e177ac7b29bd5ed69385fada0d14cb3172d85372d9328dfe29649ba574,git_experiment,"Unaccepted contour/angle experiment, code and comparison evidence",
Live2D/model-ren-asagiri/model/head_angles/single_endpoint/verification.json,4275,1790396200762161600,e04e39fe16839e4ea50deb2900ce15820c13c957eaf478282470576ebb50db50,git_experiment,"Unaccepted contour/angle experiment, code and comparison evidence",
Live2D/model-ren-asagiri/model/head_angles/single_endpoint/verify_preservation.py,5134,1790390413042686700,044c1e7a41cf7fa539ec311ab88fe9a102ef284915a154bd105ccabd8c3a19da,git_experiment,"Unaccepted contour/angle experiment, code and comparison evidence",
Live2D/model-ren-asagiri/model/head_angles/single_endpoint/verify_refined_poses.py,11528,1790395774098262000,3c836bd6881f75970dc1bfc082732c37bd5dfa9102394590df2a7658e3501d70,git_experiment,"Unaccepted contour/angle experiment, code and comparison evidence",
Live2D/model-ren-asagiri/model/head_angles/single_endpoint/verify_whole_head_poses.py,11821,1790407385855050700,98c33225d3bd71d81f401956980f5c05fd7cdfdc13bd1d1fe9d82d3e06ad71e3,git_experiment,"Unaccepted contour/angle experiment, code and comparison evidence",
Live2D/model-ren-asagiri/model/head_angles/single_endpoint/archive/before_mesh_refinement_20260926/preservation_report.json,6298,1790390420748878700,b2374a7a6b3f5f8eddda45eea71d24357cfc0fa2811c49e0a1dd6a4f0294bbf1,local_archive,Historical archive excluded by default; no deletion,
Live2D/model-ren-asagiri/model/head_angles/single_endpoint/archive/before_mesh_refinement_20260926/README.md,3774,1790390878043765800,6baaba2b468ba5a87d700af3a6b8e957a80e9db584213af9f0e5cbbd27175b26,git_experiment,Rollback or runtime dependency for retained failure evidence; not accepted production,
Live2D/model-ren-asagiri/model/head_angles/single_endpoint/archive/before_mesh_refinement_20260926/Ren_face_endpoint.cmo3,11182983,1790390024088144200,0869f8d9ab135174cc5f2af59d5fef188aa30e7cbdeb5a8ebadefafedb7dbe28,git_experiment,Rollback or runtime dependency for retained failure evidence; not accepted production,
Live2D/model-ren-asagiri/model/head_angles/single_endpoint/archive/before_mesh_refinement_20260926/test_report.md,4013,1790390956135935400,0c2f5a845601b132c2e853f91510a0b2c839b9cef613ad5c54c5c37a43f36568,local_archive,Historical archive excluded by default; no deletion,
Live2D/model-ren-asagiri/model/head_angles/single_endpoint/archive/before_mesh_refinement_20260926/verification.json,2068,1790390957832533700,a1aeccf2382ae8fcf408f9c51b7c1fb499c8fcdef9727495126dfc3823cbc80f,git_experiment,Rollback or runtime dependency for retained failure evidence; not accepted production,
Live2D/model-ren-asagiri/model/head_angles/single_endpoint/archive/before_mesh_refinement_20260926/contour_check/face_underfill_alpha_target_overlay_2000x3000.png,63924,1790390082559204100,e091deb311f6c84dea333b92737ebdbf3b4f8228c53bc61b7b43a9b1d66c5718,local_archive,Historical archive excluded by default; no deletion,
Live2D/model-ren-asagiri/model/head_angles/single_endpoint/archive/before_mesh_refinement_20260926/contour_check/face_underfill_contour_comparison_3up.png,257051,1790390082579712200,75ce3b9257932debd34b317bfe468892e45fbfa66b324f01c47cec66efec76b8,local_archive,Historical archive excluded by default; no deletion,
Live2D/model-ren-asagiri/model/head_angles/single_endpoint/archive/before_mesh_refinement_20260926/contour_check/face_underfill_contour_measurement.json,12780,1790390082581711300,c4e7f007437de6896b8eb682d75af5da00825814df87630081ed3b3a0c1edebe,local_archive,Historical archive excluded by default; no deletion,
Live2D/model-ren-asagiri/model/head_angles/single_endpoint/archive/before_mesh_refinement_20260926/contour_check/face_underfill_render_2000x3000_review.png,64980,1790390082415803500,2038d497a93342f15b4686972ed166e4589c33a5efe7bc9c9ed6243abf940edb,local_archive,Historical archive excluded by default; no deletion,
Live2D/model-ren-asagiri/model/head_angles/single_endpoint/archive/before_mesh_refinement_20260926/contour_check/face_underfill_render_2000x3000_rgba.png,72620,1790390082246806400,1e0afced9f1cebb5787956221e3782ae0eaa6957c815f3addc59ee1401e0b8be,local_archive,Historical archive excluded by default; no deletion,
Live2D/model-ren-asagiri/model/head_angles/single_endpoint/archive/before_mesh_refinement_20260926/contour_check/source_reference_2000x3000_review.png,335543,1790390082490074900,cfa952327fde7ec063793b6c18eb743a0735fc6d3583625dea19b8005f73cff2,local_archive,Historical archive excluded by default; no deletion,
Live2D/model-ren-asagiri/model/head_angles/single_endpoint/archive/before_mesh_refinement_20260926/contour_check/initial_contour_check/face_underfill_alpha_target_overlay_2000x3000.png,64183,1790389857786459300,c10e6ffd418a6762901fa236cfe72d62eb89defb230ed3b75e631bbeea3086f7,local_archive,Historical archive excluded by default; no deletion,
Live2D/model-ren-asagiri/model/head_angles/single_endpoint/archive/before_mesh_refinement_20260926/contour_check/initial_contour_check/face_underfill_contour_comparison_3up.png,257483,1790389857809963200,914d3119e6a9f7e54426e9ceee18510f3a135d0c64ad1bb555f3a7c86d041795,local_archive,Historical archive excluded by default; no deletion,
Live2D/model-ren-asagiri/model/head_angles/single_endpoint/archive/before_mesh_refinement_20260926/contour_check/initial_contour_check/face_underfill_contour_measurement.json,12536,1790389857810963700,f251b7b0f79c0ec03c42ee8ec8134a7c1a6760004e8304294e5c08ec988ed534,local_archive,Historical archive excluded by default; no deletion,
Live2D/model-ren-asagiri/model/head_angles/single_endpoint/archive/before_mesh_refinement_20260926/contour_check/initial_contour_check/face_underfill_render_2000x3000_review.png,65312,1790389857625168600,a025894d65682636537036aeb2ca61e497f947bd9dd99c919f17b21f659aa0f2,local_archive,Historical archive excluded by default; no deletion,
Live2D/model-ren-asagiri/model/head_angles/single_endpoint/archive/before_mesh_refinement_20260926/contour_check/initial_contour_check/face_underfill_render_2000x3000_rgba.png,73163,1790389857431056000,713bb8370cd4174ca12e613abd4f3b6de17dfa1699648f19ac1f8a156a4e2d23,local_archive,Historical archive excluded by default; no deletion,
Live2D/model-ren-asagiri/model/head_angles/single_endpoint/archive/before_mesh_refinement_20260926/contour_check/initial_contour_check/source_reference_2000x3000_review.png,335543,1790389857704947400,cfa952327fde7ec063793b6c18eb743a0735fc6d3583625dea19b8005f73cff2,local_archive,Historical archive excluded by default; no deletion,
Live2D/model-ren-asagiri/model/head_angles/single_endpoint/archive/before_mesh_refinement_20260926/face_runtime/Ren_face_endpoint.cdi3.json,2437,1790389983848957700,818d6ee1d367f96cf5c8bfb2704f4e2fc83e9849c03f4d043bfb377a43de2394,git_experiment,Rollback or runtime dependency for retained failure evidence; not accepted production,
Live2D/model-ren-asagiri/model/head_angles/single_endpoint/archive/before_mesh_refinement_20260926/face_runtime/Ren_face_endpoint.moc3,37312,1790389983846957600,c5d9f0fdf30a99a4d00e148e1573d4da478db5c00cd6bb9cb6c57c00d24b60b1,git_experiment,Rollback or runtime dependency for retained failure evidence; not accepted production,
Live2D/model-ren-asagiri/model/head_angles/single_endpoint/archive/before_mesh_refinement_20260926/face_runtime/Ren_face_endpoint.model3.json,323,1790389983848957700,2cd7bf61b8a91a8f5771f9a350697c9574bafa8231b11d992deae54722f1c968,git_experiment,Rollback or runtime dependency for retained failure evidence; not accepted production,
Live2D/model-ren-asagiri/model/head_angles/single_endpoint/archive/before_mesh_refinement_20260926/face_runtime/Ren_face_endpoint.physics3.json,3349,1790389983848957700,0d91c3647cce05513d27ee5c20c12c25e838a67a7255263ca6bb25d1a6b84df9,git_experiment,Rollback or runtime dependency for retained failure evidence; not accepted production,
Live2D/model-ren-asagiri/model/head_angles/single_endpoint/archive/before_mesh_refinement_20260926/face_runtime/Ren_face_endpoint.2048/texture_00.png,2950970,1790389983847957800,846be881fc3ee75bd68c6b7af572e83674e7b740acb2146367238d8b57700c32,git_experiment,Rollback or runtime dependency for retained failure evidence; not accepted production,
Live2D/model-ren-asagiri/model/head_angles/single_endpoint/archive/before_mesh_refinement_20260926/preview/baseline_endpoint.png,160263,1790390420631337200,f2d6f1e6e8b497ef58805181c6f210a814eeffc215d7a6693ff1fb9b425827c9,local_archive,Historical archive excluded by default; no deletion,
Live2D/model-ren-asagiri/model/head_angles/single_endpoint/archive/before_mesh_refinement_20260926/preview/candidate_endpoint_assembly_unadjusted.png,160931,1790390420740876300,dfece109634c5b793a9fb683812866ff6481ed2650eeee3b8cf78849320dae28,local_archive,Historical archive excluded by default; no deletion,
Live2D/model-ren-asagiri/model/head_angles/single_endpoint/archive/before_mesh_refinement_20260926/preview/front_nod_preservation.png,546615,1790390420803389500,331698253743c85b2163ab22455c57df8002068c55bc59836c1302416c30a005,local_archive,Historical archive excluded by default; no deletion,
Live2D/model-ren-asagiri/model/head_angles/single_endpoint/archive/before_mesh_refinement_20260926/preview/single_endpoint_contour_review.png,287812,1790390731071586100,68fdc14f8929e2a294601e4770d0a04bc1c50713cd0064a4f81d9b3a7c5183fe,local_archive,Historical archive excluded by default; no deletion,
Live2D/model-ren-asagiri/model/head_angles/single_endpoint/archive/before_mesh_refinement_20260926/runtime/Ren_face_endpoint.cdi3.json,2437,1790390077338995200,818d6ee1d367f96cf5c8bfb2704f4e2fc83e9849c03f4d043bfb377a43de2394,git_experiment,Rollback or runtime dependency for retained failure evidence; not accepted production,
Live2D/model-ren-asagiri/model/head_angles/single_endpoint/archive/before_mesh_refinement_20260926/runtime/Ren_face_endpoint.moc3,119168,1790390077336995200,2e6ad65bf4541487f51f834804ca21af7a23406a9e389265029eab92f129610c,git_experiment,Rollback or runtime dependency for retained failure evidence; not accepted production,
Live2D/model-ren-asagiri/model/head_angles/single_endpoint/archive/before_mesh_refinement_20260926/runtime/Ren_face_endpoint.model3.json,323,1790390077338995200,2cd7bf61b8a91a8f5771f9a350697c9574bafa8231b11d992deae54722f1c968,git_experiment,Rollback or runtime dependency for retained failure evidence; not accepted production,
Live2D/model-ren-asagiri/model/head_angles/single_endpoint/archive/before_mesh_refinement_20260926/runtime/Ren_face_endpoint.physics3.json,3349,1790390077338995200,0d91c3647cce05513d27ee5c20c12c25e838a67a7255263ca6bb25d1a6b84df9,git_experiment,Rollback or runtime dependency for retained failure evidence; not accepted production,
Live2D/model-ren-asagiri/model/head_angles/single_endpoint/archive/before_mesh_refinement_20260926/runtime/Ren_face_endpoint.2048/texture_00.png,2950970,1790390077337995400,846be881fc3ee75bd68c6b7af572e83674e7b740acb2146367238d8b57700c32,git_experiment,Rollback or runtime dependency for retained failure evidence; not accepted production,
Live2D/model-ren-asagiri/model/head_angles/single_endpoint/archive/before_whole_head_outline_20260926/README.md,4335,1790396179664344200,201f3daa1f7668ad32998ee72c756088c7208b2dbe4d2e285e6f7a7b36177898,git_experiment,Rollback or runtime dependency for retained failure evidence; not accepted production,
Live2D/model-ren-asagiri/model/head_angles/single_endpoint/archive/before_whole_head_outline_20260926/Ren_face_endpoint.cmo3,12503070,1790395259824397900,f6d57737c12a22765bf22f2f352376f037854d5d97831e3d71332294fe27f360,git_experiment,Rollback or runtime dependency for retained failure evidence; not accepted production,
Live2D/model-ren-asagiri/model/head_angles/single_endpoint/archive/before_whole_head_outline_20260926/test_report.md,5867,1790396179664344200,5afa2d6eea6ab417fa5b2d9029a26fb26edc26ce37b497748483d547fd67c8a2,local_archive,Historical archive excluded by default; no deletion,
Live2D/model-ren-asagiri/model/head_angles/single_endpoint/archive/before_whole_head_outline_20260926/verification.json,4275,1790396200762161600,e04e39fe16839e4ea50deb2900ce15820c13c957eaf478282470576ebb50db50,git_experiment,Rollback or runtime dependency for retained failure evidence; not accepted production,
Live2D/model-ren-asagiri/model/head_angles/single_endpoint/archive/before_whole_head_outline_20260926/face_runtime/Ren_face_endpoint.cdi3.json,2515,1790394631321660600,1a955f667889e826e5917b8cb21e248d5331c51c2327a127b579318151708657,git_experiment,Rollback or runtime dependency for retained failure evidence; not accepted production,
Live2D/model-ren-asagiri/model/head_angles/single_endpoint/archive/before_whole_head_outline_20260926/face_runtime/Ren_face_endpoint.moc3,40064,1790394631319151500,c9bbb6c84fd8575535182f80bfa7145e00129d244822bcfe503bc3f23b8bf527,git_experiment,Rollback or runtime dependency for retained failure evidence; not accepted production,
Live2D/model-ren-asagiri/model/head_angles/single_endpoint/archive/before_whole_head_outline_20260926/face_runtime/Ren_face_endpoint.model3.json,323,1790394631321660600,2cd7bf61b8a91a8f5771f9a350697c9574bafa8231b11d992deae54722f1c968,git_experiment,Rollback or runtime dependency for retained failure evidence; not accepted production,
Live2D/model-ren-asagiri/model/head_angles/single_endpoint/archive/before_whole_head_outline_20260926/face_runtime/Ren_face_endpoint.physics3.json,3349,1790394631321660600,0d91c3647cce05513d27ee5c20c12c25e838a67a7255263ca6bb25d1a6b84df9,git_experiment,Rollback or runtime dependency for retained failure evidence; not accepted production,
Live2D/model-ren-asagiri/model/head_angles/single_endpoint/archive/before_whole_head_outline_20260926/face_runtime/Ren_face_endpoint.2048/texture_00.png,2950970,1790394631321660600,846be881fc3ee75bd68c6b7af572e83674e7b740acb2146367238d8b57700c32,git_experiment,Rollback or runtime dependency for retained failure evidence; not accepted production,
Live2D/model-ren-asagiri/model/head_angles/single_endpoint/archive/before_whole_head_outline_20260926/runtime/Ren_face_endpoint.cdi3.json,2515,1790395193727374700,1a955f667889e826e5917b8cb21e248d5331c51c2327a127b579318151708657,git_experiment,Rollback or runtime dependency for retained failure evidence; not accepted production,
Live2D/model-ren-asagiri/model/head_angles/single_endpoint/archive/before_whole_head_outline_20260926/runtime/Ren_face_endpoint.moc3,121408,1790395193725373100,50c1332b7c9d404836e3f115c3a90557c64dc9c1591aa52931ce8a66092861e3,git_experiment,Rollback or runtime dependency for retained failure evidence; not accepted production,
Live2D/model-ren-asagiri/model/head_angles/single_endpoint/archive/before_whole_head_outline_20260926/runtime/Ren_face_endpoint.model3.json,323,1790395193727374700,2cd7bf61b8a91a8f5771f9a350697c9574bafa8231b11d992deae54722f1c968,git_experiment,Rollback or runtime dependency for retained failure evidence; not accepted production,
Live2D/model-ren-asagiri/model/head_angles/single_endpoint/archive/before_whole_head_outline_20260926/runtime/Ren_face_endpoint.physics3.json,3349,1790395193727374700,0d91c3647cce05513d27ee5c20c12c25e838a67a7255263ca6bb25d1a6b84df9,git_experiment,Rollback or runtime dependency for retained failure evidence; not accepted production,
Live2D/model-ren-asagiri/model/head_angles/single_endpoint/archive/before_whole_head_outline_20260926/runtime/Ren_face_endpoint.2048/texture_00.png,2950970,1790395193726374800,846be881fc3ee75bd68c6b7af572e83674e7b740acb2146367238d8b57700c32,git_experiment,Rollback or runtime dependency for retained failure evidence; not accepted production,
Live2D/model-ren-asagiri/model/head_angles/single_endpoint/baseline_runtime/Ren_front.cdi3.json,2354,1790338064393500500,795fe649836f904747d00d1d470a0b31779d0d93ea949a9c29bfbdda056c44c1,git_experiment,"Unaccepted contour/angle experiment, code and comparison evidence",
Live2D/model-ren-asagiri/model/head_angles/single_endpoint/baseline_runtime/Ren_front.moc3,113728,1790338064390494600,3e9af4352dbe2fad02115fab69a241eea29f8ad006abb97fcb320e0705dfffa9,git_experiment,"Unaccepted contour/angle experiment, code and comparison evidence",
Live2D/model-ren-asagiri/model/head_angles/single_endpoint/baseline_runtime/Ren_front.model3.json,291,1790338064393500500,16921c6c2d69ceee1f2fb29bf27e78bafe7534d9f4fc9a84eda98409ed6af640,git_experiment,"Unaccepted contour/angle experiment, code and comparison evidence",
Live2D/model-ren-asagiri/model/head_angles/single_endpoint/baseline_runtime/Ren_front.physics3.json,3349,1790338064393500500,0d91c3647cce05513d27ee5c20c12c25e838a67a7255263ca6bb25d1a6b84df9,git_experiment,"Unaccepted contour/angle experiment, code and comparison evidence",
Live2D/model-ren-asagiri/model/head_angles/single_endpoint/baseline_runtime/Ren_front.2048/texture_00.png,2950970,1790338064392502100,846be881fc3ee75bd68c6b7af572e83674e7b740acb2146367238d8b57700c32,git_experiment,"Unaccepted contour/angle experiment, code and comparison evidence",
Live2D/model-ren-asagiri/model/head_angles/single_endpoint/contour_check/face_underfill_alpha_target_overlay_2000x3000.png,64750,1790393995069411600,01dc8e74bbdba95f0a953de8f87538362577aa615059ddf1dd2e14f28c20b7e3,git_experiment,"Unaccepted contour/angle experiment, code and comparison evidence",
Live2D/model-ren-asagiri/model/head_angles/single_endpoint/contour_check/face_underfill_contour_comparison_3up.png,257469,1790393995092384900,7010d21efaad012de3b0c12204b6259671edaf70761c4ad69d19b13ba09bbcd0,git_experiment,"Unaccepted contour/angle experiment, code and comparison evidence",
Live2D/model-ren-asagiri/model/head_angles/single_endpoint/contour_check/face_underfill_contour_measurement.json,12784,1790393995093386400,7ee1d923551173a1c83a3c63440d3618a4a9bdfa931917ccf356f5c263dd5441,git_experiment,"Unaccepted contour/angle experiment, code and comparison evidence",
Live2D/model-ren-asagiri/model/head_angles/single_endpoint/contour_check/face_underfill_render_2000x3000_review.png,65501,1790393994924370400,b9b855905d17e5df8d87ac3d5c1d1ff182c33370223be5e5cd01e0e545c883b2,git_experiment,"Unaccepted contour/angle experiment, code and comparison evidence",
Live2D/model-ren-asagiri/model/head_angles/single_endpoint/contour_check/face_underfill_render_2000x3000_rgba.png,73322,1790393994737202100,e312428bb55bba833612a5b4b7c157d6c32635e9c9959497f0a45b496c4676f3,git_experiment,"Unaccepted contour/angle experiment, code and comparison evidence",
Live2D/model-ren-asagiri/model/head_angles/single_endpoint/contour_check/source_reference_2000x3000_review.png,335543,1790393994999880700,cfa952327fde7ec063793b6c18eb743a0735fc6d3583625dea19b8005f73cff2,git_experiment,"Unaccepted contour/angle experiment, code and comparison evidence",
Live2D/model-ren-asagiri/model/head_angles/single_endpoint/contour_check/initial_contour_check/face_underfill_alpha_target_overlay_2000x3000.png,64183,1790389857786459300,c10e6ffd418a6762901fa236cfe72d62eb89defb230ed3b75e631bbeea3086f7,git_experiment,"Unaccepted contour/angle experiment, code and comparison evidence",
Live2D/model-ren-asagiri/model/head_angles/single_endpoint/contour_check/initial_contour_check/face_underfill_contour_comparison_3up.png,257483,1790389857809963200,914d3119e6a9f7e54426e9ceee18510f3a135d0c64ad1bb555f3a7c86d041795,git_experiment,"Unaccepted contour/angle experiment, code and comparison evidence",
Live2D/model-ren-asagiri/model/head_angles/single_endpoint/contour_check/initial_contour_check/face_underfill_contour_measurement.json,12536,1790389857810963700,f251b7b0f79c0ec03c42ee8ec8134a7c1a6760004e8304294e5c08ec988ed534,git_experiment,"Unaccepted contour/angle experiment, code and comparison evidence",
Live2D/model-ren-asagiri/model/head_angles/single_endpoint/contour_check/initial_contour_check/face_underfill_render_2000x3000_review.png,65312,1790389857625168600,a025894d65682636537036aeb2ca61e497f947bd9dd99c919f17b21f659aa0f2,git_experiment,"Unaccepted contour/angle experiment, code and comparison evidence",
Live2D/model-ren-asagiri/model/head_angles/single_endpoint/contour_check/initial_contour_check/face_underfill_render_2000x3000_rgba.png,73163,1790389857431056000,713bb8370cd4174ca12e613abd4f3b6de17dfa1699648f19ac1f8a156a4e2d23,git_experiment,"Unaccepted contour/angle experiment, code and comparison evidence",
Live2D/model-ren-asagiri/model/head_angles/single_endpoint/contour_check/initial_contour_check/source_reference_2000x3000_review.png,335543,1790389857704947400,cfa952327fde7ec063793b6c18eb743a0735fc6d3583625dea19b8005f73cff2,git_experiment,"Unaccepted contour/angle experiment, code and comparison evidence",
Live2D/model-ren-asagiri/model/head_angles/single_endpoint/dense_contour_check/audit_mesh_refinement.py,8782,1790395662536551100,b91be22293b1593f2b91f4e1023330c661e2a94ee388b4fd7131c46d8d1b06f7,git_experiment,"Unaccepted contour/angle experiment, code and comparison evidence",
Live2D/model-ren-asagiri/model/head_angles/single_endpoint/dense_contour_check/build_dense_contour_audit.py,10503,1790392194331354100,525544cdd31aed1a36b477737f635354a223b73e3305c8c661fc87aa6a63ad39,git_experiment,"Unaccepted contour/angle experiment, code and comparison evidence",
Live2D/model-ren-asagiri/model/head_angles/single_endpoint/dense_contour_check/build_dense_contour_reference_psd.js,7694,1790392318803337900,63a6c7d95a2cfddfca5c287d513ccd4f222863e7a5d1f9b5d5a454c0a1a0d5a3,git_experiment,"Unaccepted contour/angle experiment, code and comparison evidence",
Live2D/model-ren-asagiri/model/head_angles/single_endpoint/dense_contour_check/cheek_jaw_comparison_ja.png,407526,1790394920986301500,8043dfda470df2ed11b7353864a57b0b8b853e0a666e8c68b812ea724ae3b495,git_experiment,"Unaccepted contour/angle experiment, code and comparison evidence",
Live2D/model-ren-asagiri/model/head_angles/single_endpoint/dense_contour_check/dense_after_bareface_2000x3000.png,65020,1790395776748966600,8738def83057ce8b9c3e6412588d9f6d0fa6b869fb834c17a6f0242b72a31729,git_experiment,"Unaccepted contour/angle experiment, code and comparison evidence",
Live2D/model-ren-asagiri/model/head_angles/single_endpoint/dense_contour_check/dense_after_bareface_2000x3000_rgba.png,72742,1790395777082314600,563cdc3bb7d3af288c683624021b792924aa400ee4557320e5c3bc5c24c13fe5,git_experiment,"Unaccepted contour/angle experiment, code and comparison evidence",
Live2D/model-ren-asagiri/model/head_angles/single_endpoint/dense_contour_check/dense_before_after_thin_contour_overlay_2000x3000.png,62968,1790395777183522900,aaec1c21f2eeae46ffef8a960e152d93acc65ba09471d9723c101adf73e33f2e,git_experiment,"Unaccepted contour/angle experiment, code and comparison evidence",
Live2D/model-ren-asagiri/model/head_angles/single_endpoint/dense_contour_check/dense_before_bareface_2000x3000.png,64980,1790395776715967800,2038d497a93342f15b4686972ed166e4589c33a5efe7bc9c9ed6243abf940edb,git_experiment,"Unaccepted contour/angle experiment, code and comparison evidence",
Live2D/model-ren-asagiri/model/head_angles/single_endpoint/dense_contour_check/dense_before_bareface_2000x3000_rgba.png,72620,1790395776937048400,1e0afced9f1cebb5787956221e3782ae0eaa6957c815f3addc59ee1401e0b8be,git_experiment,"Unaccepted contour/angle experiment, code and comparison evidence",
Live2D/model-ren-asagiri/model/head_angles/single_endpoint/dense_contour_check/dense_contour_before_after_4up.png,271329,1790395777208525200,a455200dbd7088949313469b81da546d2fd3ede10c70fa07bc08ce6e3af9d491,git_experiment,"Unaccepted contour/angle experiment, code and comparison evidence",
Live2D/model-ren-asagiri/model/head_angles/single_endpoint/dense_contour_check/dense_contour_before_after_measurement.json,5872,1790395778137339300,a090fde8f0380af858172f896f5dd428e556167b9f72b82b8d8723e3d8073503,git_experiment,"Unaccepted contour/angle experiment, code and comparison evidence",
Live2D/model-ren-asagiri/model/head_angles/single_endpoint/dense_contour_check/dense_contour_reference_4000x6000.psd,3384392,1790392326633903700,d6fcd1491f870a763651064dcaa7786caf8da22f78fa0f86a71960207faede8e,git_experiment,"Unaccepted contour/angle experiment, code and comparison evidence",
Live2D/model-ren-asagiri/model/head_angles/single_endpoint/dense_contour_check/dense_contour_reference_psd_manifest.json,1822,1790392326736182100,ffff3d454760c25ea6b86fe3564ab71f681fe4557c922d949a87d7c7c4387415,git_experiment,"Unaccepted contour/angle experiment, code and comparison evidence",
Live2D/model-ren-asagiri/model/head_angles/single_endpoint/dense_contour_check/dense_contour_reference_psd_readback.json,1287,1790392326736182100,e16cadc6114e49b887d75bf28b684bc93724cd17974d9122a41b2d0885254f70,git_experiment,"Unaccepted contour/angle experiment, code and comparison evidence",
Live2D/model-ren-asagiri/model/head_angles/single_endpoint/dense_contour_check/dense_source_fixed_2000x3000.png,335543,1790395776793343400,cfa952327fde7ec063793b6c18eb743a0735fc6d3583625dea19b8005f73cff2,git_experiment,"Unaccepted contour/angle experiment, code and comparison evidence",
Live2D/model-ren-asagiri/model/head_angles/single_endpoint/dense_contour_check/dense_visible_contour_source_audit.png,165853,1790392204666098400,8ba14992aea81ae6e12341eb9ee472151f5c5432c9d4ea0a8ca781c963d3befa,git_experiment,"Unaccepted contour/angle experiment, code and comparison evidence",
Live2D/model-ren-asagiri/model/head_angles/single_endpoint/dense_contour_check/dense_visible_contour_target.json,21390,1790392204626508000,51d22c61426d6909646ca2535c530ec58ff79af7a93452b3dc6034840b89204e,git_experiment,"Unaccepted contour/angle experiment, code and comparison evidence",
Live2D/model-ren-asagiri/model/head_angles/single_endpoint/dense_contour_check/endpoint_edge_zoom.png,164283,1790395554840561500,267e3d1616018ea5a2f27c911c7f5c644f0ad39e5f2c2b25ca443f228b54aad3,git_experiment,"Unaccepted contour/angle experiment, code and comparison evidence",
Live2D/model-ren-asagiri/model/head_angles/single_endpoint/dense_contour_check/face_intermediate_poses_ja.png,206363,1790395794704270000,074f5892c6bf9c45dc30ec6cc0bd2a52ac75dae784eb17f1bba16ce891141f4d,git_experiment,"Unaccepted contour/angle experiment, code and comparison evidence",
Live2D/model-ren-asagiri/model/head_angles/single_endpoint/dense_contour_check/face_jaw_opening_ja.png,191393,1790395794728272000,af114e4afc3a3262227d3d0f895137f600786beb562c7214dd1b177f317b510a,git_experiment,"Unaccepted contour/angle experiment, code and comparison evidence",
Live2D/model-ren-asagiri/model/head_angles/single_endpoint/dense_contour_check/front_mouth_preservation_ja.png,638341,1790395811640398700,bc7b4c0795763cf03a03c19b417ef2be29f88004968dad7b17128985da528a86,git_experiment,"Unaccepted contour/angle experiment, code and comparison evidence",
Live2D/model-ren-asagiri/model/head_angles/single_endpoint/dense_contour_check/other_pose_remesh_differences_ja.png,121279,1790395813170482300,87039750cbe97c332a8359d73cbef6a98b3398d14d6ea96925cf33081baa8cd9,git_experiment,"Unaccepted contour/angle experiment, code and comparison evidence",
Live2D/model-ren-asagiri/model/head_angles/single_endpoint/dense_contour_check/refined_pose_checks.json,33711,1790395813177483200,d433354eeef4ba6c975504b4b22dfe8fe969b72a2aa051efc309f4393723ce8f,git_experiment,"Unaccepted contour/angle experiment, code and comparison evidence",
Live2D/model-ren-asagiri/model/head_angles/single_endpoint/dense_contour_check/render_dense_contour_before_after.py,12683,1790395662535550000,2169c858a5958a84381effc1c095d288bdb83276f1010cc8e9bff6c087dfe923,git_experiment,"Unaccepted contour/angle experiment, code and comparison evidence",
Live2D/model-ren-asagiri/model/head_angles/single_endpoint/face_runtime/Ren_face_endpoint.cdi3.json,2590,1790409325318498700,b5a3077a6fd3322e1b1550520568b6b4ba0a05b1052b4a4e9788f72dad999adc,git_experiment,"Unaccepted contour/angle experiment, code and comparison evidence",
Live2D/model-ren-asagiri/model/head_angles/single_endpoint/face_runtime/Ren_face_endpoint.moc3,40064,1790409325316498800,f0f090c96065d8e1f3bedc2323f7bf61e8ef6fcd9903492219c007fa9edeeb3b,git_experiment,"Unaccepted contour/angle experiment, code and comparison evidence",
Live2D/model-ren-asagiri/model/head_angles/single_endpoint/face_runtime/Ren_face_endpoint.model3.json,323,1790409325318498700,2cd7bf61b8a91a8f5771f9a350697c9574bafa8231b11d992deae54722f1c968,git_experiment,"Unaccepted contour/angle experiment, code and comparison evidence",
Live2D/model-ren-asagiri/model/head_angles/single_endpoint/face_runtime/Ren_face_endpoint.physics3.json,3349,1790409325318498700,0d91c3647cce05513d27ee5c20c12c25e838a67a7255263ca6bb25d1a6b84df9,git_experiment,"Unaccepted contour/angle experiment, code and comparison evidence",
Live2D/model-ren-asagiri/model/head_angles/single_endpoint/face_runtime/Ren_face_endpoint.2048/texture_00.png,2950970,1790409325317498800,846be881fc3ee75bd68c6b7af572e83674e7b740acb2146367238d8b57700c32,git_experiment,"Unaccepted contour/angle experiment, code and comparison evidence",
Live2D/model-ren-asagiri/model/head_angles/single_endpoint/guide/build_contour_guide_psd.js,10083,1790388957870857100,a83f60efbec6310694be67ffbda675d4615b7a290525da69fb3896962f74072e,git_experiment,"Unaccepted contour/angle experiment, code and comparison evidence",
Live2D/model-ren-asagiri/model/head_angles/single_endpoint/guide/build_single_endpoint_guide.py,11931,1790389146581720900,856c0f4b432daf493321e1d625a7682588a69b60b2d041e5cc11e0ff129c8838,git_experiment,"Unaccepted contour/angle experiment, code and comparison evidence",
Live2D/model-ren-asagiri/model/head_angles/single_endpoint/guide/contour_guide_psd_manifest.json,6936,1790389155657090800,0efa9caffd24cbb509b38aaaec1757f99e6eca63d621605b32068029f8b169e7,git_experiment,"Unaccepted contour/angle experiment, code and comparison evidence",
Live2D/model-ren-asagiri/model/head_angles/single_endpoint/guide/contour_guide_psd_readback.json,1261,1790389155658088400,582f538f8b5786f0883c588ab83da6f84edf05f7f0c8373c941b110c93514427,git_experiment,"Unaccepted contour/angle experiment, code and comparison evidence",
Live2D/model-ren-asagiri/model/head_angles/single_endpoint/guide/looking_down_2_contour_guide_4000x6000.psd,3395840,1790389155553041600,61867fd7b0ba1453c80b76050bcdba511a7d357445a9601590de524fb7d6646f,git_experiment,"Unaccepted contour/angle experiment, code and comparison evidence",
Live2D/model-ren-asagiri/model/head_angles/single_endpoint/guide/looking_down_2_source_landmark_guide.json,9169,1790389155033131500,a1331faf805d109c7e8331ebda40cb5dcd861a98c00a4e1f3cec8e4e95b09063,git_experiment,"Unaccepted contour/angle experiment, code and comparison evidence",
Live2D/model-ren-asagiri/model/head_angles/single_endpoint/guide/looking_down_2_source_landmark_guide.png,2228428,1790389155286687900,15caee8830e150de1ca74a3b1c29648667528c1a70902f6b02ba18333b0a7e2f,git_experiment,"Unaccepted contour/angle experiment, code and comparison evidence",
Live2D/model-ren-asagiri/model/head_angles/single_endpoint/preview/baseline_endpoint.png,160263,1790395284054195900,f2d6f1e6e8b497ef58805181c6f210a814eeffc215d7a6693ff1fb9b425827c9,git_experiment,"Unaccepted contour/angle experiment, code and comparison evidence",
Live2D/model-ren-asagiri/model/head_angles/single_endpoint/preview/candidate_endpoint_assembly_unadjusted.png,160732,1790395284143448800,bece2aba43493fefccc04e82cc29d8d37cc4e66d4a4432566f1477a49e6f0dbe,git_experiment,"Unaccepted contour/angle experiment, code and comparison evidence",
Live2D/model-ren-asagiri/model/head_angles/single_endpoint/preview/front_nod_preservation.png,552462,1790395284190863400,e230c21eba5f13aca951c14f6430fc9b1532a3e720f9e8bd6b6b67e0cb96d9f1,git_experiment,"Unaccepted contour/angle experiment, code and comparison evidence",
Live2D/model-ren-asagiri/model/head_angles/single_endpoint/preview/single_endpoint_contour_review.png,287812,1790390731071586100,68fdc14f8929e2a294601e4770d0a04bc1c50713cd0064a4f81d9b3a7c5183fe,git_experiment,"Unaccepted contour/angle experiment, code and comparison evidence",
Live2D/model-ren-asagiri/model/head_angles/single_endpoint/runtime/Ren_face_endpoint.cdi3.json,2590,1790409578772757400,b5a3077a6fd3322e1b1550520568b6b4ba0a05b1052b4a4e9788f72dad999adc,git_experiment,"Unaccepted contour/angle experiment, code and comparison evidence",
Live2D/model-ren-asagiri/model/head_angles/single_endpoint/runtime/Ren_face_endpoint.moc3,121536,1790409578770756800,30afa31da02fcc0d3733d4fa710b3a30bc7c4bad7589257c9f1649b806834601,git_experiment,"Unaccepted contour/angle experiment, code and comparison evidence",
Live2D/model-ren-asagiri/model/head_angles/single_endpoint/runtime/Ren_face_endpoint.model3.json,323,1790409578772757400,2cd7bf61b8a91a8f5771f9a350697c9574bafa8231b11d992deae54722f1c968,git_experiment,"Unaccepted contour/angle experiment, code and comparison evidence",
Live2D/model-ren-asagiri/model/head_angles/single_endpoint/runtime/Ren_face_endpoint.physics3.json,3349,1790409578771757000,0d91c3647cce05513d27ee5c20c12c25e838a67a7255263ca6bb25d1a6b84df9,git_experiment,"Unaccepted contour/angle experiment, code and comparison evidence",
Live2D/model-ren-asagiri/model/head_angles/single_endpoint/runtime/Ren_face_endpoint.2048/texture_00.png,2950970,1790409578771757000,846be881fc3ee75bd68c6b7af572e83674e7b740acb2146367238d8b57700c32,git_experiment,"Unaccepted contour/angle experiment, code and comparison evidence",
Live2D/model-ren-asagiri/model/head_angles/single_endpoint/whole_head_outline_check/baseline_bareface_2000x3000.png,65020,1790409327661138200,8738def83057ce8b9c3e6412588d9f6d0fa6b869fb834c17a6f0242b72a31729,git_experiment,"Unaccepted contour/angle experiment, code and comparison evidence",
Live2D/model-ren-asagiri/model/head_angles/single_endpoint/whole_head_outline_check/build_whole_head_guide.py,15768,1790407717057785600,640ade7214bef7f805f666286ab70130141c755a42307d6317f5be5cd5511a32,git_experiment,"Unaccepted contour/angle experiment, code and comparison evidence",
Live2D/model-ren-asagiri/model/head_angles/single_endpoint/whole_head_outline_check/build_whole_head_reference_psd.js,5088,1790407709302451500,1bae7728beccf9516a7b42d32d05864b994d571e333a202615a084c1fe039d8c,git_experiment,"Unaccepted contour/angle experiment, code and comparison evidence",
Live2D/model-ren-asagiri/model/head_angles/single_endpoint/whole_head_outline_check/current_bareface_2000x3000.png,64658,1790409327691653300,63296441038b68ef46da0c6040321f2096412701c59c49af623e8555fb1b544c,git_experiment,"Unaccepted contour/angle experiment, code and comparison evidence",
Live2D/model-ren-asagiri/model/head_angles/single_endpoint/whole_head_outline_check/current_bareface_2000x3000_rgba.png,72195,1790409327844992600,cc8b19abcca1334bd2cea023cdfe7b308a7fe1b84b41e8dd7c6202213323a9e7,git_experiment,"Unaccepted contour/angle experiment, code and comparison evidence",
Live2D/model-ren-asagiri/model/head_angles/single_endpoint/whole_head_outline_check/current_vs_whole_head_guide_overlay_2000x3000.png,60302,1790409327889358600,dd4c6f698046737b952d9f9371d8c0433255d80332a430e4b9004a89aad3033c,git_experiment,"Unaccepted contour/angle experiment, code and comparison evidence",
Live2D/model-ren-asagiri/model/head_angles/single_endpoint/whole_head_outline_check/finalize_whole_head_validation.py,10490,1790410117464845600,b03a35c76008fd22c4114fdf4e5f7f5f85d518326b578ae42306f3c28dcab1e9,git_experiment,"Unaccepted contour/angle experiment, code and comparison evidence",
Live2D/model-ren-asagiri/model/head_angles/single_endpoint/whole_head_outline_check/guide_ear_outer_magenta.png,2965,1790407723625830300,3db9a527c81f8e574d3c097dd7c7162cfe6819dc4b831b4ea64eea029bdf6da1,git_experiment,"Unaccepted contour/angle experiment, code and comparison evidence",
Live2D/model-ren-asagiri/model/head_angles/single_endpoint/whole_head_outline_check/guide_face_observed_cyan.png,4219,1790407723618812200,d0f12b8182f24c47564ea5d23da9934a3a07da3b5a18840e207a8c28463b5c60,git_experiment,"Unaccepted contour/angle experiment, code and comparison evidence",
Live2D/model-ren-asagiri/model/head_angles/single_endpoint/whole_head_outline_check/guide_provenance.json,1246,1790407723802879700,14add248b6bf1edee2f405607a0e23d6deb4a9af9d79dfeb1575679d3c10d134,git_experiment,"Unaccepted contour/angle experiment, code and comparison evidence",
Live2D/model-ren-asagiri/model/head_angles/single_endpoint/whole_head_outline_check/guide_scalp_inferred_amber_dashed.png,5182,1790407723623321600,c03bcc16e97e3d6cd29a0331f7eb87cb1ff5f47244e93b188470179bcc45a837,git_experiment,"Unaccepted contour/angle experiment, code and comparison evidence",
Live2D/model-ren-asagiri/model/head_angles/single_endpoint/whole_head_outline_check/README.md,3068,1790410291100735000,2f39a39ba58ef02b38885195ea005296c5674ca514ea875140fc359aba04ad11,git_experiment,"Unaccepted contour/angle experiment, code and comparison evidence",
Live2D/model-ren-asagiri/model/head_angles/single_endpoint/whole_head_outline_check/reference_outline_registered.png,69763,1790407723615302000,d9b5e8082f2c4ea069e623dbb28e18dee35483418bf36c222197ae5d0a3912e9,git_experiment,"Unaccepted contour/angle experiment, code and comparison evidence",
Live2D/model-ren-asagiri/model/head_angles/single_endpoint/whole_head_outline_check/reference_rough_registered.png,716711,1790407723603302100,e6df4ca3150c1cb624b12fce38b8e54598a686f97adc284ac9dc3ec24a7a1940,git_experiment,"Unaccepted contour/angle experiment, code and comparison evidence",
Live2D/model-ren-asagiri/model/head_angles/single_endpoint/whole_head_outline_check/register_source.py,7109,1790407391773538000,b1593b44ccfabdb014a9db813462d961316417c12e4af8b4889bf3fae10f02ad,git_experiment,"Unaccepted contour/angle experiment, code and comparison evidence",
Live2D/model-ren-asagiri/model/head_angles/single_endpoint/whole_head_outline_check/render_whole_head_runtime_comparison.py,13432,1790407831723941100,9e7623eb200931df753aca721c1d690d9a44e6e6f96d772cca9b364d1c84d88d,git_experiment,"Unaccepted contour/angle experiment, code and comparison evidence",
Live2D/model-ren-asagiri/model/head_angles/single_endpoint/whole_head_outline_check/source_registration_exploration.json,13625,1790407415706893900,130f2ce00fc065be2bf9e52639e850729e4847487792640146e35e8681350826,git_experiment,"Unaccepted contour/angle experiment, code and comparison evidence",
Live2D/model-ren-asagiri/model/head_angles/single_endpoint/whole_head_outline_check/test_report.md,2605,1790410309861909700,ca6f42a67873fb4a565c6661b854486a7da3fed03f5ef392eb79798b11bbd78d,git_experiment,"Unaccepted contour/angle experiment, code and comparison evidence",
Live2D/model-ren-asagiri/model/head_angles/single_endpoint/whole_head_outline_check/validation.json,20589,1790410309860908100,d821178e051dc4df093dff8dca5408fd840cf7ff4a4f23c52f95ba9c50fc1e5f,git_experiment,"Unaccepted contour/angle experiment, code and comparison evidence",
Live2D/model-ren-asagiri/model/head_angles/single_endpoint/whole_head_outline_check/whole_head_contour_target.json,193088,1790407723782873600,1db52a18978f6a7d55db701d9e6fdbb57f1d624f975912f4de9ef25370e19d50,git_experiment,"Unaccepted contour/angle experiment, code and comparison evidence",
Live2D/model-ren-asagiri/model/head_angles/single_endpoint/whole_head_outline_check/whole_head_outline_guide_4000x6000.png,138384,1790407723739362300,59bac619e816aaa61d20d5276e53fc5b0d2ff07cb05cfad2ebce8f8d3911ac3c,git_experiment,"Unaccepted contour/angle experiment, code and comparison evidence",
Live2D/model-ren-asagiri/model/head_angles/single_endpoint/whole_head_outline_check/whole_head_outline_source_audit.png,51256,1790407723775364800,61ea3821e04c2a625aef1c83274d7f040836514937a744e76f90af4377311c71,git_experiment,"Unaccepted contour/angle experiment, code and comparison evidence",
Live2D/model-ren-asagiri/model/head_angles/single_endpoint/whole_head_outline_check/whole_head_reference_4000x6000.psd,2867504,1790407729311417400,510392d83c4e98f4b462a3c2b2be548002de87cdfe2068446335cb7e865173fe,git_experiment,"Unaccepted contour/angle experiment, code and comparison evidence",
Live2D/model-ren-asagiri/model/head_angles/single_endpoint/whole_head_outline_check/whole_head_reference_psd_manifest.json,4520,1790407729417761900,4bc86bb2103dbbaa3006fe1adef0025a9cb1ada947399f2888bdf862c56caddf,git_experiment,"Unaccepted contour/angle experiment, code and comparison evidence",
Live2D/model-ren-asagiri/model/head_angles/single_endpoint/whole_head_outline_check/whole_head_reference_psd_readback.json,1571,1790407729419770000,4d3ec654736bdb01287c5d430a6d33eb43a959a9ff5d481a5e8e05e276b425f2,git_experiment,"Unaccepted contour/angle experiment, code and comparison evidence",
Live2D/model-ren-asagiri/model/head_angles/single_endpoint/whole_head_outline_check/whole_head_runtime_guide_4up.png,149739,1790409327926365300,7eb5967e541f1d2878c9be19d3e3c30ec0e4c8e6b3805de28bd924e19056e55c,git_experiment,"Unaccepted contour/angle experiment, code and comparison evidence",
Live2D/model-ren-asagiri/model/head_angles/single_endpoint/whole_head_outline_check/whole_head_runtime_measurement.json,10051,1790409328056547000,efa94ec42104e6239a6764cfe4cc02991b49277f65bbedb0a59650005d18f1e7,git_experiment,"Unaccepted contour/angle experiment, code and comparison evidence",
Live2D/model-ren-asagiri/model/head_angles/single_endpoint/whole_head_pose_check/face_intermediate_poses_ja.png,223570,1790409586137922900,9bc2fb4cf9306b309ed518832bc0a6eae39d777fa80ce4f9b27c73a3923ea60e,git_experiment,"Unaccepted contour/angle experiment, code and comparison evidence",
Live2D/model-ren-asagiri/model/head_angles/single_endpoint/whole_head_pose_check/face_jaw_opening_ja.png,189928,1790409586166427400,44cadf0c4993ace15157f3a2bce5c90eda72f2623775b1c7978219c71bd2bb6a,git_experiment,"Unaccepted contour/angle experiment, code and comparison evidence",
Live2D/model-ren-asagiri/model/head_angles/single_endpoint/whole_head_pose_check/front_mouth_preservation_ja.png,606211,1790409603514295800,028d1cae1e1bea250bf5a9c9ab399190e636b5ab58718331f7d212720c39a852,git_experiment,"Unaccepted contour/angle experiment, code and comparison evidence",
Live2D/model-ren-asagiri/model/head_angles/single_endpoint/whole_head_pose_check/other_pose_remesh_differences_ja.png,115446,1790409605086849100,e87036502c443f322d3c555b3d12877226f93b55f38a771f66ef7d708742bd2e,git_experiment,"Unaccepted contour/angle experiment, code and comparison evidence",
Live2D/model-ren-asagiri/model/head_angles/single_endpoint/whole_head_pose_check/whole_head_pose_checks.json,33262,1790409605093850400,b1189395311b9f3e146814dd4c540952c59baa59ca2efa5121dc1af8ec7aa083,git_experiment,"Unaccepted contour/angle experiment, code and comparison evidence",
Live2D/model-ren-asagiri/model/head_neck_hair/acceptance_20260925.md,2445,1790311411131854100,d9896e1b596340549c34940ea527f1e2208602541f120cc7f09033be4c965f01,git_document_or_project,"Production documentation, reusable template, or distinct voice project",
Live2D/model-ren-asagiri/model/head_neck_hair/prepare_physics.py,1786,1790247456324659500,880ab8a7f3c185c84900ef4ae969a8a21ec510809e16fed113e3b6f7751fbb5b,already_tracked,Preserve existing tracked file and user changes,
Live2D/model-ren-asagiri/model/head_neck_hair/README.md,5308,1790311411132854100,e7ad921cf5f358f09143feeaf625441cb9e728de6ed41df1489f7912214a7136,already_tracked,Preserve existing tracked file and user changes,
Live2D/model-ren-asagiri/model/head_neck_hair/render_preview.py,9061,1790248629525990800,f8128812d976ceba3803dbc6db446e01bbe2624ff790251ec53895dc056bd646,already_tracked,Preserve existing tracked file and user changes,
Live2D/model-ren-asagiri/model/head_neck_hair/Ren_front.cmo3,9843795,1790259269858463600,fb153e5d1946fe4b7bbb1f0573a7d2b3d144b8f121196c2283002601504d8b7e,already_tracked,Preserve existing tracked file and user changes,
Live2D/model-ren-asagiri/model/head_neck_hair/Ren_hair.physics3.json,4497,1790247458064858800,e4f314d16bc4ddf7297804be7f6ec05400a323a7471f1f23745fc666b3972405,already_tracked,Preserve existing tracked file and user changes,
Live2D/model-ren-asagiri/model/head_neck_hair/test_report.md,4054,1790311411133923700,73e3ef141d758099004b781f660f51436e7588981920715127dc8edf40676197,already_tracked,Preserve existing tracked file and user changes,
Live2D/model-ren-asagiri/model/head_neck_hair/verification.json,14917,1790248649762022400,c64de99f955111e90126183252b8c8fa9dbdb4e75ed7dbcbe15cb3fb05ee257c,already_tracked,Preserve existing tracked file and user changes,
Live2D/model-ren-asagiri/model/head_neck_hair/verify_delivery.py,5837,1790248629526990400,2ec51ee1904415a373d5c7c322f304c881f6feafe958e35f62782f271ad64f46,already_tracked,Preserve existing tracked file and user changes,
Live2D/model-ren-asagiri/model/head_neck_hair/preview/animation_review.jpg,697590,1790248649724510100,dbc78d95acd44f68a556c3470a6df04abb67ff5342e777729622bd2a93fbc27a,git_asset,"Source artwork, edited part, editable project, runtime dependency, or accepted review sample",
Live2D/model-ren-asagiri/model/head_neck_hair/preview/baseline_neutral.png,676516,1790248199881943800,78732f56158f69b68600c6337664a7d27e0d5dc414b1adbea144a8bae4415db3,local_generated_or_history,"Existing ignored output; retain locally, not a production source",
Live2D/model-ren-asagiri/model/head_neck_hair/preview/case_00.png,191445,1790248200010500800,6e055034cc31e6757d04c138f2ec4a0e7c851830842c198dd95f03999b95f1ce,git_asset,Direct or globbed input to retained verifier; preserve full case set,
Live2D/model-ren-asagiri/model/head_neck_hair/preview/case_01.png,191951,1790248200131107900,f4401cd55e6bc047c763c218db9d52201ff0fcc2169742bf529ebd2ad9518962,git_asset,Direct or globbed input to retained verifier; preserve full case set,
Live2D/model-ren-asagiri/model/head_neck_hair/preview/case_02.png,192365,1790248200245230700,c02d9f316c87e5063eb55e9b3cced724d13f25df57d0f9123ab712e3ed014bdd,git_asset,Direct or globbed input to retained verifier; preserve full case set,
Live2D/model-ren-asagiri/model/head_neck_hair/preview/case_03.png,193371,1790248200360237800,1870df88f43a5f50623b9495d0b06e01a93fe9026f386720bf7fc40cadb09989,git_asset,Direct or globbed input to retained verifier; preserve full case set,
Live2D/model-ren-asagiri/model/head_neck_hair/preview/case_04.png,192944,1790248200479944400,ddf90d6602a7a7713c78668f24c3b78cd98830e0fc9fd6a9d209002687efbfee,git_asset,Direct or globbed input to retained verifier; preserve full case set,
Live2D/model-ren-asagiri/model/head_neck_hair/preview/case_05.png,191220,1790248200602483800,e925568d1b8757d6213746f3db00f19214dca773e26acb700509d3a170d1ab82,git_asset,Direct or globbed input to retained verifier; preserve full case set,
Live2D/model-ren-asagiri/model/head_neck_hair/preview/case_06.png,191321,1790248200733392600,222b6e31a35310dfedca0c9533bd6219d9f79c513b919a0bde5c7895562ec335,git_asset,Direct or globbed input to retained verifier; preserve full case set,
Live2D/model-ren-asagiri/model/head_neck_hair/preview/case_07.png,191341,1790248200858671300,311a19b4a9cbb48fe6cc1765df702499f53cb4e0a288b6e992e81f5b291a3d3e,git_asset,Direct or globbed input to retained verifier; preserve full case set,
Live2D/model-ren-asagiri/model/head_neck_hair/preview/case_08.png,191478,1790248200975712800,d76ebe41285669a1994ae921ae96c882bd5f7d1c1e145b3eea3dbb17f763bcd6,git_asset,Direct or globbed input to retained verifier; preserve full case set,
Live2D/model-ren-asagiri/model/head_neck_hair/preview/case_09.png,191335,1790248201097939300,995f62c5b4e37f36f97ef007c6de4062925d8d25790387e083626afbd6497134,git_asset,Direct or globbed input to retained verifier; preserve full case set,
Live2D/model-ren-asagiri/model/head_neck_hair/preview/case_10.png,191399,1790248201231975300,956cf70917fb32e5a4f9cff52da9959ce8cd8996e8622ac446ba862f492908e6,git_asset,Direct or globbed input to retained verifier; preserve full case set,
Live2D/model-ren-asagiri/model/head_neck_hair/preview/case_11.png,188505,1790248201344082900,8d4bd972fbe8ad8e76ee7b9c1fba9e53c1adfd57c9085124734301da64952edc,git_asset,Direct or globbed input to retained verifier; preserve full case set,
Live2D/model-ren-asagiri/model/head_neck_hair/preview/case_12.png,194186,1790248201456721600,7e604ec5ed0261cbcfe1fdfcb060c914fe03daaf4b6c8119bb8f777c1220b30d,git_asset,Direct or globbed input to retained verifier; preserve full case set,
Live2D/model-ren-asagiri/model/head_neck_hair/preview/case_13.png,192422,1790248201567707100,1c18bfd88f7b871025a80dac74bf0302dd37c9f7df419e53bacb9944338479e5,git_asset,Direct or globbed input to retained verifier; preserve full case set,
Live2D/model-ren-asagiri/model/head_neck_hair/preview/head_neck_hair_review.jpg,744738,1790248201625223000,9c70f1fdbd73b7e05af90bc976e2c6f0548d2db1cc19ee9ab80a76cdd23826a3,git_asset,"Source artwork, edited part, editable project, runtime dependency, or accepted review sample",
Live2D/model-ren-asagiri/model/head_neck_hair/preview/jaw_neck_detail.jpg,171552,1790248649755021000,591838c4edf77039ef808e72c3b45af80248b76fb7f70203b523044ce9b2a98a,git_asset,"Source artwork, edited part, editable project, runtime dependency, or accepted review sample",
Live2D/model-ren-asagiri/model/head_neck_hair/preview/neutral_comparison.jpg,107169,1790248201631225400,b163fa7e9f4cb303c72b6568f712fa9bda120893e8d06a725afcf50f03fa5ed0,git_asset,"Source artwork, edited part, editable project, runtime dependency, or accepted review sample",
Live2D/model-ren-asagiri/model/head_neck_hair/preview/neutral_full.png,676518,1790248199769572500,f5ba4d0ec6c1912d1775d329ad7687bd29e649637372d6da9680eaf0508e7424,git_asset,"Source artwork, edited part, editable project, runtime dependency, or accepted review sample",
Live2D/model-ren-asagiri/model/head_neck_hair/preview/parameter_curve.json,151663,1790248231556228900,adde3d4fa26a8062b48a2010533dd4420a3b85c3327e5a9cdf2eb9498f86691d,already_tracked,Preserve existing tracked file and user changes,
Live2D/model-ren-asagiri/model/head_neck_hair/preview/Ren_head_neck_hair.gif,8925686,1790248632748657800,590fe989ce477feb4ec81f353c9cc42c0e7d9f929ffdc7191715e778eb1f51f2,git_asset,"Source artwork, edited part, editable project, runtime dependency, or accepted review sample",
Live2D/model-ren-asagiri/model/head_neck_hair/preview/Ren_head_neck_hair.mp4,686595,1790248224524491800,5d063d5e9eef4d065921ef67b22b83d08f752270d4a4fd9af9923633ce4c1a94,git_asset,"Source artwork, edited part, editable project, runtime dependency, or accepted review sample",
Live2D/model-ren-asagiri/model/head_neck_hair/preview/verification.json,8335,1790248231556228900,b1d4769d3e918f828202365d4e8082ac4b2637f79c6fedc0afba81c9a7060a9f,already_tracked,Preserve existing tracked file and user changes,
Live2D/model-ren-asagiri/model/head_neck_hair/preview/video_frame_000.png,151487,1790248589580065600,6821070646609212d9b49081b24bddb78f4f887d5297939ca6da52e7ca181859,archive_generated_frame,Re-renderable individual frame; keep contact sheets and motion samples,Live2D/archive/20260928-generated-previews/model-ren-asagiri/model/head_neck_hair/preview/video_frame_000.png
Live2D/model-ren-asagiri/model/head_neck_hair/preview/video_frame_290.png,162263,1790248589642621300,ac463bcb220214517675adea76237856e7733dd0fd73d23d092184d6d13afa73,archive_generated_frame,Re-renderable individual frame; keep contact sheets and motion samples,Live2D/archive/20260928-generated-previews/model-ren-asagiri/model/head_neck_hair/preview/video_frame_290.png
Live2D/model-ren-asagiri/model/head_neck_hair/runtime/Ren_front.cdi3.json,2354,1790247957195475700,795fe649836f904747d00d1d470a0b31779d0d93ea949a9c29bfbdda056c44c1,already_tracked,Preserve existing tracked file and user changes,
Live2D/model-ren-asagiri/model/head_neck_hair/runtime/Ren_front.moc3,100416,1790247957192474900,d71d8927ad0bbc240bbf67e3fc1c8bb2564b314848b755f9ef56524e0b16bf54,already_tracked,Preserve existing tracked file and user changes,
Live2D/model-ren-asagiri/model/head_neck_hair/runtime/Ren_front.model3.json,291,1790247957195475700,16921c6c2d69ceee1f2fb29bf27e78bafe7534d9f4fc9a84eda98409ed6af640,already_tracked,Preserve existing tracked file and user changes,
Live2D/model-ren-asagiri/model/head_neck_hair/runtime/Ren_front.physics3.json,3349,1790247957194474800,0d91c3647cce05513d27ee5c20c12c25e838a67a7255263ca6bb25d1a6b84df9,already_tracked,Preserve existing tracked file and user changes,
Live2D/model-ren-asagiri/model/head_neck_hair/runtime/Ren_front.2048/texture_00.png,2950970,1790247957193475000,846be881fc3ee75bd68c6b7af572e83674e7b740acb2146367238d8b57700c32,git_asset,"Source artwork, edited part, editable project, runtime dependency, or accepted review sample",
Live2D/model-ren-asagiri/model/parts_v001/Ren_back_parts_v001.cmo3,10606487,1789962619144102400,f2b52bf3c8cf8119cc92402ee752097c206dc299a5f118ba49efec1c0780cf9d,already_tracked,Preserve existing tracked file and user changes,
Live2D/model-ren-asagiri/model/parts_v001/Ren_front_parts_v001.cmo3,7255857,1789999041816995100,2be29c44ddd3f5164cb8858be6139b881f751afe7b9bb5a1c46774c297bacd79,already_tracked,Preserve existing tracked file and user changes,
Live2D/presets/human_motion_v1.json,3273,1789608506850535100,e7be3c727b841b5a839199dae40643d3994663ffbf6d64d1cb4c373d8092d689,already_tracked,Preserve existing tracked file and user changes,
Live2D/presets/japanese_speech_breath_v1.json,1713,1789608506849535600,27b2ae2897da30ac477dbdb094734302e1af4559eb1f732cb49c2c5853057ab0,already_tracked,Preserve existing tracked file and user changes,
Live2D/presets/README.md,4615,1789608505102877800,bec3fb9b6589fe66edb083343020592f54b3ea923bb3615f5123c626c01ea6ab,already_tracked,Preserve existing tracked file and user changes,
Live2D/presets/risa_reference_v1.json,5888,1789608506850535100,8e90275b4b11d374352a476d059ee1d61c95260bb393e0ae338bab4ff582c00a,already_tracked,Preserve existing tracked file and user changes,
Live2D/templates/character_production_record.md,2417,1790311299503604800,bfbb9b133bea6f1ecb5897f3ed8aa4aac9fd67c3b6c87f158bb00df0c38b2170,git_document_or_project,"Production documentation, reusable template, or distinct voice project",
Live2D/voice/ren-asagiri.aisp,12184,1790314857838379400,cf015d6467955711963eac30ed4afbc6b216e6aea3f888ff5194406930da1764,git_document_or_project,"Production documentation, reusable template, or distinct voice project",
